{
	"format_version": "1.8.0",
	"animations": {
		"run": {
			"loop": true,
			"animation_length": 0.6667,
			"bones": {
				"Root": {
					"rotation": [0, 0, "0.4*ysm.head_yaw"],
					"position": {
						"0.0": [0, -0.9, 0.2],
						"0.0417": [0, -1.3, 0.01],
						"0.0833": [0, -1.2, 0.1],
						"0.125": [0, -0.86, 0.25],
						"0.1667": [0, -0.59, 0.36],
						"0.2083": [0, -0.4, 0.45],
						"0.25": [0, -0.3, 0.5],
						"0.2917": [0, -0.42, 0.4],
						"0.3333": [0, -0.9, 0.2],
						"0.375": [0, -1.3, 0.01],
						"0.4167": [0, -1.2, 0.1],
						"0.4583": [0, -0.86, 0.25],
						"0.5": [0, -0.59, 0.36],
						"0.5417": [0, -0.4, 0.45],
						"0.5833": [0, -0.3, 0.5],
						"0.625": [0, -0.42, 0.4],
						"0.6667": [0, -0.9, 0.2]
					}
				},
				"UpBody": {
					"rotation": {
						"0.0": [15.59, -16.61, -3.27],
						"0.0417": [16.48, -15.61, -3.24],
						"0.0833": [18.62, -9.82, -1.99],
						"0.125": [18.43, -4.06, -0.98],
						"0.1667": [17.86, 1.32, 0.01],
						"0.2083": [17.22, 6.34, 0.97],
						"0.25": [16.56, 10.88, 1.87],
						"0.2917": [15.96, 14.63, 2.68],
						"0.3333": [15.59, 16.61, 3.27],
						"0.375": [16.48, 15.61, 3.24],
						"0.4167": [18.62, 9.82, 1.99],
						"0.4583": [18.43, 4.06, 0.98],
						"0.5": [17.86, -1.32, -0.01],
						"0.5417": [17.22, -6.34, -0.97],
						"0.5833": [16.56, -10.88, -1.87],
						"0.625": [15.96, -14.63, -2.68],
						"0.6667": [15.59, -16.61, -3.27]
					}
				},
				"Head": {
					"rotation": {
						"0.0": [-15.25, 17.41, -0.82],
						"0.0417": [-17.46, 16.61, -0.55],
						"0.0833": [-19.35, 11.77, -0.43],
						"0.125": [-18.37, 5.19, -0.07],
						"0.1667": [-17.37, -0.92, 0.25],
						"0.2083": [-16.44, -6.54, 0.53],
						"0.25": [-15.64, -11.51, 0.75],
						"0.2917": [-15.09, -15.48, 0.89],
						"0.3333": [-15.25, -17.41, 0.82],
						"0.375": [-17.46, -16.61, 0.55],
						"0.4167": [-19.35, -11.77, 0.43],
						"0.4583": [-18.37, -5.19, 0.07],
						"0.5": [-17.37, 0.92, -0.25],
						"0.5417": [-16.44, 6.54, -0.53],
						"0.5833": [-15.64, 11.51, -0.75],
						"0.625": [-15.09, 15.48, -0.89],
						"0.6667": [-15.25, 17.41, -0.82]
					}
				},
				"RightArm": {
					"rotation": {
						"0.0": [-7.51, 18.79, -7.26],
						"0.0417": [-3.74, 18.24, -6.57],
						"0.0833": [1.3, 16.91, -4.9],
						"0.125": [6.8, 15.14, -2.66],
						"0.1667": [12.12, 13.16, -0.17],
						"0.2083": [16.7, 11.19, 2.32],
						"0.25": [20.02, 9.41, 4.56],
						"0.2917": [21.55, 8.09, 6.24],
						"0.3333": [20.68, 7.54, 6.93],
						"0.375": [17.54, 8.09, 6.24],
						"0.4167": [13.07, 9.41, 4.56],
						"0.4583": [7.88, 11.19, 2.32],
						"0.5": [2.51, 13.16, -0.17],
						"0.5417": [-2.45, 15.14, -2.66],
						"0.5833": [-6.35, 16.91, -4.9],
						"0.625": [-8.39, 18.24, -6.57],
						"0.6667": [-7.51, 18.79, -7.26]
					}
				},
				"RightForeArm": {
					"rotation": {
						"0.0": [-91, 0, 0],
						"0.0417": [-81.5, 0, 0],
						"0.0833": [-70.34, 0, 0],
						"0.125": [-58.64, 0, 0],
						"0.1667": [-47.73, 0, 0],
						"0.2083": [-39.07, 0, 0],
						"0.25": [-34.12, 0, 0],
						"0.2917": [-34.12, 0, 0],
						"0.3333": [-40, 0, 0],
						"0.375": [-50.18, 0, 0],
						"0.4167": [-61.88, 0, 0],
						"0.4583": [-73.8, 0, 0],
						"0.5": [-84.51, 0, 0],
						"0.5417": [-92.64, 0, 0],
						"0.5833": [-96.98, 0, 0],
						"0.625": [-96.62, 0, 0],
						"0.6667": [-91, 0, 0]
					}
				},
				"RightLeg": {
					"rotation": {
						"0.0": [35, 0, 0],
						"0.0417": [11.71, 0, 0],
						"0.0833": [-15, 0, 0],
						"0.125": [-24.12, 0, 0],
						"0.1667": [-31.91, 0, 0],
						"0.2083": [-38.12, 0, 0],
						"0.25": [-42.5, 0, 0],
						"0.2917": [-42.02, 0, 0],
						"0.3333": [-32.5, 0, 0],
						"0.375": [-23.31, 0, 0],
						"0.4167": [-8.91, 0, 0],
						"0.4583": [7.96, 0, 0],
						"0.5": [21.15, 0, 0],
						"0.5417": [28, 0, 0],
						"0.5833": [30, 0, 0],
						"0.625": [32.62, 0, 0],
						"0.6667": [35, 0, 0]
					}
				},
				"RightLowerLeg": {
					"rotation": {
						"0.0": [82.5, 0, 0],
						"0.0417": [105.64, 0, 0],
						"0.0833": [117.5, 0, 0],
						"0.125": [102.02, 0, 0],
						"0.1667": [75.61, 0, 0],
						"0.2083": [47.65, 0, 0],
						"0.25": [27.5, 0, 0],
						"0.2917": [13.59, 0, 0],
						"0.3333": [12.5, 0, 0],
						"0.375": [17.97, 0, 0],
						"0.4167": [25, 0, 0],
						"0.4583": [23.97, 0, 0],
						"0.5": [20.78, 0, 0],
						"0.5417": [19.08, 0, 0],
						"0.5833": [22.5, 0, 0],
						"0.625": [52.34, 0, 0],
						"0.6667": [82.5, 0, 0]
					}
				},
				"RightFoot": {
					"rotation": {
						"0.0": [22.5, 0, 0],
						"0.0417": [19.53, 0, 0],
						"0.0833": [17.5, 0, 0],
						"0.125": [19.32, 0, 0],
						"0.1667": [22.66, 0, 0],
						"0.2083": [25.29, 0, 0],
						"0.25": [25, 0, 0],
						"0.2917": [12.49, 0, 0],
						"0.3333": [-2.5, 0, 0],
						"0.375": [-13.44, 0, 0],
						"0.4167": [-15, 0, 0],
						"0.4583": [-6, 0, 0],
						"0.5": [8.59, 0, 0],
						"0.5417": [23.27, 0, 0],
						"0.5833": [32.5, 0, 0],
						"0.625": [30.47, 0, 0],
						"0.6667": [22.5, 0, 0]
					}
				},
				"Mouth2": {
					"position": [0, 0, -1]
				},
				"DownBody": {
					"position": [0, 0, 1]
				},
				"LeftLeg": {
					"rotation": {
						"0.0": [-32.5, 0, 0],
						"0.0417": [-23.31, 0, 0],
						"0.0833": [-8.91, 0, 0],
						"0.125": [7.96, 0, 0],
						"0.1667": [21.15, 0, 0],
						"0.2083": [28, 0, 0],
						"0.25": [30, 0, 0],
						"0.2917": [35.75, 0, 0],
						"0.3333": [35, 0, 0],
						"0.375": [12.03, 0, 0],
						"0.4167": [-15, 0, 0],
						"0.4583": [-24.11, 0, 0],
						"0.5": [-31.9, 0, 0],
						"0.5417": [-38.12, 0, 0],
						"0.5833": [-42.5, 0, 0],
						"0.625": [-42.02, 0, 0],
						"0.6667": [-32.5, 0, 0]
					}
				},
				"LeftLowerLeg": {
					"rotation": {
						"0.0": [12.5, 0, 0],
						"0.0417": [18.91, 0, 0],
						"0.0833": [25, 0, 0],
						"0.125": [23.96, 0, 0],
						"0.1667": [20.78, 0, 0],
						"0.2083": [19.08, 0, 0],
						"0.25": [22.5, 0, 0],
						"0.2917": [50.17, 0, 0],
						"0.3333": [82.5, 0, 0],
						"0.375": [109.38, 0, 0],
						"0.4167": [117.5, 0, 0],
						"0.4583": [102.04, 0, 0],
						"0.5": [75.63, 0, 0],
						"0.5417": [47.65, 0, 0],
						"0.5833": [27.5, 0, 0],
						"0.625": [14.38, 0, 0],
						"0.6667": [12.5, 0, 0]
					}
				},
				"LeftFoot": {
					"rotation": {
						"0.0": [-2.5, 0, 0],
						"0.0417": [-11.72, 0, 0],
						"0.0833": [-15, 0, 0],
						"0.125": [-5.99, 0, 0],
						"0.1667": [8.6, 0, 0],
						"0.2083": [23.26, 0, 0],
						"0.25": [32.5, 0, 0],
						"0.2917": [30.78, 0, 0],
						"0.3333": [22.5, 0, 0],
						"0.375": [18.91, 0, 0],
						"0.4167": [17.5, 0, 0],
						"0.4583": [19.32, 0, 0],
						"0.5": [22.66, 0, 0],
						"0.5417": [25.29, 0, 0],
						"0.5833": [25, 0, 0],
						"0.625": [11.72, 0, 0],
						"0.6667": [-2.5, 0, 0]
					}
				}
			}
		}
	}
}