{
	"format_version": "1.12.0",
	"minecraft:geometry": [
		{
			"description": {
				"identifier": "geometry.unknown",
				"texture_width": 32,
				"texture_height": 32,
				"visible_bounds_width": 2,
				"visible_bounds_height": 1.5,
				"visible_bounds_offset": [0, 0.25, 0]
			},
			"bones": [
				{
					"name": "bone",
					"pivot": [0, 0, 0],
					"cubes": [
						{
							"origin": [1, 0, -1],
							"size": [0, 2, 2],
							"uv": {
								"north": {"uv": [0, 30], "uv_size": [2, 2]},
								"east": {"uv": [2, 30], "uv_size": [2, 2]},
								"south": {"uv": [3, 30], "uv_size": [2, 2]},
								"west": {"uv": [10, 30], "uv_size": [2, 2]},
								"up": {"uv": [2, 2], "uv_size": [-2, -2]},
								"down": {"uv": [2, 2], "uv_size": [-2, -2]}
							}
						}
					]
				}
			]
		}
	]
}