{
	"format_version": "1.8.0",
	"animations": {
		"extra0": {
			"loop": true,
			"animation_length": 2.5,
			"bones": {
				"Root": {
					"rotation": {
						"0.0": [0, 0, 0],
						"0.25": [0, -90, 0],
						"0.5": [0, -180, 0],
						"0.75": [0, -270, 0],
						"1.0": [0, -360, 0],
						"1.25": [0, -450, 0],
						"1.5": [0, -540, 0],
						"1.75": [0, -630, 0],
						"2.0": [0, -720, 0],
						"2.5": [0, -720, 0]
					},
					"position": {
						"0.0": [0, 0, 0],
						"0.25": [0, 1.5, 0],
						"0.5": [0, -1.11, 0],
						"0.75": [0, 1.47, 0],
						"1.0": [0, -1.12, 0],
						"1.25": [0, 1.5, 0],
						"1.5": [0, -1.14, 0],
						"1.75": [0, 1.43, 0],
						"2.0": [0, 0, 0],
						"2.5": [0, 0, 0]
					}
				}
			}
		}
	}
}