{
	"format_version": "1.12.0",
	"minecraft:geometry": [
		{
			"description": {
				"identifier": "geometry.unknown",
				"texture_width": 128,
				"texture_height": 128,
				"visible_bounds_width": 9,
				"visible_bounds_height": 4.5,
				"visible_bounds_offset": [0, 1.75, 0]
			},
			"bones": [
				{
					"name": "Root",
					"pivot": [1.525, 23.0445, -3.74636]
				},
				{
					"name": "Sp1n2W1n",
					"parent": "Root",
					"pivot": [0.55, 13.35, -0.95]
				},
				{
					"name": "body",
					"parent": "Sp1n2W1n",
					"pivot": [0.775, 11.6535, -1.6],
					"cubes": [
						{
							"origin": [-7.623, 4.9035, -7.243],
							"size": [15.741, 15.741, 15.741],
							"uv": {
								"north": {"uv": [0, 0], "uv_size": [15.75, 15.75]},
								"east": {"uv": [0, 16], "uv_size": [15.75, 15.75]},
								"south": {"uv": [16, 0], "uv_size": [15.75, 15.75]},
								"west": {"uv": [16, 16], "uv_size": [15.75, 15.75]},
								"up": {"uv": [0, 32], "uv_size": [15.75, 15.75]},
								"down": {"uv": [32, 15.75], "uv_size": [15.75, -15.75]}
							}
						}
					]
				},
				{
					"name": "Fein",
					"parent": "body",
					"pivot": [0.725, 20.6445, 9.05364],
					"rotation": [-40, 0, 0],
					"cubes": [
						{
							"origin": [0.13248, 19.17386, 8.91596],
							"size": [0.36386, 1.47064, 1.18406],
							"pivot": [0.725, 19.17386, 8.8454],
							"rotation": [-8, 0, 0],
							"uv": {
								"north": {"uv": [77, 8], "uv_size": [0.25, 1.5]},
								"east": {"uv": [32, 30], "uv_size": [1.25, 1.5]},
								"south": {"uv": [77, 10], "uv_size": [0.25, 1.5]},
								"west": {"uv": [34, 30], "uv_size": [1.25, 1.5]},
								"up": {"uv": [77, 12], "uv_size": [0.25, 1.25]},
								"down": {"uv": [77, 15.25], "uv_size": [0.25, -1.25]}
							}
						},
						{
							"origin": [0.13248, 19.17386, 10.13917],
							"size": [0.36386, 3.94535, 1.2857],
							"inflate": -0.001,
							"pivot": [0.725, 19.17386, 9.69525],
							"rotation": [-4, 0, 0],
							"uv": {
								"north": {"uv": [77, 0], "uv_size": [0.25, 3.75]},
								"east": {"uv": [6, 75], "uv_size": [0.75, 3.75]},
								"south": {"uv": [1, 77], "uv_size": [0.25, 3.75]},
								"west": {"uv": [7, 75], "uv_size": [0.75, 3.75]},
								"up": {"uv": [29, 45], "uv_size": [0.25, 0.75]},
								"down": {"uv": [57, 50.75], "uv_size": [0.25, -0.75]}
							}
						},
						{
							"origin": [0.13248, 22.57386, 10.9245],
							"size": [0.36386, 1.4719, 0.71712],
							"pivot": [0.725, 19.17386, 10.38699],
							"rotation": [-4, 0, 0],
							"uv": {
								"north": {"uv": [76, 76], "uv_size": [0.25, 4.75]},
								"east": {"uv": [4, 75], "uv_size": [0.75, 4.75]},
								"south": {"uv": [0, 77], "uv_size": [0.25, 4.75]},
								"west": {"uv": [5, 75], "uv_size": [0.75, 4.75]},
								"up": {"uv": [58, 34], "uv_size": [0.25, 0.75]},
								"down": {"uv": [58, 50.75], "uv_size": [0.25, -0.75]}
							}
						},
						{
							"origin": [0.13248, 19.17386, 11.4429],
							"size": [0.36386, 3.4463, 0.71712],
							"pivot": [0.725, 19.17386, 10.90539],
							"rotation": [5, 0, 0],
							"uv": {
								"north": {"uv": [2, 77], "uv_size": [0.25, 3.5]},
								"east": {"uv": [75, 17], "uv_size": [0.75, 3.5]},
								"south": {"uv": [3, 77], "uv_size": [0.25, 3.5]},
								"west": {"uv": [75, 60], "uv_size": [0.75, 3.5]},
								"up": {"uv": [59, 34], "uv_size": [0.25, 0.75]},
								"down": {"uv": [59, 50.75], "uv_size": [0.25, -0.75]}
							}
						},
						{
							"origin": [0.13248, 22.82441, 10.14422],
							"size": [0.36386, 0.94328, 0.62307],
							"pivot": [0.725, 22.82441, 10.07367],
							"rotation": [-43, 0, 0],
							"uv": {
								"north": {"uv": [77, 4], "uv_size": [0.25, 1.75]},
								"east": {"uv": [60, 8], "uv_size": [0.75, 1.75]},
								"south": {"uv": [77, 6], "uv_size": [0.25, 1.75]},
								"west": {"uv": [48, 63], "uv_size": [0.75, 1.75]},
								"up": {"uv": [60, 34], "uv_size": [0.25, 0.75]},
								"down": {"uv": [60, 50.75], "uv_size": [0.25, -0.75]}
							}
						},
						{
							"origin": [0.13248, 23.54941, 10.14422],
							"size": [0.36386, 0.94328, 0.59807],
							"inflate": -0.001,
							"pivot": [0.725, 22.82441, 10.07367],
							"rotation": [-43, 0, 0],
							"uv": {
								"north": {"uv": [77, 4], "uv_size": [0.25, 1.75]},
								"east": {"uv": [60, 8], "uv_size": [0.75, 1.75]},
								"south": {"uv": [77, 6], "uv_size": [0.25, 1.75]},
								"west": {"uv": [48, 63], "uv_size": [0.75, 1.75]},
								"up": {"uv": [60, 34], "uv_size": [0.25, 0.75]},
								"down": {"uv": [60, 50.75], "uv_size": [0.25, -0.75]}
							}
						},
						{
							"origin": [0.13248, 21.77759, 9.53775],
							"size": [0.36386, 1.19394, 1.18406],
							"pivot": [0.725, 21.77759, 9.46719],
							"rotation": [-30, 0, 0],
							"uv": {
								"north": {"uv": [77, 16], "uv_size": [0.25, 1.25]},
								"east": {"uv": [36, 30], "uv_size": [1.25, 1.25]},
								"south": {"uv": [77, 18], "uv_size": [0.25, 1.25]},
								"west": {"uv": [38, 30], "uv_size": [1.25, 1.25]},
								"up": {"uv": [20, 77], "uv_size": [0.25, 1.25]},
								"down": {"uv": [77, 21.25], "uv_size": [0.25, -1.25]}
							}
						},
						{
							"origin": [0.13248, 20.6445, 9.1242],
							"size": [0.36386, 1.19394, 1.18406],
							"pivot": [0.725, 20.6445, 9.05364],
							"rotation": [-20, 0, 0],
							"uv": {
								"north": {"uv": [21, 77], "uv_size": [0.25, 1.25]},
								"east": {"uv": [48, 14], "uv_size": [1.25, 1.25]},
								"south": {"uv": [22, 77], "uv_size": [0.25, 1.25]},
								"west": {"uv": [50, 14], "uv_size": [1.25, 1.25]},
								"up": {"uv": [77, 22], "uv_size": [0.25, 1.25]},
								"down": {"uv": [77, 25.25], "uv_size": [0.25, -1.25]}
							}
						}
					]
				},
				{
					"name": "tail2",
					"parent": "body",
					"pivot": [0.3225, 11.84702, 6.30604],
					"cubes": [
						{
							"origin": [-0.898, 9.44146, 12.99835],
							"size": [2.441, 4.191, 3.741],
							"pivot": [0.3225, 11.53696, 14.86885],
							"rotation": [19, 0, 0],
							"uv": {
								"north": {"uv": [72, 0], "uv_size": [2.5, 4.25]},
								"east": {"uv": [69, 7], "uv_size": [3.75, 4.25]},
								"south": {"uv": [37, 72], "uv_size": [2.5, 4.25]},
								"west": {"uv": [70, 22], "uv_size": [3.75, 4.25]},
								"up": {"uv": [73, 43], "uv_size": [2.5, 3.75]},
								"down": {"uv": [73, 50.75], "uv_size": [2.5, -3.75]}
							}
						},
						{
							"origin": [-1.698, 9.09143, 11.36186],
							"size": [4.041, 5.191, 4.441],
							"pivot": [0.3225, 11.68693, 13.58236],
							"rotation": [10, 0, 0],
							"uv": {
								"north": {"uv": [10, 64], "uv_size": [4, 5.25]},
								"east": {"uv": [54, 61], "uv_size": [4.5, 5.25]},
								"south": {"uv": [64, 61], "uv_size": [4, 5.25]},
								"west": {"uv": [59, 61], "uv_size": [4.5, 5.25]},
								"up": {"uv": [64, 34], "uv_size": [4, 4.5]},
								"down": {"uv": [68, 38.5], "uv_size": [4, -4.5]}
							}
						},
						{
							"origin": [-2.298, 8.40831, 10.25924],
							"size": [5.241, 6.491, 4.341],
							"pivot": [0.3225, 11.65381, 12.42974],
							"rotation": [5, 0, 0],
							"uv": {
								"north": {"uv": [42, 54], "uv_size": [5.25, 6.5]},
								"east": {"uv": [57, 43], "uv_size": [4.25, 6.5]},
								"south": {"uv": [55, 14], "uv_size": [5.25, 6.5]},
								"west": {"uv": [58, 25], "uv_size": [4.25, 6.5]},
								"up": {"uv": [61, 16], "uv_size": [5.25, 4.25]},
								"down": {"uv": [62, 43.25], "uv_size": [5.25, -4.25]}
							}
						},
						{
							"origin": [-3.073, 7.66046, 10.47449],
							"size": [6.741, 7.891, 3.141],
							"pivot": [0.2975, 11.60596, 12.04499],
							"rotation": [3, 0, 0],
							"uv": {
								"north": {"uv": [50, 43], "uv_size": [6.75, 8]},
								"east": {"uv": [10, 56], "uv_size": [3.25, 8]},
								"south": {"uv": [51, 27], "uv_size": [6.75, 8]},
								"west": {"uv": [61, 8], "uv_size": [3.25, 8]},
								"up": {"uv": [62, 44], "uv_size": [6.75, 3.25]},
								"down": {"uv": [63, 28.25], "uv_size": [6.75, -3.25]}
							}
						},
						{
							"origin": [-3.748, 6.95474, 9.25507],
							"size": [8.116, 9.466, 3.141],
							"pivot": [0.31, 11.68774, 10.82557],
							"rotation": [0.25, 0, 0],
							"uv": {
								"north": {"uv": [30, 45], "uv_size": [8, 9.5]},
								"east": {"uv": [0, 56], "uv_size": [3.25, 9.5]},
								"south": {"uv": [48, 0], "uv_size": [8, 9.5]},
								"west": {"uv": [56, 0], "uv_size": [3.25, 9.5]},
								"up": {"uv": [60, 0], "uv_size": [8, 3.25]},
								"down": {"uv": [60, 7.25], "uv_size": [8, -3.25]}
							}
						},
						{
							"origin": [-4.398, 6.33908, 8.28613],
							"size": [9.416, 10.941, 3.141],
							"pivot": [0.31, 11.80958, 9.85663],
							"rotation": [-2, 0, 0],
							"uv": {
								"north": {"uv": [40, 43], "uv_size": [9.5, 11]},
								"east": {"uv": [26, 54], "uv_size": [3.25, 11]},
								"south": {"uv": [45, 16], "uv_size": [9.5, 11]},
								"west": {"uv": [38, 54], "uv_size": [3.25, 11]},
								"up": {"uv": [55, 21], "uv_size": [9.5, 3.25]},
								"down": {"uv": [54, 58.25], "uv_size": [9.5, -3.25]}
							}
						},
						{
							"origin": [-4.973, 6.05064, 7.44216],
							"size": [10.641, 12.241, 3.141],
							"pivot": [0.3475, 12.17114, 9.01266],
							"rotation": [-0.5, 0, 0],
							"uv": {
								"north": {"uv": [29, 32], "uv_size": [10.75, 12.25]},
								"east": {"uv": [18, 54], "uv_size": [3.25, 12.25]},
								"south": {"uv": [40, 30], "uv_size": [10.75, 12.25]},
								"west": {"uv": [22, 54], "uv_size": [3.25, 12.25]},
								"up": {"uv": [51, 39], "uv_size": [10.75, 3.25]},
								"down": {"uv": [54, 54.25], "uv_size": [10.75, -3.25]}
							}
						},
						{
							"origin": [-5.873, 5.6035, 6.257],
							"size": [12.441, 14.041, 3.141],
							"uv": {
								"north": {"uv": [16, 32], "uv_size": [12.5, 14]},
								"east": {"uv": [50, 51], "uv_size": [3.25, 14]},
								"south": {"uv": [32, 16], "uv_size": [12.5, 14]},
								"west": {"uv": [14, 54], "uv_size": [3.25, 14]},
								"up": {"uv": [48, 10], "uv_size": [12.5, 3.25]},
								"down": {"uv": [51, 38.25], "uv_size": [12.5, -3.25]}
							}
						}
					]
				},
				{
					"name": "tail1",
					"parent": "tail2",
					"pivot": [0.375, 12.13593, 16.41301],
					"rotation": [13, 0, 0],
					"cubes": [
						{
							"origin": [-0.03318, 16.33144, 18.91277],
							"size": [0.81867, 2.68637, 2.66414],
							"pivot": [1.3, 16.33144, 18.75402],
							"rotation": [-60, 0, 0],
							"uv": {
								"north": {"uv": [48, 76], "uv_size": [0.75, 2.75]},
								"east": {"uv": [62, 48], "uv_size": [2.75, 2.75]},
								"south": {"uv": [49, 76], "uv_size": [0.75, 2.75]},
								"west": {"uv": [63, 29], "uv_size": [2.75, 2.75]},
								"up": {"uv": [76, 49], "uv_size": [0.75, 2.75]},
								"down": {"uv": [76, 54.75], "uv_size": [0.75, -2.75]}
							}
						},
						{
							"origin": [-0.03318, 17.68632, 21.26432],
							"size": [0.81867, 2.68637, 2.66414],
							"pivot": [1.3, 17.68632, 21.10557],
							"rotation": [-70, 0, 0],
							"uv": {
								"north": {"uv": [45, 76], "uv_size": [0.75, 2.75]},
								"east": {"uv": [45, 27], "uv_size": [2.75, 2.75]},
								"south": {"uv": [46, 76], "uv_size": [0.75, 2.75]},
								"west": {"uv": [48, 27], "uv_size": [2.75, 2.75]},
								"up": {"uv": [76, 46], "uv_size": [0.75, 2.75]},
								"down": {"uv": [47, 78.75], "uv_size": [0.75, -2.75]}
							}
						},
						{
							"origin": [-0.03318, 18.6135, 23.82363],
							"size": [0.81867, 3.75363, 1.70816],
							"pivot": [1.3, 18.6135, 23.66488],
							"rotation": [-83, 0, 0],
							"uv": {
								"north": {"uv": [14, 75], "uv_size": [0.75, 3.75]},
								"east": {"uv": [14, 48], "uv_size": [2, 3.75]},
								"south": {"uv": [15, 75], "uv_size": [0.75, 3.75]},
								"west": {"uv": [23, 74], "uv_size": [2, 3.75]},
								"up": {"uv": [15, 52], "uv_size": [0.75, 2]},
								"down": {"uv": [53, 16], "uv_size": [0.75, -2]}
							}
						},
						{
							"origin": [-0.03318, 11.11851, 21.02813],
							"size": [0.81867, 7.75417, 1.61351],
							"pivot": [1.3, 11.11851, 19.81875],
							"rotation": [-35, 0, 0],
							"uv": {
								"north": {"uv": [55, 74], "uv_size": [0.75, 7.75]},
								"east": {"uv": [34, 70], "uv_size": [1.5, 7.75]},
								"south": {"uv": [56, 74], "uv_size": [0.75, 7.75]},
								"west": {"uv": [71, 44], "uv_size": [1.5, 7.75]},
								"up": {"uv": [53, 65], "uv_size": [0.75, 1.5]},
								"down": {"uv": [72, 6.5], "uv_size": [0.75, -1.5]}
							}
						},
						{
							"origin": [-0.03318, 11.86825, 20.13462],
							"size": [0.81867, 10.96177, 1.61351],
							"inflate": -0.001,
							"pivot": [1.3, 11.86825, 18.92524],
							"rotation": [-44, 0, 0],
							"uv": {
								"north": {"uv": [50, 72], "uv_size": [0.75, 11]},
								"east": {"uv": [8, 68], "uv_size": [1.5, 11]},
								"south": {"uv": [51, 72], "uv_size": [0.75, 11]},
								"west": {"uv": [68, 60], "uv_size": [1.5, 11]},
								"up": {"uv": [49, 63], "uv_size": [0.75, 1.5]},
								"down": {"uv": [52, 66.5], "uv_size": [0.75, -1.5]}
							}
						},
						{
							"origin": [-0.03318, 12.8687, 18.67552],
							"size": [0.81867, 8.42703, 1.88032],
							"pivot": [1.3, 12.8687, 17.73295],
							"rotation": [-44, 0, 0],
							"uv": {
								"north": {"uv": [25, 74], "uv_size": [0.75, 8.5]},
								"east": {"uv": [38, 45], "uv_size": [2, 8.5]},
								"south": {"uv": [52, 74], "uv_size": [0.75, 8.5]},
								"west": {"uv": [48, 54], "uv_size": [2, 8.5]},
								"up": {"uv": [14, 52], "uv_size": [0.75, 2]},
								"down": {"uv": [52, 16], "uv_size": [0.75, -2]}
							}
						},
						{
							"origin": [-0.03318, 14.09782, 16.4269],
							"size": [0.81867, 3.30894, 2.66414],
							"inflate": -0.001,
							"pivot": [1.3, 14.09782, 16.26815],
							"rotation": [-48, 0, 0],
							"uv": {
								"north": {"uv": [76, 17], "uv_size": [0.75, 3.25]},
								"east": {"uv": [73, 68], "uv_size": [2.75, 3.25]},
								"south": {"uv": [76, 25], "uv_size": [0.75, 3.25]},
								"west": {"uv": [73, 72], "uv_size": [2.75, 3.25]},
								"up": {"uv": [76, 43], "uv_size": [0.75, 2.75]},
								"down": {"uv": [44, 78.75], "uv_size": [0.75, -2.75]}
							}
						},
						{
							"origin": [-0.03549, 7.73144, 14.62384],
							"size": [0.81867, 2.68637, 2.66414],
							"pivot": [-0.55, 7.73144, 17.44674],
							"rotation": [-132, 0, 0],
							"uv": {
								"north": {"uv": [73, 76], "uv_size": [0.75, 2.75]},
								"east": {"uv": [20, 74], "uv_size": [2.75, 2.75]},
								"south": {"uv": [76, 73], "uv_size": [0.75, 2.75]},
								"west": {"uv": [74, 22], "uv_size": [2.75, 2.75]},
								"up": {"uv": [74, 76], "uv_size": [0.75, 2.75]},
								"down": {"uv": [75, 78.75], "uv_size": [0.75, -2.75]}
							}
						},
						{
							"origin": [-0.03549, 5.91725, 16.64231],
							"size": [0.81867, 2.68637, 2.66414],
							"pivot": [-0.55, 5.91725, 19.4652],
							"rotation": [-122, 0, 0],
							"uv": {
								"north": {"uv": [76, 61], "uv_size": [0.75, 2.75]},
								"east": {"uv": [65, 22], "uv_size": [2.75, 2.75]},
								"south": {"uv": [76, 64], "uv_size": [0.75, 2.75]},
								"west": {"uv": [66, 29], "uv_size": [2.75, 2.75]},
								"up": {"uv": [76, 67], "uv_size": [0.75, 2.75]},
								"down": {"uv": [76, 72.75], "uv_size": [0.75, -2.75]}
							}
						},
						{
							"origin": [-0.03549, 4.47821, 19.95889],
							"size": [0.81867, 3.75363, 1.65816],
							"pivot": [-0.55, 4.47821, 21.77581],
							"rotation": [-109, 0, 0],
							"uv": {
								"north": {"uv": [16, 75], "uv_size": [0.75, 3.75]},
								"east": {"uv": [74, 25], "uv_size": [2, 3.75]},
								"south": {"uv": [17, 75], "uv_size": [0.75, 3.75]},
								"west": {"uv": [40, 74], "uv_size": [2, 3.75]},
								"up": {"uv": [56, 25], "uv_size": [0.75, 2]},
								"down": {"uv": [57, 27], "uv_size": [0.75, -2]}
							}
						},
						{
							"origin": [-0.03549, 12.60908, 16.74914],
							"size": [0.81867, 7.75417, 1.61351],
							"pivot": [-0.55, 12.60908, 19.57203],
							"rotation": [-157, 0, 0],
							"uv": {
								"north": {"uv": [57, 74], "uv_size": [0.75, 7.75]},
								"east": {"uv": [68, 71], "uv_size": [1.5, 7.75]},
								"south": {"uv": [58, 74], "uv_size": [0.75, 7.75]},
								"west": {"uv": [26, 72], "uv_size": [1.5, 7.75]},
								"up": {"uv": [75, 29], "uv_size": [0.75, 1.5]},
								"down": {"uv": [76, 30.5], "uv_size": [0.75, -1.5]}
							}
						},
						{
							"origin": [-0.03549, 12.06149, 15.71927],
							"size": [0.81867, 10.96177, 1.61351],
							"inflate": -0.001,
							"pivot": [-0.55, 12.06149, 18.54216],
							"rotation": [-148, 0, 0],
							"uv": {
								"north": {"uv": [18, 74], "uv_size": [0.75, 11]},
								"east": {"uv": [69, 44], "uv_size": [1.5, 11]},
								"south": {"uv": [19, 74], "uv_size": [0.75, 11]},
								"west": {"uv": [10, 70], "uv_size": [1.5, 11]},
								"up": {"uv": [72, 42], "uv_size": [0.75, 1.5]},
								"down": {"uv": [74, 30.5], "uv_size": [0.75, -1.5]}
							}
						},
						{
							"origin": [-0.03549, 11.3308, 14.34503],
							"size": [0.81867, 8.42703, 1.88032],
							"pivot": [-0.55, 11.3308, 17.16793],
							"rotation": [-148, 0, 0],
							"uv": {
								"north": {"uv": [53, 74], "uv_size": [0.75, 8.5]},
								"east": {"uv": [36, 55], "uv_size": [2, 8.5]},
								"south": {"uv": [54, 74], "uv_size": [0.75, 8.5]},
								"west": {"uv": [40, 65], "uv_size": [2, 8.5]},
								"up": {"uv": [54, 14], "uv_size": [0.75, 2]},
								"down": {"uv": [55, 27], "uv_size": [0.75, -2]}
							}
						},
						{
							"origin": [-0.03318, 6.7778, 12.35669],
							"size": [0.81636, 3.56422, 2.98506],
							"pivot": [-0.55, 10.43309, 15.47958],
							"rotation": [168, 0, 0],
							"uv": {
								"north": {"uv": [75, 64], "uv_size": [0.75, 3.5]},
								"east": {"uv": [73, 35], "uv_size": [3, 3.5]},
								"south": {"uv": [76, 0], "uv_size": [0.75, 3.5]},
								"west": {"uv": [73, 39], "uv_size": [3, 3.5]},
								"up": {"uv": [42, 76], "uv_size": [0.75, 3]},
								"down": {"uv": [43, 79], "uv_size": [0.75, -3]}
							}
						},
						{
							"origin": [-0.03549, 10.43309, 12.65669],
							"size": [0.81867, 3.30894, 2.66414],
							"inflate": -0.001,
							"pivot": [-0.55, 10.43309, 15.47958],
							"rotation": [-144, 0, 0],
							"uv": {
								"north": {"uv": [76, 35], "uv_size": [0.75, 3.25]},
								"east": {"uv": [74, 9], "uv_size": [2.75, 3.25]},
								"south": {"uv": [76, 39], "uv_size": [0.75, 3.25]},
								"west": {"uv": [74, 13], "uv_size": [2.75, 3.25]},
								"up": {"uv": [76, 55], "uv_size": [0.75, 2.75]},
								"down": {"uv": [76, 60.75], "uv_size": [0.75, -2.75]}
							}
						}
					]
				},
				{
					"name": "mouth",
					"parent": "body",
					"pivot": [2.475, 4.9035, -6.9]
				},
				{
					"name": "mouth1",
					"parent": "mouth",
					"pivot": [0.2, 0, 0.15],
					"cubes": [
						{
							"origin": [-6.423, 5.3035, -7.293],
							"size": [13.641, 7.141, 1.841],
							"uv": {
								"north": {"uv": [16, 46], "uv_size": [13.75, 7.25]},
								"east": {"uv": [30, 70], "uv_size": [2, 7.25]},
								"south": {"uv": [0, 48], "uv_size": [13.75, 7.25]},
								"west": {"uv": [32, 70], "uv_size": [2, 7.25]},
								"up": {"uv": [58, 32], "uv_size": [13.75, 2]},
								"down": {"uv": [54, 61], "uv_size": [13.75, -2]}
							}
						}
					]
				},
				{
					"name": "mouth2",
					"parent": "mouth",
					"pivot": [0.2, 0, 0.125],
					"cubes": [
						{
							"origin": [-6.423, 5.3035, -6.266],
							"size": [13.641, 7.141, 1.841],
							"inflate": 0.01,
							"uv": {
								"north": {"uv": [77, 26], "uv_size": [13.75, 7.25]},
								"east": {"uv": [36, 64], "uv_size": [1.75, 7.25]},
								"south": {"uv": [77, 34], "uv_size": [13.75, 7.25]},
								"west": {"uv": [65, 8], "uv_size": [1.75, 7.25]},
								"up": {"uv": [48, 67], "uv_size": [13.75, 1.75]},
								"down": {"uv": [48, 70.75], "uv_size": [13.75, -1.75]}
							}
						}
					]
				},
				{
					"name": "JF",
					"parent": "body",
					"pivot": [1.525, 23.0445, -3.74636],
					"rotation": [-13, 0, 0],
					"cubes": [
						{
							"origin": [-0.30378, 18.50549, -4.17131],
							"size": [1.12301, 4.53901, 3.65451],
							"pivot": [1.525, 18.50549, -4.38908],
							"rotation": [-8, 0, 0],
							"uv": {
								"north": {"uv": [74, 60], "uv_size": [1, 4.5]},
								"east": {"uv": [68, 39], "uv_size": [3.75, 4.5]},
								"south": {"uv": [61, 74], "uv_size": [1, 4.5]},
								"west": {"uv": [68, 55], "uv_size": [3.75, 4.5]},
								"up": {"uv": [62, 74], "uv_size": [1, 3.75]},
								"down": {"uv": [63, 77.75], "uv_size": [1, -3.75]}
							}
						},
						{
							"origin": [-0.30378, 18.50549, -0.47312],
							"size": [1.12301, 11.55972, 3.57932],
							"pivot": [1.525, 18.50549, -1.76608],
							"rotation": [-4, 0, 0],
							"uv": {
								"north": {"uv": [28, 72], "uv_size": [1, 11.5]},
								"east": {"uv": [4, 56], "uv_size": [2.5, 11.5]},
								"south": {"uv": [29, 72], "uv_size": [1, 11.5]},
								"west": {"uv": [7, 56], "uv_size": [2.5, 11.5]},
								"up": {"uv": [69, 22], "uv_size": [1, 2.5]},
								"down": {"uv": [69, 31.5], "uv_size": [1, -2.5]}
							}
						},
						{
							"origin": [-0.30378, 28.78049, 2.02788],
							"size": [1.12301, 4.76172, 2.21332],
							"inflate": -0.001,
							"pivot": [1.525, 18.50549, 0.36892],
							"rotation": [-4, 0, 0],
							"uv": {
								"north": {"uv": [12, 70], "uv_size": [1, 15]},
								"east": {"uv": [30, 55], "uv_size": [2.25, 15]},
								"south": {"uv": [13, 70], "uv_size": [1, 15]},
								"west": {"uv": [33, 55], "uv_size": [2.25, 15]},
								"up": {"uv": [70, 12], "uv_size": [1, 2.25]},
								"down": {"uv": [71, 54.25], "uv_size": [1, -2.25]}
							}
						},
						{
							"origin": [-0.30378, 18.50549, 3.62788],
							"size": [1.12301, 10.63672, 2.21332],
							"pivot": [1.525, 18.50549, 1.96892],
							"rotation": [5, 0, 0],
							"uv": {
								"north": {"uv": [72, 31], "uv_size": [1, 10.75]},
								"east": {"uv": [42, 61], "uv_size": [2.25, 10.75]},
								"south": {"uv": [36, 72], "uv_size": [1, 10.75]},
								"west": {"uv": [45, 61], "uv_size": [2.25, 10.75]},
								"up": {"uv": [73, 9], "uv_size": [1, 2.25]},
								"down": {"uv": [74, 67.25], "uv_size": [1, -2.25]}
							}
						},
						{
							"origin": [-0.30378, 29.77263, -0.38036],
							"size": [1.12301, 5.14901, 2.29251],
							"pivot": [1.525, 29.77263, -0.59813],
							"rotation": [-43, 0, 0],
							"uv": {
								"north": {"uv": [59, 74], "uv_size": [1, 5.25]},
								"east": {"uv": [70, 68], "uv_size": [2.5, 5.25]},
								"south": {"uv": [60, 74], "uv_size": [1, 5.25]},
								"west": {"uv": [71, 12], "uv_size": [2.5, 5.25]},
								"up": {"uv": [68, 22], "uv_size": [1, 2.5]},
								"down": {"uv": [69, 14.5], "uv_size": [1, -2.5]}
							}
						},
						{
							"origin": [-0.30378, 26.54168, -2.2522],
							"size": [1.12301, 3.68501, 3.65451],
							"pivot": [1.525, 26.54168, -2.46997],
							"rotation": [-30, 0, 0],
							"uv": {
								"north": {"uv": [70, 74], "uv_size": [1, 3.75]},
								"east": {"uv": [70, 60], "uv_size": [3.75, 3.75]},
								"south": {"uv": [71, 74], "uv_size": [1, 3.75]},
								"west": {"uv": [70, 64], "uv_size": [3.75, 3.75]},
								"up": {"uv": [72, 74], "uv_size": [1, 3.75]},
								"down": {"uv": [75, 3.75], "uv_size": [1, -3.75]}
							}
						},
						{
							"origin": [-0.30378, 23.0445, -3.52859],
							"size": [1.12301, 3.68501, 3.65451],
							"pivot": [1.525, 23.0445, -3.74636],
							"rotation": [-20, 0, 0],
							"uv": {
								"north": {"uv": [64, 74], "uv_size": [1, 3.75]},
								"east": {"uv": [64, 55], "uv_size": [3.75, 3.75]},
								"south": {"uv": [65, 74], "uv_size": [1, 3.75]},
								"west": {"uv": [70, 27], "uv_size": [3.75, 3.75]},
								"up": {"uv": [66, 74], "uv_size": [1, 3.75]},
								"down": {"uv": [67, 77.75], "uv_size": [1, -3.75]}
							}
						}
					]
				},
				{
					"name": "leg",
					"parent": "body",
					"pivot": [2.6, 0.0035, 10]
				},
				{
					"name": "Rightfront",
					"parent": "leg",
					"pivot": [-5.4275, 5.09049, -4.76534],
					"cubes": [
						{
							"origin": [-7.073, 0.03249, -6.08584],
							"size": [3.291, 6.216, 3.241],
							"uv": {
								"north": {"uv": [65, 48], "uv_size": [3.25, 6.25]},
								"east": {"uv": [0, 66], "uv_size": [3.25, 6.25]},
								"south": {"uv": [67, 15], "uv_size": [3.25, 6.25]},
								"west": {"uv": [18, 67], "uv_size": [3.25, 6.25]},
								"up": {"uv": [46, 72], "uv_size": [3.25, 3.25]},
								"down": {"uv": [72, 55.25], "uv_size": [3.25, -3.25]}
							}
						}
					]
				},
				{
					"name": "RightHandLocator",
					"parent": "Rightfront",
					"pivot": [-5.5, 2.4, -4.8]
				},
				{
					"name": "leftfront",
					"parent": "leg",
					"pivot": [6.0725, 6.21741, -3.92492],
					"cubes": [
						{
							"origin": [4.427, 0.00941, -5.24542],
							"size": [3.291, 6.216, 3.241],
							"uv": {
								"north": {"uv": [26, 65], "uv_size": [3.25, 6.25]},
								"east": {"uv": [22, 67], "uv_size": [3.25, 6.25]},
								"south": {"uv": [62, 67], "uv_size": [3.25, 6.25]},
								"west": {"uv": [68, 0], "uv_size": [3.25, 6.25]},
								"up": {"uv": [4, 68], "uv_size": [3.25, 3.25]},
								"down": {"uv": [14, 71.25], "uv_size": [3.25, -3.25]}
							}
						}
					]
				},
				{
					"name": "LeftHandLocator",
					"parent": "leftfront",
					"pivot": [6, 2.4, -4.8]
				},
				{
					"name": "leftback",
					"parent": "leg",
					"pivot": [6.0725, 6.18683, 5.28495],
					"cubes": [
						{
							"origin": [4.427, -0.02117, 3.66445],
							"size": [3.291, 6.216, 3.241],
							"uv": {
								"north": {"uv": [26, 65], "uv_size": [3.25, 6.25]},
								"east": {"uv": [22, 67], "uv_size": [3.25, 6.25]},
								"south": {"uv": [62, 67], "uv_size": [3.25, 6.25]},
								"west": {"uv": [68, 0], "uv_size": [3.25, 6.25]},
								"up": {"uv": [4, 68], "uv_size": [3.25, 3.25]},
								"down": {"uv": [14, 71.25], "uv_size": [3.25, -3.25]}
							}
						}
					]
				},
				{
					"name": "Rightback",
					"parent": "leg",
					"pivot": [-5.4275, 6.1583, 5.33924],
					"cubes": [
						{
							"origin": [-7.073, -0.0497, 3.71874],
							"size": [3.291, 6.216, 3.241],
							"uv": {
								"north": {"uv": [65, 48], "uv_size": [3.25, 6.25]},
								"east": {"uv": [0, 66], "uv_size": [3.25, 6.25]},
								"south": {"uv": [67, 15], "uv_size": [3.25, 6.25]},
								"west": {"uv": [18, 67], "uv_size": [3.25, 6.25]},
								"up": {"uv": [46, 72], "uv_size": [3.25, 3.25]},
								"down": {"uv": [72, 55.25], "uv_size": [3.25, -3.25]}
							}
						}
					]
				},
				{
					"name": "ElytraLocator",
					"parent": "body",
					"pivot": [0, 20.4, -1.6],
					"rotation": [90, 0, 0]
				},
				{
					"name": "LeftShoulderLocator",
					"pivot": [5, 19.8, 0]
				},
				{
					"name": "RightShoulderLocator",
					"pivot": [-4, 20.2, 0]
				}
			]
		}
	]
}