{
	"format_version": "1.12.0",
	"minecraft:geometry": [
		{
			"description": {
				"identifier": "geometry.unknown",
				"texture_width": 128,
				"texture_height": 128,
				"visible_bounds_width": 7,
				"visible_bounds_height": 5,
				"visible_bounds_offset": [0, 1.5, 0]
			},
			"bones": [
				{
					"name": "Root",
					"pivot": [0, -0.35, 0]
				},
				{
					"name": "AllBody",
					"parent": "Root",
					"pivot": [0, 20.65, 0]
				},
				{
					"name": "UpBody",
					"parent": "AllBody",
					"pivot": [0, 20.65, 0],
					"cubes": [
						{
							"origin": [0.35, 23.82247, -2.15834],
							"size": [0.7, 0.7, 0.7],
							"pivot": [0.5, 24.42247, -1.73334],
							"rotation": [-7.5, 0, 0],
							"uv": [1, 83],
							"mirror": true
						},
						{
							"origin": [-2.7, 30.15, -2.125],
							"size": [5.4, 2, 4.2],
							"uv": [69, 16]
						},
						{
							"origin": [-3.5, 20.75, -2.025],
							"size": [7, 11, 4.05],
							"uv": [0, 24]
						},
						{
							"origin": [-3.8, 24.6, -2.225],
							"size": [7.5, 1, 4.65],
							"pivot": [0, 24.925, 0],
							"rotation": [0, 0, -5],
							"uv": [66, 37]
						},
						{
							"origin": [-0.8, 24.35, -2.4],
							"size": [1.5, 1.5, 4.925],
							"pivot": [0, 24.925, 0],
							"rotation": [0, 0, -5],
							"uv": [62, 1]
						},
						{
							"origin": [-0.55, 24.6, -2.475],
							"size": [1, 1, 5.075],
							"pivot": [0, 24.925, 0],
							"rotation": [0, 0, -5],
							"uv": [87, 21]
						},
						{
							"origin": [-1.5, 19.75, -2.025],
							"size": [3, 1, 4.05],
							"uv": [81, 0]
						},
						{
							"origin": [-0.85, 25.97247, -2.08334],
							"size": [0.7, 0.7, 0.7],
							"uv": [1, 83]
						},
						{
							"origin": [0.35, 25.97247, -2.08334],
							"size": [0.7, 0.7, 0.7],
							"uv": [1, 83]
						},
						{
							"origin": [-0.95, 23.82247, -2.15834],
							"size": [0.7, 0.7, 0.7],
							"pivot": [-0.4, 24.42247, -1.73334],
							"rotation": [-7.5, 0, 0],
							"uv": [1, 83]
						},
						{
							"origin": [-4, 31.575, -1.9],
							"size": [8, 1, 4.2],
							"uv": [42, 9]
						}
					]
				},
				{
					"name": "AllHead",
					"parent": "UpBody",
					"pivot": [0, 32.425, -0.025],
					"cubes": [
						{
							"origin": [-1.5, 31.925, -1.525],
							"size": [3, 2, 3],
							"uv": [68, 0]
						}
					]
				},
				{
					"name": "Head",
					"parent": "AllHead",
					"pivot": [0, 33.05, 0],
					"cubes": [
						{
							"origin": [-3.5, 33.05, -3.5],
							"size": [7, 7, 7],
							"uv": [0, 10]
						}
					]
				},
				{
					"name": "Face",
					"parent": "Head",
					"pivot": [-1.05, 16.05, -4.5]
				},
				{
					"name": "Eyes",
					"parent": "Face",
					"pivot": [-1.05, 16.05, -4.5]
				},
				{
					"name": "Eyebrow",
					"parent": "Eyes",
					"pivot": [0, 1, 0]
				},
				{
					"name": "RightEyebrow",
					"parent": "Eyebrow",
					"pivot": [-2.875, 35.85, -3.2],
					"cubes": [
						{
							"origin": [-3.675, 35.85, -3.7],
							"size": [2.3, 1, 1],
							"uv": [47, 42]
						},
						{
							"origin": [-4.45, 35.575, -3.95],
							"size": [1.1, 1, 1],
							"uv": [49, 47]
						}
					]
				},
				{
					"name": "LeftEyebrow",
					"parent": "Eyebrow",
					"pivot": [2.875, 35.85, -3.2],
					"cubes": [
						{
							"origin": [1.375, 35.85, -3.7],
							"size": [2.3, 1, 1],
							"uv": [47, 42]
						},
						{
							"origin": [3.35, 35.575, -3.875],
							"size": [1.1, 1, 1],
							"uv": [49, 47]
						}
					]
				},
				{
					"name": "RightEyelid",
					"parent": "Eyes",
					"pivot": [-2.325, 34.05, -3.075],
					"cubes": [
						{
							"origin": [-3.5, 34.05, -3.525],
							"size": [2, 2, 1],
							"uv": [22, 41]
						}
					]
				},
				{
					"name": "RightEyesBase",
					"parent": "RightEyelid",
					"pivot": [-1.8, 35.55, -3.1],
					"cubes": [
						{
							"origin": [-3.025, 34.05, -3.575],
							"size": [1.4, 2, 1],
							"uv": [49, 44]
						},
						{
							"origin": [-1.95, 35.4, -3.6],
							"size": [0.4, 0.3, 1],
							"uv": [9, 81]
						}
					]
				},
				{
					"name": "RightPupil",
					"parent": "RightEyesBase",
					"pivot": [-1.625, 16.55, -3.625],
					"cubes": [
						{
							"origin": [-2.625, 34.55, -3.625],
							"size": [0.6, 1, 1],
							"uv": [54, 47],
							"mirror": true
						}
					]
				},
				{
					"name": "LeftEyelid",
					"parent": "Eyes",
					"pivot": [2.325, 34.05, -3.075],
					"cubes": [
						{
							"origin": [1.5, 34.05, -3.525],
							"size": [2, 2, 1],
							"uv": [22, 41]
						}
					]
				},
				{
					"name": "LeftEyesBase",
					"parent": "LeftEyelid",
					"pivot": [2.825, 35.55, -3.1],
					"cubes": [
						{
							"origin": [2.675, 35.4, -3.6],
							"size": [0.4, 0.3, 1],
							"uv": [9, 81]
						},
						{
							"origin": [1.625, 34.05, -3.575],
							"size": [1.4, 2, 1],
							"uv": [49, 44]
						}
					]
				},
				{
					"name": "LeftPupil",
					"parent": "LeftEyesBase",
					"pivot": [1.625, 16.55, -3.625],
					"cubes": [
						{
							"origin": [2.025, 34.55, -3.625],
							"size": [0.6, 1, 1],
							"uv": [54, 47]
						}
					]
				},
				{
					"name": "Hair",
					"parent": "Head",
					"pivot": [-0.14783, 37.76957, 0.42174],
					"cubes": [
						{
							"origin": [-2.975, 41.3, -3.8],
							"size": [6, 1, 7],
							"uv": [27, 0]
						},
						{
							"origin": [-2, 40, -4.4],
							"size": [4, 2, 1],
							"uv": [0, 63]
						},
						{
							"origin": [-4, 40.6, -4],
							"size": [8, 1, 8],
							"uv": [3, 0]
						},
						{
							"origin": [-2, 42.3, -2.8],
							"size": [4, 1, 5],
							"uv": [0, 43]
						},
						{
							"origin": [-3, 42.3, -1.8],
							"size": [1, 1, 3],
							"uv": [58, 21]
						},
						{
							"origin": [2, 42.3, -1.8],
							"size": [1, 1, 3],
							"uv": [0, 4]
						},
						{
							"origin": [-3.975, 41.3, -2.8],
							"size": [1, 1, 5],
							"uv": [15, 39]
						},
						{
							"origin": [3.025, 41.3, -2.8],
							"size": [1, 1, 5],
							"uv": [30, 27]
						},
						{
							"origin": [-5.5, 34.4, 0.825],
							"size": [1, 6, 2],
							"uv": [8, 55]
						},
						{
							"origin": [4.5, 34.4, 0.825],
							"size": [1, 6, 2],
							"uv": [0, 9]
						},
						{
							"origin": [-5.5, 32.4, -0.175],
							"size": [1, 8, 1],
							"uv": [32, 60]
						},
						{
							"origin": [-5.5, 35.4, -1.175],
							"size": [1, 4, 1],
							"uv": [42, 8]
						},
						{
							"origin": [3.5, 33.4, -2.65],
							"size": [1, 8, 6],
							"uv": [22, 27],
							"mirror": true
						},
						{
							"origin": [4.5, 32.4, -0.175],
							"size": [1, 8, 1],
							"uv": [32, 60],
							"mirror": true
						},
						{
							"origin": [4.5, 35.4, -1.175],
							"size": [1, 4, 1],
							"uv": [42, 8],
							"mirror": true
						},
						{
							"origin": [-4.4, 36, -3.8],
							"size": [1, 4, 2],
							"uv": [22, 27]
						},
						{
							"origin": [1.84924, 33.14972, 7.48277],
							"size": [2, 6, 1],
							"pivot": [2.36604, 17.10616, 2.88004],
							"rotation": [49.1895, 86.7138, 42.8839],
							"uv": [27, 0]
						},
						{
							"origin": [-5.65695, 33.61898, 2.99112],
							"size": [2, 6, 1],
							"pivot": [-4.65695, 36.61898, 3.44112],
							"rotation": [1.2933, -55.2049, 3.0808],
							"uv": [60, 14],
							"mirror": true
						},
						{
							"origin": [3.65695, 33.61898, 2.99112],
							"size": [2, 6, 1],
							"pivot": [4.65695, 36.61898, 3.44112],
							"rotation": [1.2933, 55.2049, -3.0808],
							"uv": [60, 14]
						},
						{
							"origin": [-3.84924, 33.14972, 7.48276],
							"size": [2, 6, 1],
							"pivot": [-2.36604, 17.10616, 2.88003],
							"rotation": [49.1895, -86.7138, -42.8839],
							"uv": [27, 0],
							"mirror": true
						},
						{
							"origin": [-4.5, 33.4, -2.65],
							"size": [1, 8, 6],
							"uv": [22, 27]
						},
						{
							"origin": [-4, 33.6, 3],
							"size": [8, 7, 1],
							"uv": [36, 34]
						},
						{
							"origin": [-3, 34.6, 4],
							"size": [6, 6, 1],
							"uv": [46, 16]
						}
					]
				},
				{
					"name": "front_h1",
					"parent": "Hair",
					"pivot": [0, 15.5, -0.2],
					"cubes": [
						{
							"origin": [-4.3375, 36.825, -4.15],
							"size": [1, 4, 3],
							"uv": [0, 55]
						},
						{
							"origin": [-3.5, 36.925, -4.575],
							"size": [1, 4, 1],
							"uv": [62, 0]
						},
						{
							"origin": [-2.495, 38.025, -4.675],
							"size": [1, 3, 1],
							"uv": [25, 46]
						},
						{
							"origin": [-1.5, 39.025, -4.825],
							"size": [3, 2, 1],
							"uv": [77, 0]
						},
						{
							"origin": [1.499, 38.025, -5],
							"size": [1, 3, 1],
							"uv": [62, 8]
						},
						{
							"origin": [2.525, 36.925, -4.7],
							"size": [1, 4, 1],
							"uv": [41, 27]
						},
						{
							"origin": [3.3875, 36.825, -4.2],
							"size": [1, 4, 3],
							"uv": [54, 34]
						},
						{
							"origin": [1.65, 37, -5.125],
							"size": [1, 3, 1],
							"pivot": [2, 39.275, -4.7],
							"rotation": [0, 0, -22.5],
							"uv": [0, 43]
						},
						{
							"origin": [0.65, 38, -5.125],
							"size": [1, 3, 1],
							"pivot": [2, 39.275, -4.7],
							"rotation": [0, 0, -22.5],
							"uv": [61, 28]
						},
						{
							"origin": [-2.775, 36.9, -5.075],
							"size": [1, 3, 1],
							"pivot": [-2, 39.275, -4.575],
							"rotation": [0, 0, 25],
							"uv": [0, 43]
						},
						{
							"origin": [-2.2, 37.125, -5.2],
							"size": [1, 3, 1],
							"pivot": [0, 38.25, -4.7],
							"rotation": [0, 0, 12.5],
							"uv": [37, 27]
						},
						{
							"origin": [-0.2, 37.125, -5.2],
							"size": [1, 4, 1],
							"pivot": [0, 38.25, -4.7],
							"rotation": [0, 0, 12.5],
							"uv": [21, 45]
						},
						{
							"origin": [-1.2, 36.15, -5.2],
							"size": [1, 5, 1],
							"pivot": [0, 38.25, -4.7],
							"rotation": [0, 0, 12.5],
							"uv": [21, 9]
						}
					]
				},
				{
					"name": "corner_h1",
					"parent": "Hair",
					"pivot": [-4.37735, 36.62243, -2.86577],
					"cubes": [
						{
							"origin": [-4.47485, 36.44593, -3.69748],
							"size": [1.025, 2, 1],
							"pivot": [-4.37735, 36.62243, -2.86577],
							"rotation": [-0.4948, 0.2395, 7.4885],
							"uv": [61, 25],
							"mirror": true
						},
						{
							"origin": [3.41137, 32.09775, -3.95436],
							"size": [1.025, 2, 1],
							"pivot": [3.78868, 31.91337, -3.36686],
							"rotation": [-6.0826, -1.7565, 4.4725],
							"uv": [61, 25]
						},
						{
							"origin": [3.54631, 29.32801, -3.85436],
							"size": [1.025, 3, 1],
							"pivot": [3.78868, 31.91337, -3.36686],
							"rotation": [-6.0826, -1.7565, 4.4725],
							"uv": [0, 24]
						},
						{
							"origin": [4.41183, 32.91888, -2.9848],
							"size": [1.025, 3, 1],
							"pivot": [4.71154, 32.58917, -2.89858],
							"rotation": [-3.5529, -1.8007, -0.0898],
							"uv": [0, 39]
						},
						{
							"origin": [4.20269, 31.06569, -2.98457],
							"size": [1.025, 2, 1],
							"pivot": [4.58767, 32.6054, -2.90297],
							"rotation": [-3.8112, -1.1568, 9.8928],
							"uv": [61, 25]
						},
						{
							"origin": [4.42592, 35.66357, -2.92341],
							"size": [1.025, 2, 1],
							"pivot": [4.92833, 35.99488, -2.83741],
							"rotation": [-0.4995, 0.0219, -4.9792],
							"uv": [61, 25]
						},
						{
							"origin": [4.52853, 37.45397, -2.92152],
							"size": [1.025, 3, 1],
							"pivot": [4.52187, 36.69327, -2.86585],
							"rotation": [-0.4958, -0.0652, -14.9788],
							"uv": [18, 24]
						},
						{
							"origin": [3.48618, 33.51399, -3.67248],
							"size": [1.025, 3, 1],
							"pivot": [4.37735, 36.62243, -2.86577],
							"rotation": [-0.5218, -0.1729, 0.0112],
							"uv": [18, 24]
						},
						{
							"origin": [3.44985, 36.44593, -3.69748],
							"size": [1.025, 2, 1],
							"pivot": [4.37735, 36.62243, -2.86577],
							"rotation": [-0.4948, -0.2395, -7.4885],
							"uv": [61, 25]
						},
						{
							"origin": [-5.22769, 31.06569, -2.98457],
							"size": [1.025, 2, 1],
							"pivot": [-4.58767, 32.60539, -2.90296],
							"rotation": [-3.8111, 1.1568, -9.8928],
							"uv": [61, 25],
							"mirror": true
						},
						{
							"origin": [-5.43683, 32.91888, -2.9848],
							"size": [1.025, 3, 1],
							"pivot": [-4.71154, 32.58917, -2.89858],
							"rotation": [-3.5529, 1.8006, 0.0899],
							"uv": [0, 39],
							"mirror": true
						},
						{
							"origin": [-4.57131, 29.32801, -3.85435],
							"size": [1.025, 3, 1],
							"pivot": [-3.78868, 31.91337, -3.36685],
							"rotation": [-6.0826, 1.7564, -4.4725],
							"uv": [0, 24],
							"mirror": true
						},
						{
							"origin": [-4.43637, 32.09775, -3.95435],
							"size": [1.025, 2, 1],
							"pivot": [-3.78868, 31.91337, -3.36685],
							"rotation": [-6.0826, 1.7564, -4.4725],
							"uv": [61, 25],
							"mirror": true
						},
						{
							"origin": [-5.55353, 37.45397, -2.92152],
							"size": [1.025, 3, 1],
							"pivot": [-4.52187, 36.69327, -2.86585],
							"rotation": [-0.4958, 0.0652, 14.9788],
							"uv": [18, 24],
							"mirror": true
						},
						{
							"origin": [-5.45092, 35.66357, -2.92341],
							"size": [1.025, 2, 1],
							"pivot": [-4.92833, 35.99488, -2.83741],
							"rotation": [-0.4996, -0.0219, 4.9792],
							"uv": [61, 25],
							"mirror": true
						},
						{
							"origin": [-4.51118, 33.51399, -3.67248],
							"size": [1.025, 3, 1],
							"pivot": [-4.37735, 36.62243, -2.86577],
							"rotation": [-0.5218, 0.1729, -0.0112],
							"uv": [18, 24],
							"mirror": true
						}
					]
				},
				{
					"name": "long_h1",
					"parent": "Hair",
					"pivot": [0.325, 34.56866, 4.28289]
				},
				{
					"name": "hl_side",
					"parent": "long_h1",
					"pivot": [-2.44485, 7.61452, 15.87866],
					"cubes": [
						{
							"origin": [4.75602, 29.85383, 2.16344],
							"size": [2, 5, 1],
							"pivot": [5.48102, 32.35383, 2.66344],
							"rotation": [-5.52696, 75.26092, -18.5121],
							"uv": [36, 60]
						},
						{
							"origin": [-6.75602, 29.85383, 2.16344],
							"size": [2, 5, 1],
							"pivot": [-5.48102, 32.35383, 2.66344],
							"rotation": [-5.52696, -75.26092, 18.5121],
							"uv": [36, 60],
							"mirror": true
						},
						{
							"origin": [11.50505, 25.91627, 17.10662],
							"size": [3, 5, 1],
							"pivot": [-3.24919, 15.37844, 14.44856],
							"rotation": [-0.1122, 51.2465, -15.5809],
							"uv": [68, 6]
						},
						{
							"origin": [11.74434, 19.96115, 13.94924],
							"size": [2, 5, 1],
							"pivot": [-2.78264, 12.41642, 10.43881],
							"rotation": [-19.4775, 49.3157, -30.9666],
							"uv": [36, 60]
						},
						{
							"origin": [13.3521, 20.80306, 12.9267],
							"size": [1, 4, 1],
							"pivot": [-2.78264, 12.41642, 10.43881],
							"rotation": [-19.4775, 49.3157, -30.9666],
							"uv": [30, 27]
						},
						{
							"origin": [15.71874, 26.89662, 17.00257],
							"size": [3, 5, 1],
							"pivot": [1.60103, 11.01808, 20.16395],
							"rotation": [11.9446, 52.8785, -3.6717],
							"uv": [68, 6]
						},
						{
							"origin": [15.88533, 19.7841, 12.91842],
							"size": [2, 5, 1],
							"pivot": [2.44485, 7.61452, 15.87866],
							"rotation": [-8.8434, 52.9314, -20.2885],
							"uv": [36, 60]
						},
						{
							"origin": [-14.50505, 25.91627, 17.10662],
							"size": [3, 5, 1],
							"pivot": [3.24919, 15.37844, 14.44856],
							"rotation": [-0.1122, -51.2465, 15.5809],
							"uv": [68, 6],
							"mirror": true
						},
						{
							"origin": [-13.74434, 19.96115, 13.94924],
							"size": [2, 5, 1],
							"pivot": [2.78264, 12.41642, 10.43881],
							"rotation": [-19.4775, -49.3157, 30.9666],
							"uv": [36, 60],
							"mirror": true
						},
						{
							"origin": [-14.3521, 20.80306, 12.9267],
							"size": [1, 4, 1],
							"pivot": [2.78264, 12.41642, 10.43881],
							"rotation": [-19.4775, -49.3157, 30.9666],
							"uv": [30, 27],
							"mirror": true
						},
						{
							"origin": [-18.71874, 26.89662, 17.00257],
							"size": [3, 5, 1],
							"pivot": [-1.60103, 11.01808, 20.16395],
							"rotation": [11.9446, -52.8785, 3.6717],
							"uv": [68, 6],
							"mirror": true
						},
						{
							"origin": [-17.88533, 19.7841, 12.91842],
							"size": [2, 5, 1],
							"pivot": [-2.44485, 7.61452, 15.87866],
							"rotation": [-8.8434, -52.9314, 20.2885],
							"uv": [36, 60],
							"mirror": true
						}
					]
				},
				{
					"name": "hl_m",
					"parent": "long_h1",
					"pivot": [-0.5, 18.12846, 1.81781],
					"cubes": [
						{
							"origin": [-2.5, 33.34601, 6.88558],
							"size": [5, 5, 1],
							"pivot": [0, 19.14601, 1.88558],
							"rotation": [7.5, 0, 0],
							"uv": [53, 41]
						},
						{
							"origin": [-4, 20.33127, 2.52525],
							"size": [1, 2, 1],
							"pivot": [-0.5, 7.13127, -1.84975],
							"rotation": [-7.5, 0, 0],
							"uv": [13, 45]
						},
						{
							"origin": [-4.85, 22.33127, 2.52525],
							"size": [2, 4, 1],
							"pivot": [-0.5, 7.13127, -1.84975],
							"rotation": [-7.5, 0, 0],
							"uv": [42, 60]
						},
						{
							"origin": [3, 20.33127, 2.52525],
							"size": [1, 2, 1],
							"pivot": [0.5, 7.13127, -1.84975],
							"rotation": [-7.5, 0, 0],
							"uv": [13, 45],
							"mirror": true
						},
						{
							"origin": [2.85, 22.33127, 2.52525],
							"size": [2, 4, 1],
							"pivot": [0.5, 7.13127, -1.84975],
							"rotation": [-7.5, 0, 0],
							"uv": [42, 60],
							"mirror": true
						},
						{
							"origin": [-1.5, 20.25295, 3.49511],
							"size": [3, 1, 1],
							"pivot": [-2, 7.05295, -1.25489],
							"rotation": [-7.5, 0, 0],
							"uv": [34, 8]
						},
						{
							"origin": [-2, 21.25295, 3.49511],
							"size": [4, 2, 1],
							"pivot": [-2.5, 7.05295, -1.25489],
							"rotation": [-7.5, 0, 0],
							"uv": [53, 6]
						},
						{
							"origin": [-2.5, 23.25295, 3.49511],
							"size": [5, 3, 1],
							"pivot": [-2, 7.05295, -1.25489],
							"rotation": [-7.5, 0, 0],
							"uv": [35, 42]
						},
						{
							"origin": [-4.85, 25.58395, 3.2935],
							"size": [3, 3, 1],
							"pivot": [0.5, 11.38395, -1.0815],
							"rotation": [-5, 0, 0],
							"uv": [35, 46]
						},
						{
							"origin": [-4, 25.53165, 4.26622],
							"size": [8, 3, 1],
							"pivot": [-1.5, 11.33165, -0.48378],
							"rotation": [-5, 0, 0],
							"uv": [50, 70]
						},
						{
							"origin": [-4.5, 28.00864, 4.67032],
							"size": [3, 4, 1],
							"uv": [14, 49]
						},
						{
							"origin": [-3.5, 27.00864, 5.64532],
							"size": [7, 5, 1],
							"uv": [46, 0]
						},
						{
							"origin": [-4, 31.32846, 6.19281],
							"size": [3, 4, 1],
							"pivot": [0.5, 18.12846, 1.81781],
							"rotation": [7.5, 0, 0],
							"uv": [14, 49]
						},
						{
							"origin": [-3, 30.40677, 7.16268],
							"size": [6, 5, 1],
							"pivot": [0.5, 18.20677, 2.41268],
							"rotation": [7.5, 0, 0],
							"uv": [0, 49]
						},
						{
							"origin": [3, 24.58395, 3.2935],
							"size": [2, 1, 1],
							"pivot": [0.5, 11.38395, -1.0815],
							"rotation": [-5, 0, 0],
							"uv": [14, 39]
						},
						{
							"origin": [1.85, 25.58395, 3.2935],
							"size": [3, 3, 1],
							"pivot": [-0.5, 11.38395, -1.0815],
							"rotation": [-5, 0, 0],
							"uv": [35, 46],
							"mirror": true
						},
						{
							"origin": [1.5, 28.00864, 4.67032],
							"size": [3, 4, 1],
							"uv": [14, 49],
							"mirror": true
						},
						{
							"origin": [1, 31.32846, 6.19281],
							"size": [3, 4, 1],
							"pivot": [-0.5, 18.12846, 1.81781],
							"rotation": [7.5, 0, 0],
							"uv": [14, 49],
							"mirror": true
						}
					]
				},
				{
					"name": "Ribbon",
					"parent": "Hair",
					"pivot": [-4.75, 37.95, 3.6],
					"rotation": [-1.82257, 33.0231, 8.40116],
					"cubes": [
						{
							"origin": [-5.875, 37.20128, 2.95542],
							"size": [1, 2, 1],
							"pivot": [-5.375, 38.00128, 3.63042],
							"rotation": [7.5, 0, 0],
							"uv": [17, 45]
						},
						{
							"origin": [-5.875, 33.99748, 3.74167],
							"size": [1, 4, 1],
							"pivot": [-5.375, 36.99748, 4.24167],
							"rotation": [24.65656, -2.24944, 17.35932],
							"uv": [28, 60]
						},
						{
							"origin": [-6.87418, 31.7678, 5.97342],
							"size": [1, 3, 1],
							"pivot": [-6.59918, 32.2928, 6.47342],
							"rotation": [24.5843, 2.97526, 5.99942],
							"uv": [28, 65]
						},
						{
							"origin": [-6.05642, 31.5035, 2.39264],
							"size": [1, 3, 1],
							"pivot": [-5.41523, 34.40076, 2.89632],
							"rotation": [-11.6048, -51.40255, 11.00288],
							"uv": [14, 56]
						},
						{
							"origin": [-6.0798, 34.29546, 2.4],
							"size": [1, 3, 1],
							"pivot": [-5.41523, 34.40076, 2.89632],
							"rotation": [-25.51526, -47.38001, 29.24948],
							"uv": [7, 3]
						},
						{
							"origin": [-6.1, 37.95, -0.4],
							"size": [1, 1, 4],
							"pivot": [-5.60833, 37.70856, 1.10681],
							"rotation": [0, 10, 10],
							"uv": [8, 72]
						},
						{
							"origin": [-6.1, 36.95, -0.4],
							"size": [1, 1, 1],
							"pivot": [-5.60833, 37.70856, 1.10681],
							"rotation": [0, 10, 10],
							"uv": [4, 39]
						},
						{
							"origin": [-6.64609, 38.6713, 3.46941],
							"size": [1, 1, 4],
							"pivot": [-6.12942, 38.43623, 5.9472],
							"rotation": [15.8092, -23.29439, 3.76241],
							"uv": [63, 18]
						},
						{
							"origin": [-6.64609, 37.6713, 6.46941],
							"size": [1, 1, 1],
							"pivot": [-6.12942, 38.43623, 5.9472],
							"rotation": [15.8092, -23.29439, 3.76241],
							"uv": [16, 41]
						},
						{
							"origin": [-6.59609, 37.29355, 3.62413],
							"size": [1, 1, 4],
							"pivot": [-6.12942, 38.43623, 5.9472],
							"rotation": [-6.6908, -23.29439, 3.76241],
							"uv": [62, 8]
						},
						{
							"origin": [-6.125, 36.56587, -0.60345],
							"size": [1, 1, 4],
							"pivot": [-5.60833, 37.70856, 1.10681],
							"rotation": [22.5, 10, 10],
							"uv": [84, 27]
						}
					]
				},
				{
					"name": "Breast",
					"parent": "UpBody",
					"pivot": [-0.0125, 28.74747, -2.15834],
					"rotation": [-32.5, 0, 0],
					"cubes": [
						{
							"origin": [-3.55, 27.24747, -3.15834],
							"size": [7.075, 3, 3],
							"uv": [67, 31]
						},
						{
							"origin": [1.975, 28.82247, -3.25834],
							"size": [0.325, 0.6, 1],
							"pivot": [2.0625, 29.32247, -2.75834],
							"rotation": [0, 0, -30],
							"uv": [6, 82]
						},
						{
							"origin": [2.525, 28.82247, -3.28334],
							"size": [0.325, 0.6, 1],
							"pivot": [2.7875, 29.32247, -2.78334],
							"rotation": [0, 0, 30],
							"uv": [6, 82]
						},
						{
							"origin": [2.25, 28.12247, -3.22834],
							"size": [0.325, 0.9, 1],
							"uv": [6, 82]
						},
						{
							"origin": [-0.85, 27.17247, -3.23334],
							"size": [0.7, 0.7, 0.7],
							"uv": [1, 83]
						},
						{
							"origin": [0.35, 27.17247, -3.23334],
							"size": [0.7, 0.7, 0.7],
							"uv": [1, 83]
						}
					]
				},
				{
					"name": "Arm",
					"parent": "UpBody",
					"pivot": [-0.2, 31.275, 0]
				},
				{
					"name": "LeftArm",
					"parent": "Arm",
					"pivot": [3.4, 31.025, 0],
					"rotation": [0, 0, -18],
					"cubes": [
						{
							"origin": [2.45, 24.9, -1.7],
							"size": [3.25, 7.3, 3.4],
							"uv": [48, 60]
						},
						{
							"origin": [2.6, 25.075, -1.5],
							"size": [3.05, 7, 3],
							"uv": [60, 60]
						},
						{
							"origin": [2.9, 24.175, -1.1],
							"size": [2.55, 2, 2.2],
							"uv": [67, 56]
						},
						{
							"origin": [2.8, 24.125, -1.125],
							"size": [2.7, 2.05, 2.3],
							"uv": [63, 47]
						}
					]
				},
				{
					"name": "LeftForeArm",
					"parent": "LeftArm",
					"pivot": [4.125, 25.075, 0.025],
					"cubes": [
						{
							"origin": [2.625, 18.075, -1.475],
							"size": [3, 7, 3],
							"uv": [84, 61]
						},
						{
							"origin": [2.525, 20.375, -1.575],
							"size": [3.2, 5, 3.2],
							"uv": [78, 52]
						}
					]
				},
				{
					"name": "LeftHandLocator",
					"parent": "LeftForeArm",
					"pivot": [4.125, 19.575, 0.025]
				},
				{
					"name": "RightArm",
					"parent": "Arm",
					"pivot": [-3.4, 31.025, 0],
					"rotation": [0, 0, 18],
					"cubes": [
						{
							"origin": [-5.65, 25.075, -1.5],
							"size": [3.05, 7, 3],
							"uv": [0, 66]
						},
						{
							"origin": [-5.7, 24.9, -1.7],
							"size": [3.25, 7.3, 3.4],
							"uv": [90, 51]
						},
						{
							"origin": [-5.45, 24.175, -1.1],
							"size": [2.55, 2, 2.2],
							"uv": [27, 42]
						},
						{
							"origin": [-5.5, 24.125, -1.125],
							"size": [2.7, 2.05, 2.3],
							"uv": [0, 0]
						}
					]
				},
				{
					"name": "RightForeArm",
					"parent": "RightArm",
					"pivot": [-4.125, 25.075, 0.025],
					"cubes": [
						{
							"origin": [-5.725, 20.375, -1.575],
							"size": [3.2, 5, 3.2],
							"uv": [83, 12]
						},
						{
							"origin": [-5.625, 18.075, -1.475],
							"size": [3, 7, 3],
							"uv": [72, 60]
						}
					]
				},
				{
					"name": "RightHandLocator",
					"parent": "RightForeArm",
					"pivot": [-4.125, 19.575, 0.025]
				},
				{
					"name": "Collar",
					"parent": "UpBody",
					"pivot": [0, 30.925, -0.025],
					"rotation": [-15, 0, 0],
					"cubes": [
						{
							"origin": [0.2, 30.125, -2.9],
							"size": [3.4, 2, 2.2],
							"pivot": [1.5, 31.125, -1.525],
							"rotation": [12.2084, -10.35575, -12.2084],
							"uv": [6, 39]
						},
						{
							"origin": [-0.96159, 28.99805, -2.8216],
							"size": [2.4, 1, 2.2],
							"pivot": [0.73841, 29.49805, -1.7216],
							"rotation": [15.87952, -1.60065, -46.32119],
							"uv": [62, 38]
						},
						{
							"origin": [-1.43841, 28.99805, -2.8216],
							"size": [2.4, 1, 2.2],
							"pivot": [-0.73841, 29.49805, -1.7216],
							"rotation": [16.03398, -8.01589, 43.57099],
							"uv": [62, 38],
							"mirror": true
						},
						{
							"origin": [-3.6, 30.125, -2.9],
							"size": [3.4, 2, 2.2],
							"pivot": [-1.5, 31.125, -1.525],
							"rotation": [12.2084, 10.35575, 12.2084],
							"uv": [6, 39],
							"mirror": true
						},
						{
							"origin": [0.4, 31.45, -3.025],
							"size": [0.5, 0.5, 1],
							"pivot": [1.5, 31.125, -1.525],
							"rotation": [12.2084, -10.35575, -12.2084],
							"uv": [14, 82]
						}
					]
				},
				{
					"name": "ElytraLocator",
					"parent": "UpBody",
					"pivot": [0, 31.65, 2]
				},
				{
					"name": "RifleLocator",
					"parent": "UpBody",
					"pivot": [0, 25.15, 2.3],
					"rotation": [0, 0, 45]
				},
				{
					"name": "PistolLocator",
					"parent": "UpBody",
					"pivot": [-4, 24.75, -1.6],
					"rotation": [-30, 0, 0]
				},
				{
					"name": "DownBody",
					"parent": "AllBody",
					"pivot": [0, 20.65, 0]
				},
				{
					"name": "Leg",
					"parent": "DownBody",
					"pivot": [0, 21.15, 0]
				},
				{
					"name": "LeftLeg",
					"parent": "Leg",
					"pivot": [2.4, 21.15, 0],
					"cubes": [
						{
							"origin": [0.375, 11.65, -2],
							"size": [3.65, 10, 4],
							"uv": [39, 46]
						}
					]
				},
				{
					"name": "LeftLowerLeg",
					"parent": "LeftLeg",
					"pivot": [2.2, 11.7, 0],
					"cubes": [
						{
							"origin": [0.5, 2, -1.9],
							"size": [3.4, 10, 4],
							"uv": [53, 47]
						}
					]
				},
				{
					"name": "LeftFoot",
					"parent": "LeftLowerLeg",
					"pivot": [2.1875, 2.5, 0.1375],
					"cubes": [
						{
							"origin": [0.25, 0, -2.1],
							"size": [3.875, 4, 4.375],
							"uv": [84, 33]
						},
						{
							"origin": [0.35, 0, -4.4],
							"size": [3.675, 3, 3],
							"uv": [68, 70]
						},
						{
							"origin": [0.95, 2.575, -3.2],
							"size": [2.675, 1, 2],
							"pivot": [2.6875, 2.5, -2.9],
							"rotation": [22.5, 0, 0],
							"uv": [59, 34]
						}
					]
				},
				{
					"name": "RightLeg",
					"parent": "Leg",
					"pivot": [-2.4, 21.15, 0],
					"cubes": [
						{
							"origin": [-4.025, 11.65, -2],
							"size": [3.65, 10, 4],
							"uv": [25, 46]
						}
					]
				},
				{
					"name": "RightLowerLeg",
					"parent": "RightLeg",
					"pivot": [-2.2, 11.7, 0],
					"cubes": [
						{
							"origin": [-3.9, 2, -1.9],
							"size": [3.4, 10, 4],
							"uv": [14, 56]
						}
					]
				},
				{
					"name": "RightFoot",
					"parent": "RightLowerLeg",
					"pivot": [-2.1875, 2.5, -0.1375],
					"cubes": [
						{
							"origin": [-4.125, 0, -2.1],
							"size": [3.875, 4, 4.375],
							"uv": [67, 47]
						},
						{
							"origin": [-4.025, 0, -4.4],
							"size": [3.675, 3, 3],
							"uv": [14, 69]
						},
						{
							"origin": [-3.625, 2.575, -3.2],
							"size": [2.675, 1, 2],
							"pivot": [-2.6875, 2.5, -2.9],
							"rotation": [22.5, 0, 0],
							"uv": [52, 24]
						}
					]
				},
				{
					"name": "Skirt",
					"parent": "DownBody",
					"pivot": [0, 23.85, 0.1],
					"cubes": [
						{
							"origin": [-3.95, 18.65, -2.5],
							"size": [7.95, 2.2, 5],
							"uv": [42, 27]
						},
						{
							"origin": [-4.2, 17.6, -2.8],
							"size": [8.4, 2.2, 5.475],
							"uv": [21, 10]
						},
						{
							"origin": [-4.6, 15.55, -3.1],
							"size": [9.2, 3.2, 6],
							"uv": [22, 18]
						}
					]
				},
				{
					"name": "RightSkirt",
					"parent": "Skirt",
					"pivot": [-3.525, 23.9, 0.0375],
					"rotation": [0, 0, 17.5],
					"cubes": [
						{
							"origin": [-3.625, 18.175, -2.9625],
							"size": [1, 3, 6],
							"uv": [36, 67]
						},
						{
							"origin": [-4.9, 19.275, -2.9625],
							"size": [1, 1, 6],
							"pivot": [-4.175, 19.775, 0.0375],
							"rotation": [-2.5, 0, 27.5],
							"uv": [70, 7]
						},
						{
							"origin": [-3.625, 21.175, -1.9625],
							"size": [1, 3, 4],
							"uv": [32, 66]
						}
					]
				},
				{
					"name": "LeftSkirt",
					"parent": "Skirt",
					"pivot": [3.6, 23.9, 0.0375],
					"rotation": [0, 0, -17.5],
					"cubes": [
						{
							"origin": [2.7, 18.075, -2.9625],
							"size": [1, 3, 6],
							"uv": [92, 36]
						},
						{
							"origin": [3.9, 19.275, -2.9625],
							"size": [1, 1, 6],
							"pivot": [4.175, 19.775, 0.0375],
							"rotation": [-2.5, 0, -27.5],
							"uv": [70, 7],
							"mirror": true
						},
						{
							"origin": [2.7, 21.075, -1.9625],
							"size": [1, 3, 4],
							"uv": [78, 5]
						}
					]
				},
				{
					"name": "FrontSkirt",
					"parent": "Skirt",
					"pivot": [0, 24.25, -2.0125],
					"rotation": [-20, 0, 0],
					"cubes": [
						{
							"origin": [-5.25, 18.25, -2.0625],
							"size": [10.475, 3, 1.1],
							"uv": [65, 42]
						},
						{
							"origin": [-4.25, 21.25, -2.0625],
							"size": [8.475, 3, 1.1],
							"uv": [72, 22]
						},
						{
							"origin": [-1.3, 18.375, -2.2125],
							"size": [1, 7, 1],
							"pivot": [-1.45, 24.95, -1.7125],
							"rotation": [0, 0, 47.5],
							"uv": [66, 26]
						},
						{
							"origin": [0.3, 18.375, -2.2125],
							"size": [1, 7, 1],
							"pivot": [1.45, 24.95, -1.7125],
							"rotation": [0, 0, -47.5],
							"uv": [66, 26],
							"mirror": true
						},
						{
							"origin": [-1.2, 21.79747, -2.15834],
							"size": [0.7, 0.7, 0.7],
							"uv": [1, 83]
						},
						{
							"origin": [-1.25, 19.34747, -2.15834],
							"size": [0.7, 0.7, 0.7],
							"uv": [1, 83]
						},
						{
							"origin": [0.6, 21.79747, -2.15834],
							"size": [0.7, 0.7, 0.7],
							"uv": [1, 83],
							"mirror": true
						},
						{
							"origin": [0.65, 19.34747, -2.15834],
							"size": [0.7, 0.7, 0.7],
							"uv": [1, 83],
							"mirror": true
						}
					]
				},
				{
					"name": "BackSkirt",
					"parent": "Skirt",
					"pivot": [0, 24.1, 2.4125],
					"rotation": [12.5, 0, 0],
					"cubes": [
						{
							"origin": [-5.15, 18.1, 1.3625],
							"size": [10.275, 3, 1.1],
							"uv": [77, 47]
						},
						{
							"origin": [-4.25, 21.1, 1.3625],
							"size": [8.475, 3, 1.1],
							"uv": [70, 26]
						},
						{
							"origin": [-1.3, 18.375, 1.5375],
							"size": [1, 7, 1],
							"pivot": [-1.45, 24.95, 1.7125],
							"rotation": [0, 0, 47.5],
							"uv": [66, 26]
						},
						{
							"origin": [0.3, 18.375, 1.5375],
							"size": [1, 7, 1],
							"pivot": [1.45, 24.95, 1.7125],
							"rotation": [0, 0, -47.5],
							"uv": [66, 26],
							"mirror": true
						}
					]
				}
			]
		}
	]
}