{
	"format_version": "1.12.0",
	"minecraft:geometry": [
		{
			"description": {
				"identifier": "geometry.steve",
				"texture_width": 64,
				"texture_height": 64,
				"visible_bounds_width": 3,
				"visible_bounds_height": 3,
				"visible_bounds_offset": [0, 1.5, 0]
			},
			"bones": [
				{
					"name": "LeftArm",
					"pivot": [1, 26.75, 0],
					"cubes": [
						{
							"origin": [0, 22.75, -2],
							"size": [4, 6, 4],
							"uv": {
								"north": {"uv": [36, 52], "uv_size": [4, 6]},
								"east": {"uv": [32, 52], "uv_size": [4, 6]},
								"south": {"uv": [44, 52], "uv_size": [4, 6]},
								"west": {"uv": [40, 52], "uv_size": [4, 6]},
								"up": {"uv": [36, 48], "uv_size": [4, 4]},
								"down": {"uv": [40, 52], "uv_size": [4, -4]}
							}
						},
						{
							"origin": [0.075, 22, 0.325],
							"size": [3.875, 2.65, 2.475],
							"pivot": [2, 24.825, 0.2],
							"rotation": [-45, 0, 0],
							"uv": {
								"north": {"uv": [36, 56], "uv_size": [4, 3]},
								"east": {"uv": [32, 56], "uv_size": [4, 3]},
								"south": {"uv": [44, 56], "uv_size": [4, 3]},
								"west": {"uv": [40, 56], "uv_size": [4, 3]},
								"up": {"uv": [40, 59], "uv_size": [-4, -3]},
								"down": {"uv": [43.925, 59], "uv_size": [-4, -3]}
							}
						}
					]
				},
				{
					"name": "LeftSleeve",
					"parent": "LeftArm",
					"pivot": [1, 26.75, 0],
					"cubes": [
						{
							"origin": [0, 22.75, -2],
							"size": [4, 6, 4],
							"inflate": 0.25,
							"uv": {
								"north": {"uv": [52, 52], "uv_size": [4, 6]},
								"east": {"uv": [48, 52], "uv_size": [4, 6]},
								"south": {"uv": [60, 52], "uv_size": [4, 6]},
								"west": {"uv": [56, 52], "uv_size": [4, 6]},
								"up": {"uv": [52, 48], "uv_size": [4, 4]},
								"down": {"uv": [60, 52], "uv_size": [4, -4]}
							}
						}
					]
				},
				{
					"name": "LeftForeArm",
					"parent": "LeftArm",
					"pivot": [2, 22.75, 0],
					"cubes": [
						{
							"origin": [0, 16.75, -2],
							"size": [4, 6, 4],
							"uv": {
								"north": {"uv": [36, 58], "uv_size": [4, 6]},
								"east": {"uv": [32, 58], "uv_size": [4, 6]},
								"south": {"uv": [44, 58], "uv_size": [4, 6]},
								"west": {"uv": [40, 58], "uv_size": [4, 6]},
								"up": {"uv": [40, 48], "uv_size": [4, 4]},
								"down": {"uv": [40, 52], "uv_size": [4, -4]}
							}
						}
					]
				},
				{
					"name": "LeftHand",
					"parent": "LeftForeArm",
					"pivot": [2, 22.75, 0],
					"cubes": [
						{
							"origin": [1, 17.25, -1],
							"size": [1, 1, 2],
							"inflate": 0.25,
							"uv": {
								"north": {"uv": [59, 2], "uv_size": [1, 1]},
								"east": {"uv": [57, 2], "uv_size": [2, 1]},
								"south": {"uv": [62, 2], "uv_size": [1, 1]},
								"west": {"uv": [60, 2], "uv_size": [2, 1]},
								"up": {"uv": [59, 0], "uv_size": [1, 2]},
								"down": {"uv": [60, 3], "uv_size": [1, -2]}
							}
						}
					]
				},
				{
					"name": "LeftHandLocator",
					"parent": "LeftHand",
					"pivot": [2, 17.75, 0]
				},
				{
					"name": "LeftForeSleeve",
					"parent": "LeftForeArm",
					"pivot": [1, 20.25, 0],
					"cubes": [
						{
							"origin": [0, 16.25, -2],
							"size": [4, 6, 4],
							"inflate": 0.25,
							"uv": {
								"north": {"uv": [52, 58], "uv_size": [4, 6]},
								"east": {"uv": [48, 58], "uv_size": [4, 6]},
								"south": {"uv": [60, 58], "uv_size": [4, 6]},
								"west": {"uv": [56, 58], "uv_size": [4, 6]},
								"up": {"uv": [48, 48], "uv_size": [4, 4]},
								"down": {"uv": [56, 52], "uv_size": [4, -4]}
							}
						}
					]
				},
				{
					"name": "LeftItem",
					"parent": "LeftArm",
					"pivot": [2, 19.75, 1]
				},
				{
					"name": "RightArm",
					"pivot": [-1, 26.75, 0],
					"cubes": [
						{
							"origin": [-4, 22.75, -2],
							"size": [4, 6, 4],
							"uv": {
								"north": {"uv": [44, 20], "uv_size": [4, 6]},
								"east": {"uv": [40, 20], "uv_size": [4, 6]},
								"south": {"uv": [52, 20], "uv_size": [4, 6]},
								"west": {"uv": [48, 20], "uv_size": [4, 6]},
								"up": {"uv": [44, 16], "uv_size": [4, 4]},
								"down": {"uv": [48, 20], "uv_size": [4, -4]}
							}
						},
						{
							"origin": [-3.95, 22, 0.325],
							"size": [3.875, 2.65, 2.475],
							"pivot": [-2, 24.825, 0.2],
							"rotation": [-45, 0, 0],
							"uv": {
								"north": {"uv": [48, 24], "uv_size": [-4, 3]},
								"east": {"uv": [52, 24], "uv_size": [-4, 3]},
								"south": {"uv": [56, 24], "uv_size": [-4, 3]},
								"west": {"uv": [44, 24], "uv_size": [-4, 3]},
								"up": {"uv": [44, 27], "uv_size": [4, -3]},
								"down": {"uv": [47.925, 27], "uv_size": [4, -3]}
							}
						}
					]
				},
				{
					"name": "RightSleeve",
					"parent": "RightArm",
					"pivot": [-1, 26.75, 0],
					"cubes": [
						{
							"origin": [-4, 22.75, -2],
							"size": [4, 6, 4],
							"inflate": 0.25,
							"uv": {
								"north": {"uv": [44, 36], "uv_size": [4, 6]},
								"east": {"uv": [40, 36], "uv_size": [4, 6]},
								"south": {"uv": [52, 36], "uv_size": [4, 6]},
								"west": {"uv": [48, 36], "uv_size": [4, 6]},
								"up": {"uv": [44, 32], "uv_size": [4, 4]},
								"down": {"uv": [52, 36], "uv_size": [4, -4]}
							}
						}
					]
				},
				{
					"name": "RightForeArm",
					"parent": "RightArm",
					"pivot": [-2, 22.75, 0],
					"cubes": [
						{
							"origin": [-4, 16.75, -2],
							"size": [4, 6, 4],
							"uv": {
								"north": {"uv": [44, 26], "uv_size": [4, 6]},
								"east": {"uv": [40, 26], "uv_size": [4, 6]},
								"south": {"uv": [52, 26], "uv_size": [4, 6]},
								"west": {"uv": [48, 26], "uv_size": [4, 6]},
								"up": {"uv": [48, 16], "uv_size": [4, 4]},
								"down": {"uv": [48, 20], "uv_size": [4, -4]}
							}
						}
					]
				},
				{
					"name": "rightForeSleeve",
					"parent": "RightForeArm",
					"pivot": [-1, 20.25, 0],
					"cubes": [
						{
							"origin": [-4, 16.25, -2],
							"size": [4, 6, 4],
							"inflate": 0.25,
							"uv": {
								"north": {"uv": [44, 42], "uv_size": [4, 6]},
								"east": {"uv": [40, 42], "uv_size": [4, 6]},
								"south": {"uv": [52, 42], "uv_size": [4, 6]},
								"west": {"uv": [48, 42], "uv_size": [4, 6]},
								"up": {"uv": [40, 32], "uv_size": [4, 4]},
								"down": {"uv": [48, 36], "uv_size": [4, -4]}
							}
						}
					]
				},
				{
					"name": "RightHand",
					"parent": "RightForeArm",
					"pivot": [-2, 22.75, 0],
					"cubes": [
						{
							"origin": [-2, 17.25, -1],
							"size": [1, 1, 2],
							"inflate": 0.25,
							"uv": {
								"north": {"uv": [59, 2], "uv_size": [1, 1]},
								"east": {"uv": [57, 2], "uv_size": [2, 1]},
								"south": {"uv": [62, 2], "uv_size": [1, 1]},
								"west": {"uv": [60, 2], "uv_size": [2, 1]},
								"up": {"uv": [59, 0], "uv_size": [1, 2]},
								"down": {"uv": [60, 3], "uv_size": [1, -2]}
							}
						}
					]
				},
				{
					"name": "RightHandLocator",
					"parent": "RightHand",
					"pivot": [-2, 17.75, 0]
				},
				{
					"name": "RightItem",
					"parent": "RightArm",
					"pivot": [-2, 19.75, 1]
				}
			]
		}
	]
}