{
	"format_version": "1.12.0",
	"minecraft:geometry": [
		{
			"description": {
				"identifier": "geometry.steve",
				"texture_width": 128,
				"texture_height": 128,
				"visible_bounds_width": 3,
				"visible_bounds_height": 3,
				"visible_bounds_offset": [0, 1.5, 0]
			},
			"bones": [
				{
					"name": "Root",
					"pivot": [0, 0, 0]
				},
				{
					"name": "MAllBody",
					"parent": "Root",
					"pivot": [0, 12, 0]
				},
				{
					"name": "AllBody",
					"parent": "MAllBody",
					"pivot": [0, 12, 0]
				},
				{
					"name": "UpBody",
					"parent": "AllBody",
					"pivot": [0, 12, 0],
					"cubes": [
						{
							"origin": [-4, 12, -2],
							"size": [8, 6, 4],
							"inflate": 0.25,
							"uv": {
								"north": {"uv": [20, 42], "uv_size": [8, 6]},
								"east": {"uv": [16, 42], "uv_size": [4, 6]},
								"south": {"uv": [32, 42], "uv_size": [8, 6]},
								"west": {"uv": [28, 42], "uv_size": [4, 6]},
								"up": {"uv": [56, 44], "uv_size": [8, 4]},
								"down": {"uv": [28, 36], "uv_size": [8, -4]}
							}
						},
						{
							"origin": [-4, 12, -2],
							"size": [8, 6, 4],
							"uv": {
								"north": {"uv": [20, 26], "uv_size": [8, 6]},
								"east": {"uv": [16, 26], "uv_size": [4, 6]},
								"south": {"uv": [32, 26], "uv_size": [8, 6]},
								"west": {"uv": [28, 26], "uv_size": [4, 6]},
								"up": {"uv": [28, 16], "uv_size": [8, 4]},
								"down": {"uv": [28, 20], "uv_size": [8, -4]}
							}
						}
					]
				},
				{
					"name": "UpperBody",
					"parent": "UpBody",
					"pivot": [0, 18, 0],
					"cubes": [
						{
							"origin": [-4, 18, -2],
							"size": [8, 6, 4],
							"uv": {
								"north": {"uv": [20, 20], "uv_size": [8, 6]},
								"east": {"uv": [16, 20], "uv_size": [4, 6]},
								"south": {"uv": [32, 20], "uv_size": [8, 6]},
								"west": {"uv": [28, 20], "uv_size": [4, 6]},
								"up": {"uv": [20, 16], "uv_size": [8, 4]},
								"down": {"uv": [28, 20], "uv_size": [8, -4]}
							}
						}
					]
				},
				{
					"name": "LeftWaistLocator",
					"parent": "UpperBody",
					"pivot": [4, 13, 0],
					"rotation": [-20, 0, 0]
				},
				{
					"name": "RightWaistLocator",
					"parent": "UpperBody",
					"pivot": [-4, 13, 0],
					"rotation": [-5, 0, 0]
				},
				{
					"name": "AllHead",
					"parent": "UpperBody",
					"pivot": [0, 24, 0]
				},
				{
					"name": "MHead",
					"parent": "AllHead",
					"pivot": [0, 24, 0]
				},
				{
					"name": "Head",
					"parent": "MHead",
					"pivot": [0, 24, 0],
					"cubes": [
						{
							"origin": [-4, 24, -4],
							"size": [8, 8, 8],
							"uv": {
								"north": {"uv": [8, 8], "uv_size": [8, 8]},
								"east": {"uv": [0, 8], "uv_size": [8, 8]},
								"south": {"uv": [24, 8], "uv_size": [8, 8]},
								"west": {"uv": [16, 8], "uv_size": [8, 8]},
								"up": {"uv": [8, 0], "uv_size": [8, 8]},
								"down": {"uv": [16, 8], "uv_size": [8, -8]}
							}
						}
					]
				},
				{
					"name": "Hat",
					"parent": "Head",
					"pivot": [0, 24, 0],
					"cubes": [
						{
							"origin": [-4, 24, -4],
							"size": [8, 8, 8],
							"inflate": 0.5,
							"uv": {
								"north": {"uv": [40, 8], "uv_size": [8, 8]},
								"east": {"uv": [32, 8], "uv_size": [8, 8]},
								"south": {"uv": [56, 8], "uv_size": [8, 8]},
								"west": {"uv": [48, 8], "uv_size": [8, 8]},
								"up": {"uv": [40, 0], "uv_size": [8, 8]},
								"down": {"uv": [48, 8], "uv_size": [8, -8]}
							}
						}
					]
				},
				{
					"name": "Face",
					"parent": "Head",
					"pivot": [0, 24, 0]
				},
				{
					"name": "Eyes",
					"parent": "Face",
					"pivot": [0, 26.95, 2.5]
				},
				{
					"name": "Eyelid",
					"parent": "Eyes",
					"pivot": [0, 26.95, 2.5]
				},
				{
					"name": "RightEyelid",
					"parent": "Eyelid",
					"pivot": [-1.5, 26.15, -0.525],
					"cubes": [
						{
							"origin": [-2.5, 25.94, -1.025],
							"size": [2, 2.02, 1],
							"uv": {
								"north": {"uv": [58, 1], "uv_size": [2, 2.02]},
								"east": {"uv": [57, 1], "uv_size": [1, 2]},
								"south": {"uv": [61, 1], "uv_size": [2, 2]},
								"west": {"uv": [60, 1], "uv_size": [1, 2]},
								"up": {"uv": [58, 0], "uv_size": [2, 1]},
								"down": {"uv": [60, 1], "uv_size": [2, -1]}
							}
						}
					]
				},
				{
					"name": "RightEyelidBase",
					"parent": "RightEyelid",
					"pivot": [-1.325, 26.95, -0.575],
					"cubes": [
						{
							"origin": [-2.025, 25.95, -1.075],
							"size": [1.4, 2, 1],
							"uv": {
								"north": {"uv": [58, 1], "uv_size": [1.4, 2]},
								"east": {"uv": [57, 1], "uv_size": [1, 2]},
								"south": {"uv": [60, 1], "uv_size": [1, 2]},
								"west": {"uv": [59, 1], "uv_size": [1, 2]},
								"up": {"uv": [58, 0], "uv_size": [1, 1]},
								"down": {"uv": [59, 1], "uv_size": [1, -1]}
							}
						}
					]
				},
				{
					"name": "RightPupil",
					"parent": "RightEyelidBase",
					"pivot": [-1.3275, 26.9375, -0.6075],
					"cubes": [
						{
							"origin": [-1.505, 26.76, -1.12],
							"size": [0.35, 0.63, 1],
							"uv": {
								"north": {"uv": [58.5, 1.5], "uv_size": [0.35, 0.63]},
								"east": {"uv": [57.5, 1.5], "uv_size": [1, 0]},
								"south": {"uv": [59.5, 1.5], "uv_size": [0, 0]},
								"west": {"uv": [58.5, 1.5], "uv_size": [1, 0]},
								"up": {"uv": [58.5, 0.5], "uv_size": [0, 1]},
								"down": {"uv": [58.5, 1.5], "uv_size": [0, -1]}
							}
						},
						{
							"origin": [-1.575, 26.66, -1.095],
							"size": [0.5, 0.8, 1],
							"uv": {
								"north": {"uv": [58.5, 1.5], "uv_size": [0.5, 0.8]},
								"east": {"uv": [57.5, 1.5], "uv_size": [1, 0]},
								"south": {"uv": [59.5, 1.5], "uv_size": [0, 0]},
								"west": {"uv": [58.5, 1.5], "uv_size": [1, 0]},
								"up": {"uv": [58.5, 0.5], "uv_size": [0, 1]},
								"down": {"uv": [58.5, 1.5], "uv_size": [0, -1]}
							}
						}
					]
				},
				{
					"name": "RightEyesDot",
					"parent": "RightEyelidBase",
					"pivot": [-3.82, 26.7925, -0.9925],
					"cubes": [
						{
							"origin": [-1, 27.3, -1.1],
							"size": [0.46, 0.25, 0.2],
							"uv": {
								"north": {"uv": [58.5, 0.5], "uv_size": [0.46, 0.25]},
								"east": {"uv": [58.5, 0.5], "uv_size": [0, 0]},
								"south": {"uv": [58.5, 0.5], "uv_size": [0, 0]},
								"west": {"uv": [58.5, 0.5], "uv_size": [0, 0]},
								"up": {"uv": [58.5, 0.5], "uv_size": [0, 0]},
								"down": {"uv": [58.5, 0.5], "uv_size": [0, 0]}
							}
						},
						{
							"origin": [-2.025, 25.96, -1.085],
							"size": [1.4, 0.45, 0.2],
							"uv": {
								"north": {"uv": [57.5, 1.5], "uv_size": [1.4, 0.45]},
								"east": {"uv": [57.5, 1.5], "uv_size": [0, 0]},
								"south": {"uv": [58.5, 1.5], "uv_size": [1, 0]},
								"west": {"uv": [58.5, 1.5], "uv_size": [0, 0]},
								"up": {"uv": [57.5, 1.5], "uv_size": [1, 0]},
								"down": {"uv": [58.5, 1.5], "uv_size": [1, 0]}
							}
						}
					]
				},
				{
					"name": "LeftEyelid",
					"parent": "Eyelid",
					"pivot": [1.5, 26.15, -0.525],
					"cubes": [
						{
							"origin": [0.5, 25.94, -1.025],
							"size": [2, 2.02, 1],
							"uv": {
								"north": {"uv": [58, 1], "uv_size": [2, 2.02]},
								"east": {"uv": [57, 1], "uv_size": [1, 2]},
								"south": {"uv": [61, 1], "uv_size": [2, 2]},
								"west": {"uv": [60, 1], "uv_size": [1, 2]},
								"up": {"uv": [58, 0], "uv_size": [2, 1]},
								"down": {"uv": [60, 1], "uv_size": [2, -1]}
							}
						}
					]
				},
				{
					"name": "LeftEyelidBase",
					"parent": "LeftEyelid",
					"pivot": [1.325, 26.95, -0.575],
					"cubes": [
						{
							"origin": [0.625, 25.95, -1.075],
							"size": [1.4, 2, 1],
							"uv": {
								"north": {"uv": [58, 1], "uv_size": [1.4, 2]},
								"east": {"uv": [57, 1], "uv_size": [1, 2]},
								"south": {"uv": [60, 1], "uv_size": [1, 2]},
								"west": {"uv": [59, 1], "uv_size": [1, 2]},
								"up": {"uv": [58, 0], "uv_size": [1, 1]},
								"down": {"uv": [59, 1], "uv_size": [1, -1]}
							}
						}
					]
				},
				{
					"name": "LeftPupil",
					"parent": "LeftEyelidBase",
					"pivot": [1.3275, 26.9375, -0.6075],
					"cubes": [
						{
							"origin": [1.075, 26.66, -1.095],
							"size": [0.5, 0.8, 1],
							"uv": {
								"north": {"uv": [58.5, 1.5], "uv_size": [0.5, 0.8]},
								"east": {"uv": [57.5, 1.5], "uv_size": [1, 0]},
								"south": {"uv": [59.5, 1.5], "uv_size": [0, 0]},
								"west": {"uv": [58.5, 1.5], "uv_size": [1, 0]},
								"up": {"uv": [58.5, 0.5], "uv_size": [0, 1]},
								"down": {"uv": [58.5, 1.5], "uv_size": [0, -1]}
							}
						},
						{
							"origin": [1.155, 26.76, -1.12],
							"size": [0.35, 0.63, 1],
							"uv": {
								"north": {"uv": [58.5, 1.5], "uv_size": [0.35, 0.63]},
								"east": {"uv": [57.5, 1.5], "uv_size": [1, 0]},
								"south": {"uv": [59.5, 1.5], "uv_size": [0, 0]},
								"west": {"uv": [58.5, 1.5], "uv_size": [1, 0]},
								"up": {"uv": [58.5, 0.5], "uv_size": [0, 1]},
								"down": {"uv": [58.5, 1.5], "uv_size": [0, -1]}
							}
						}
					]
				},
				{
					"name": "LeftEyesDot",
					"parent": "LeftEyelidBase",
					"pivot": [1.5675, 26.7925, -0.9925],
					"cubes": [
						{
							"origin": [0.625, 25.96, -1.085],
							"size": [1.4, 0.45, 0.2],
							"uv": {
								"north": {"uv": [57.5, 1.5], "uv_size": [1.4, 0.45]},
								"east": {"uv": [57.5, 1.5], "uv_size": [0, 0]},
								"south": {"uv": [58.5, 1.5], "uv_size": [1, 0]},
								"west": {"uv": [58.5, 1.5], "uv_size": [0, 0]},
								"up": {"uv": [57.5, 1.5], "uv_size": [1, 0]},
								"down": {"uv": [58.5, 1.5], "uv_size": [1, 0]}
							}
						},
						{
							"origin": [1.625, 27.3, -1.1],
							"size": [0.46, 0.25, 0.2],
							"uv": {
								"north": {"uv": [58.5, 0.5], "uv_size": [0.46, 0.25]},
								"east": {"uv": [58.5, 0.5], "uv_size": [0, 0]},
								"south": {"uv": [58.5, 0.5], "uv_size": [0, 0]},
								"west": {"uv": [58.5, 0.5], "uv_size": [0, 0]},
								"up": {"uv": [58.5, 0.5], "uv_size": [0, 0]},
								"down": {"uv": [58.5, 0.5], "uv_size": [0, 0]}
							}
						}
					]
				},
				{
					"name": "LeftEyebrow",
					"parent": "Eyes",
					"pivot": [1.875, 27.75, -0.7],
					"cubes": [
						{
							"origin": [0.375, 27.75, -1.2],
							"size": [2.3, 1, 1],
							"uv": {
								"north": {"uv": [58, 1], "uv_size": [2.3, 1]},
								"east": {"uv": [57, 1], "uv_size": [1, 1]},
								"south": {"uv": [61, 1], "uv_size": [2, 1]},
								"west": {"uv": [60, 1], "uv_size": [1, 1]},
								"up": {"uv": [58, 0], "uv_size": [2, 1]},
								"down": {"uv": [60, 1], "uv_size": [2, -1]}
							}
						},
						{
							"origin": [2.35, 27.475, -1.375],
							"size": [1.1, 1, 1],
							"uv": {
								"north": {"uv": [58, 1], "uv_size": [1.1, 1]},
								"east": {"uv": [57, 1], "uv_size": [1, 1]},
								"south": {"uv": [60, 1], "uv_size": [1, 1]},
								"west": {"uv": [59, 1], "uv_size": [1, 1]},
								"up": {"uv": [58, 0], "uv_size": [1, 1]},
								"down": {"uv": [59, 1], "uv_size": [1, -1]}
							}
						}
					]
				},
				{
					"name": "RightEyebrow",
					"parent": "Eyes",
					"pivot": [-1.875, 27.75, -0.7],
					"cubes": [
						{
							"origin": [-2.675, 27.75, -1.2],
							"size": [2.3, 1, 1],
							"uv": {
								"north": {"uv": [58, 1], "uv_size": [2.3, 1]},
								"east": {"uv": [57, 1], "uv_size": [1, 1]},
								"south": {"uv": [61, 1], "uv_size": [2, 1]},
								"west": {"uv": [60, 1], "uv_size": [1, 1]},
								"up": {"uv": [58, 0], "uv_size": [2, 1]},
								"down": {"uv": [60, 1], "uv_size": [2, -1]}
							}
						},
						{
							"origin": [-3.45, 27.475, -1.375],
							"size": [1.1, 1, 1],
							"uv": {
								"north": {"uv": [58, 1], "uv_size": [1.1, 1]},
								"east": {"uv": [57, 1], "uv_size": [1, 1]},
								"south": {"uv": [60, 1], "uv_size": [1, 1]},
								"west": {"uv": [59, 1], "uv_size": [1, 1]},
								"up": {"uv": [58, 0], "uv_size": [1, 1]},
								"down": {"uv": [59, 1], "uv_size": [1, -1]}
							}
						}
					]
				},
				{
					"name": "Jacket",
					"parent": "UpperBody",
					"pivot": [0, 24, 0],
					"cubes": [
						{
							"origin": [-4, 18, -2],
							"size": [8, 6, 4],
							"inflate": 0.25,
							"uv": {
								"north": {"uv": [20, 36], "uv_size": [8, 6]},
								"east": {"uv": [16, 36], "uv_size": [4, 6]},
								"south": {"uv": [32, 36], "uv_size": [8, 6]},
								"west": {"uv": [28, 36], "uv_size": [4, 6]},
								"up": {"uv": [20, 32], "uv_size": [8, 4]},
								"down": {"uv": [56, 44], "uv_size": [8, -4]}
							}
						}
					]
				},
				{
					"name": "cape",
					"parent": "UpperBody",
					"pivot": [0, 24, -3]
				},
				{
					"name": "Arm",
					"parent": "UpperBody",
					"pivot": [0, 22, 0]
				},
				{
					"name": "RightArm",
					"parent": "Arm",
					"pivot": [-5, 21.5, 0],
					"cubes": [
						{
							"origin": [-8, 17.5, -2],
							"size": [4, 6, 4],
							"uv": {
								"north": {"uv": [44, 20], "uv_size": [4, 6]},
								"east": {"uv": [40, 20], "uv_size": [4, 6]},
								"south": {"uv": [52, 20], "uv_size": [4, 6]},
								"west": {"uv": [48, 20], "uv_size": [4, 6]},
								"up": {"uv": [44, 16], "uv_size": [4, 4]},
								"down": {"uv": [48, 20], "uv_size": [4, -4]}
							}
						},
						{
							"origin": [-7.95, 16.75, 0.325],
							"size": [3.875, 2.65, 2.475],
							"pivot": [-6, 19.575, 0.2],
							"rotation": [-45, 0, 0],
							"uv": {
								"north": {"uv": [48, 24], "uv_size": [-4, 3]},
								"east": {"uv": [52, 24], "uv_size": [-4, 3]},
								"south": {"uv": [56, 24], "uv_size": [-4, 3]},
								"west": {"uv": [44, 24], "uv_size": [-4, 3]},
								"up": {"uv": [44, 27], "uv_size": [4, -3]},
								"down": {"uv": [47.925, 27], "uv_size": [4, -3]}
							}
						}
					]
				},
				{
					"name": "RightSleeve",
					"parent": "RightArm",
					"pivot": [-5, 21.5, 0],
					"cubes": [
						{
							"origin": [-8, 17.5, -2],
							"size": [4, 6, 4],
							"inflate": 0.25,
							"uv": {
								"north": {"uv": [44, 36], "uv_size": [4, 6]},
								"east": {"uv": [40, 36], "uv_size": [4, 6]},
								"south": {"uv": [52, 36], "uv_size": [4, 6]},
								"west": {"uv": [48, 36], "uv_size": [4, 6]},
								"up": {"uv": [44, 32], "uv_size": [4, 4]},
								"down": {"uv": [52, 36], "uv_size": [4, -4]}
							}
						}
					]
				},
				{
					"name": "RightForeArm",
					"parent": "RightArm",
					"pivot": [-6, 17.5, 0],
					"cubes": [
						{
							"origin": [-8, 11.5, -2],
							"size": [4, 6, 4],
							"uv": {
								"north": {"uv": [44, 26], "uv_size": [4, 6]},
								"east": {"uv": [40, 26], "uv_size": [4, 6]},
								"south": {"uv": [52, 26], "uv_size": [4, 6]},
								"west": {"uv": [48, 26], "uv_size": [4, 6]},
								"up": {"uv": [48, 16], "uv_size": [4, 4]},
								"down": {"uv": [48, 20], "uv_size": [4, -4]}
							}
						}
					]
				},
				{
					"name": "rightForeSleeve",
					"parent": "RightForeArm",
					"pivot": [-5, 15, 0],
					"cubes": [
						{
							"origin": [-8, 11, -2],
							"size": [4, 6, 4],
							"inflate": 0.25,
							"uv": {
								"north": {"uv": [44, 42], "uv_size": [4, 6]},
								"east": {"uv": [40, 42], "uv_size": [4, 6]},
								"south": {"uv": [52, 42], "uv_size": [4, 6]},
								"west": {"uv": [48, 42], "uv_size": [4, 6]},
								"up": {"uv": [40, 32], "uv_size": [4, 4]},
								"down": {"uv": [48, 36], "uv_size": [4, -4]}
							}
						}
					]
				},
				{
					"name": "RightHand",
					"parent": "RightForeArm",
					"pivot": [-6, 12.5, 0],
					"cubes": [
						{
							"origin": [-6, 12, -1],
							"size": [1, 1, 2],
							"inflate": 0.25,
							"uv": {
								"north": {"uv": [59, 2], "uv_size": [1, 1]},
								"east": {"uv": [57, 2], "uv_size": [2, 1]},
								"south": {"uv": [62, 2], "uv_size": [1, 1]},
								"west": {"uv": [60, 2], "uv_size": [2, 1]},
								"up": {"uv": [59, 0], "uv_size": [1, 2]},
								"down": {"uv": [60, 3], "uv_size": [1, -2]}
							}
						}
					]
				},
				{
					"name": "RightHandLocator",
					"parent": "RightHand",
					"pivot": [-6, 12.5, 0]
				},
				{
					"name": "RightExoFore",
					"parent": "RightForeArm",
					"pivot": [-8.40524, 14.0428, -1.06736],
					"cubes": [
						{
							"origin": [-9.82874, 15.17381, -1.13538],
							"size": [0.75, 2.5, 2],
							"pivot": [-9.32874, 18.67381, -0.38538],
							"rotation": [-7.5, 0, 0],
							"uv": {
								"north": {"uv": [39, 5], "uv_size": [1, 3]},
								"east": {"uv": [62, 30], "uv_size": [2, 3]},
								"south": {"uv": [16, 67], "uv_size": [1, 3]},
								"west": {"uv": [62, 33], "uv_size": [2, 3]},
								"up": {"uv": [68, 4], "uv_size": [1, 2]},
								"down": {"uv": [68, 8], "uv_size": [1, -2]}
							}
						},
						{
							"origin": [-10.34698, 13.31207, -1.44631],
							"size": [0.75, 2, 2],
							"pivot": [-9.84698, 16.31207, -0.69631],
							"rotation": [-6.66067, -3.45533, -27.29887],
							"uv": {
								"north": {"uv": [68, 8], "uv_size": [1, 2]},
								"east": {"uv": [42, 64], "uv_size": [2, 2]},
								"south": {"uv": [68, 10], "uv_size": [1, 2]},
								"west": {"uv": [64, 43], "uv_size": [2, 2]},
								"up": {"uv": [68, 12], "uv_size": [1, 2]},
								"down": {"uv": [68, 16], "uv_size": [1, -2]}
							}
						},
						{
							"origin": [-8.50524, 12.7928, -2.31736],
							"size": [4.85, 1.25, 4.6],
							"uv": {
								"north": {"uv": [12, 19], "uv_size": [5, 1]},
								"east": {"uv": [31, 64], "uv_size": [5, 1]},
								"south": {"uv": [64, 31], "uv_size": [5, 1]},
								"west": {"uv": [64, 32], "uv_size": [5, 1]},
								"up": {"uv": [0, 0], "uv_size": [5, 5]},
								"down": {"uv": [24, 5], "uv_size": [5, -5]}
							}
						}
					]
				},
				{
					"name": "RightItem",
					"parent": "RightArm",
					"pivot": [-6, 14.5, 1]
				},
				{
					"name": "RightExoArm",
					"parent": "RightArm",
					"pivot": [-8.40524, 14.0428, -1.06736],
					"cubes": [
						{
							"origin": [-6.75, 22.5, 5.25],
							"size": [1.5, 0.75, 0.75],
							"pivot": [-6.25, 27, 5.75],
							"rotation": [-45, 0, 0],
							"uv": {
								"north": {"uv": [67, 27], "uv_size": [2, 1]},
								"east": {"uv": [3, 19], "uv_size": [1, 1]},
								"south": {"uv": [67, 29], "uv_size": [2, 1]},
								"west": {"uv": [56, 1], "uv_size": [1, 1]},
								"up": {"uv": [67, 30], "uv_size": [2, 1]},
								"down": {"uv": [67, 40], "uv_size": [2, -1]}
							}
						},
						{
							"origin": [-8.25, 22.25, 5],
							"size": [1.75, 1.25, 1.25],
							"pivot": [-7.75, 27, 5.75],
							"rotation": [-45, 0, 0],
							"uv": {
								"north": {"uv": [67, 40], "uv_size": [2, 1]},
								"east": {"uv": [59, 30], "uv_size": [1, 1]},
								"south": {"uv": [67, 41], "uv_size": [2, 1]},
								"west": {"uv": [62, 0], "uv_size": [1, 1]},
								"up": {"uv": [67, 45], "uv_size": [2, 1]},
								"down": {"uv": [67, 47], "uv_size": [2, -1]}
							}
						},
						{
							"origin": [-9.75, 19.25, 0],
							"size": [0.75, 3.75, 2],
							"pivot": [-9.25, 23.5, 0.75],
							"rotation": [-7.5, 0, 0],
							"uv": {
								"north": {"uv": [19, 48], "uv_size": [1, 4]},
								"east": {"uv": [30, 48], "uv_size": [2, 4]},
								"south": {"uv": [41, 64], "uv_size": [1, 4]},
								"west": {"uv": [32, 48], "uv_size": [2, 4]},
								"up": {"uv": [40, 67], "uv_size": [1, 2]},
								"down": {"uv": [67, 49], "uv_size": [1, -2]}
							}
						},
						{
							"origin": [-11.43402, 18.53175, 0.03263],
							"size": [0.75, 1.25, 2],
							"pivot": [-9.25, 23.74786, 0.78263],
							"rotation": [-6.93488, -2.86313, -22.32648],
							"uv": {
								"north": {"uv": [63, 29], "uv_size": [1, 1]},
								"east": {"uv": [67, 59], "uv_size": [2, 1]},
								"south": {"uv": [64, 63], "uv_size": [1, 1]},
								"west": {"uv": [67, 60], "uv_size": [2, 1]},
								"up": {"uv": [67, 61], "uv_size": [1, 2]},
								"down": {"uv": [67, 65], "uv_size": [1, -2]}
							}
						},
						{
							"origin": [-9.32874, 17.17167, -0.60275],
							"size": [0.75, 1.25, 2],
							"pivot": [-8.82874, 18.92167, 0.14725],
							"rotation": [-7.5, 0, 0],
							"uv": {
								"north": {"uv": [65, 42], "uv_size": [1, 1]},
								"east": {"uv": [65, 67], "uv_size": [2, 1]},
								"south": {"uv": [69, 41], "uv_size": [1, 1]},
								"west": {"uv": [67, 65], "uv_size": [2, 1]},
								"up": {"uv": [67, 66], "uv_size": [1, 2]},
								"down": {"uv": [68, 2], "uv_size": [1, -2]}
							}
						},
						{
							"origin": [-7.75, 22, 2.5],
							"size": [0.75, 2.25, 1.25],
							"pivot": [-7.25, 25.25, 2.75],
							"rotation": [-33.39016, -5.76129, 44.80396],
							"uv": {
								"north": {"uv": [68, 16], "uv_size": [1, 2]},
								"east": {"uv": [68, 18], "uv_size": [1, 2]},
								"south": {"uv": [22, 68], "uv_size": [1, 2]},
								"west": {"uv": [23, 68], "uv_size": [1, 2]},
								"up": {"uv": [69, 46], "uv_size": [1, 1]},
								"down": {"uv": [69, 66], "uv_size": [1, -1]}
							}
						}
					]
				},
				{
					"name": "LeftArm",
					"parent": "Arm",
					"pivot": [5, 21.5, 0],
					"cubes": [
						{
							"origin": [4, 17.5, -2],
							"size": [4, 6, 4],
							"uv": {
								"north": {"uv": [36, 52], "uv_size": [4, 6]},
								"east": {"uv": [32, 52], "uv_size": [4, 6]},
								"south": {"uv": [44, 52], "uv_size": [4, 6]},
								"west": {"uv": [40, 52], "uv_size": [4, 6]},
								"up": {"uv": [36, 48], "uv_size": [4, 4]},
								"down": {"uv": [40, 52], "uv_size": [4, -4]}
							}
						},
						{
							"origin": [4.075, 16.75, 0.325],
							"size": [3.875, 2.65, 2.475],
							"pivot": [6, 19.575, 0.2],
							"rotation": [-45, 0, 0],
							"uv": {
								"north": {"uv": [36, 56], "uv_size": [4, 3]},
								"east": {"uv": [32, 56], "uv_size": [4, 3]},
								"south": {"uv": [44, 56], "uv_size": [4, 3]},
								"west": {"uv": [40, 56], "uv_size": [4, 3]},
								"up": {"uv": [40, 59], "uv_size": [-4, -3]},
								"down": {"uv": [43.925, 59], "uv_size": [-4, -3]}
							}
						}
					]
				},
				{
					"name": "LeftSleeve",
					"parent": "LeftArm",
					"pivot": [5, 21.5, 0],
					"cubes": [
						{
							"origin": [4, 17.5, -2],
							"size": [4, 6, 4],
							"inflate": 0.25,
							"uv": {
								"north": {"uv": [52, 52], "uv_size": [4, 6]},
								"east": {"uv": [48, 52], "uv_size": [4, 6]},
								"south": {"uv": [60, 52], "uv_size": [4, 6]},
								"west": {"uv": [56, 52], "uv_size": [4, 6]},
								"up": {"uv": [52, 48], "uv_size": [4, 4]},
								"down": {"uv": [60, 52], "uv_size": [4, -4]}
							}
						}
					]
				},
				{
					"name": "LeftForeArm",
					"parent": "LeftArm",
					"pivot": [6, 17.5, 0],
					"cubes": [
						{
							"origin": [4, 11.5, -2],
							"size": [4, 6, 4],
							"uv": {
								"north": {"uv": [36, 58], "uv_size": [4, 6]},
								"east": {"uv": [32, 58], "uv_size": [4, 6]},
								"south": {"uv": [44, 58], "uv_size": [4, 6]},
								"west": {"uv": [40, 58], "uv_size": [4, 6]},
								"up": {"uv": [40, 48], "uv_size": [4, 4]},
								"down": {"uv": [40, 52], "uv_size": [4, -4]}
							}
						}
					]
				},
				{
					"name": "LeftHand",
					"parent": "LeftForeArm",
					"pivot": [6, 12.5, 0],
					"cubes": [
						{
							"origin": [5, 12, -1],
							"size": [1, 1, 2],
							"inflate": 0.25,
							"uv": {
								"north": {"uv": [59, 2], "uv_size": [1, 1]},
								"east": {"uv": [57, 2], "uv_size": [2, 1]},
								"south": {"uv": [62, 2], "uv_size": [1, 1]},
								"west": {"uv": [60, 2], "uv_size": [2, 1]},
								"up": {"uv": [59, 0], "uv_size": [1, 2]},
								"down": {"uv": [60, 3], "uv_size": [1, -2]}
							}
						}
					]
				},
				{
					"name": "LeftHandLocator",
					"parent": "LeftHand",
					"pivot": [6, 12.5, 0]
				},
				{
					"name": "LeftForeSleeve",
					"parent": "LeftForeArm",
					"pivot": [5, 15, 0],
					"cubes": [
						{
							"origin": [4, 11, -2],
							"size": [4, 6, 4],
							"inflate": 0.25,
							"uv": {
								"north": {"uv": [52, 58], "uv_size": [4, 6]},
								"east": {"uv": [48, 58], "uv_size": [4, 6]},
								"south": {"uv": [60, 58], "uv_size": [4, 6]},
								"west": {"uv": [56, 58], "uv_size": [4, 6]},
								"up": {"uv": [48, 48], "uv_size": [4, 4]},
								"down": {"uv": [56, 52], "uv_size": [4, -4]}
							}
						}
					]
				},
				{
					"name": "LeftExoFore",
					"parent": "LeftForeArm",
					"pivot": [8.40524, 14.0428, -1.06736],
					"cubes": [
						{
							"origin": [9.07874, 15.17381, -1.13538],
							"size": [0.75, 2.5, 2],
							"pivot": [9.32874, 18.67381, -0.38538],
							"rotation": [-7.5, 0, 0],
							"uv": {
								"north": {"uv": [17, 67], "uv_size": [1, 3]},
								"east": {"uv": [63, 26], "uv_size": [2, 3]},
								"south": {"uv": [18, 67], "uv_size": [1, 3]},
								"west": {"uv": [0, 64], "uv_size": [2, 3]},
								"up": {"uv": [49, 68], "uv_size": [1, 2]},
								"down": {"uv": [50, 70], "uv_size": [1, -2]}
							}
						},
						{
							"origin": [9.59698, 13.31207, -1.44631],
							"size": [0.75, 2, 2],
							"pivot": [9.84698, 16.31207, -0.69631],
							"rotation": [-6.66067, 3.45533, 27.29887],
							"uv": {
								"north": {"uv": [68, 50], "uv_size": [1, 2]},
								"east": {"uv": [47, 64], "uv_size": [2, 2]},
								"south": {"uv": [51, 68], "uv_size": [1, 2]},
								"west": {"uv": [49, 64], "uv_size": [2, 2]},
								"up": {"uv": [52, 68], "uv_size": [1, 2]},
								"down": {"uv": [68, 54], "uv_size": [1, -2]}
							}
						},
						{
							"origin": [3.65524, 12.7928, -2.31736],
							"size": [4.85, 1.25, 4.6],
							"uv": {
								"north": {"uv": [64, 33], "uv_size": [5, 1]},
								"east": {"uv": [64, 34], "uv_size": [5, 1]},
								"south": {"uv": [64, 35], "uv_size": [5, 1]},
								"west": {"uv": [36, 64], "uv_size": [5, 1]},
								"up": {"uv": [29, 0], "uv_size": [5, 5]},
								"down": {"uv": [34, 5], "uv_size": [5, -5]}
							}
						}
					]
				},
				{
					"name": "LeftItem",
					"parent": "LeftArm",
					"pivot": [6, 14.5, 1]
				},
				{
					"name": "LeftExoArm",
					"parent": "LeftArm",
					"pivot": [8.40524, 14.0428, -1.06736],
					"cubes": [
						{
							"origin": [5.25, 22.5, 5.25],
							"size": [1.5, 0.75, 0.75],
							"pivot": [6.25, 27, 5.75],
							"rotation": [-45, 0, 0],
							"uv": {
								"north": {"uv": [68, 24], "uv_size": [2, 1]},
								"east": {"uv": [22, 70], "uv_size": [1, 1]},
								"south": {"uv": [68, 25], "uv_size": [2, 1]},
								"west": {"uv": [70, 22], "uv_size": [1, 1]},
								"up": {"uv": [26, 68], "uv_size": [2, 1]},
								"down": {"uv": [28, 69], "uv_size": [2, -1]}
							}
						},
						{
							"origin": [6.5, 22.25, 5],
							"size": [1.75, 1.25, 1.25],
							"pivot": [7.75, 27, 5.75],
							"rotation": [-45, 0, 0],
							"uv": {
								"north": {"uv": [68, 28], "uv_size": [2, 1]},
								"east": {"uv": [23, 70], "uv_size": [1, 1]},
								"south": {"uv": [68, 36], "uv_size": [2, 1]},
								"west": {"uv": [70, 23], "uv_size": [1, 1]},
								"up": {"uv": [68, 37], "uv_size": [2, 1]},
								"down": {"uv": [68, 39], "uv_size": [2, -1]}
							}
						},
						{
							"origin": [9, 19.25, 0],
							"size": [0.75, 3.75, 2],
							"pivot": [9.25, 23.5, 0.75],
							"rotation": [-7.5, 0, 0],
							"uv": {
								"north": {"uv": [64, 45], "uv_size": [1, 4]},
								"east": {"uv": [46, 48], "uv_size": [2, 4]},
								"south": {"uv": [46, 64], "uv_size": [1, 4]},
								"west": {"uv": [52, 16], "uv_size": [2, 4]},
								"up": {"uv": [41, 68], "uv_size": [1, 2]},
								"down": {"uv": [42, 70], "uv_size": [1, -2]}
							}
						},
						{
							"origin": [10.68402, 18.53175, 0.03263],
							"size": [0.75, 1.25, 2],
							"pivot": [9.25, 23.74786, 0.78263],
							"rotation": [-6.93488, 2.86313, 22.32648],
							"uv": {
								"north": {"uv": [24, 70], "uv_size": [1, 1]},
								"east": {"uv": [68, 42], "uv_size": [2, 1]},
								"south": {"uv": [70, 24], "uv_size": [1, 1]},
								"west": {"uv": [43, 68], "uv_size": [2, 1]},
								"up": {"uv": [45, 68], "uv_size": [1, 2]},
								"down": {"uv": [46, 70], "uv_size": [1, -2]}
							}
						},
						{
							"origin": [8.57874, 17.17167, -0.60275],
							"size": [0.75, 1.25, 2],
							"pivot": [8.82874, 18.92167, 0.14725],
							"rotation": [-7.5, 0, 0],
							"uv": {
								"north": {"uv": [25, 70], "uv_size": [1, 1]},
								"east": {"uv": [68, 43], "uv_size": [2, 1]},
								"south": {"uv": [70, 25], "uv_size": [1, 1]},
								"west": {"uv": [68, 47], "uv_size": [2, 1]},
								"up": {"uv": [48, 68], "uv_size": [1, 2]},
								"down": {"uv": [68, 50], "uv_size": [1, -2]}
							}
						},
						{
							"origin": [7, 22, 2.5],
							"size": [0.75, 2.25, 1.25],
							"pivot": [7.25, 25.25, 2.75],
							"rotation": [-33.39016, 5.76129, -44.80396],
							"uv": {
								"north": {"uv": [53, 68], "uv_size": [1, 2]},
								"east": {"uv": [68, 54], "uv_size": [1, 2]},
								"south": {"uv": [56, 68], "uv_size": [1, 2]},
								"west": {"uv": [68, 56], "uv_size": [1, 2]},
								"up": {"uv": [26, 70], "uv_size": [1, 1]},
								"down": {"uv": [27, 71], "uv_size": [1, -1]}
							}
						}
					]
				},
				{
					"name": "ElytraLocator",
					"parent": "UpperBody",
					"pivot": [0, 23, 2]
				},
				{
					"name": "RifleLocator",
					"parent": "UpperBody",
					"pivot": [0, 18, 2],
					"rotation": [0, 0, 45]
				},
				{
					"name": "PistolLocator",
					"parent": "UpperBody",
					"pivot": [-4, 15, 0],
					"rotation": [-30, 0, 0]
				},
				{
					"name": "LeftShoulderLocator",
					"parent": "UpperBody",
					"pivot": [6, 23.75, 0]
				},
				{
					"name": "RightShoulderLocator",
					"parent": "UpperBody",
					"pivot": [-6, 23.75, 0]
				},
				{
					"name": "upperbodyy",
					"parent": "UpperBody",
					"pivot": [-4.25, 22, 5.5],
					"cubes": [
						{
							"origin": [-6.5, 20.5, 2.75],
							"size": [2, 4, 1],
							"pivot": [-4.75, 23, 5.5],
							"rotation": [0, 0, -12.5],
							"uv": {
								"north": {"uv": [42, 16], "uv_size": [2, 4]},
								"east": {"uv": [19, 32], "uv_size": [1, 4]},
								"south": {"uv": [28, 48], "uv_size": [2, 4]},
								"west": {"uv": [39, 32], "uv_size": [1, 4]},
								"up": {"uv": [56, 0], "uv_size": [2, 1]},
								"down": {"uv": [67, 27], "uv_size": [2, -1]}
							}
						},
						{
							"origin": [4.5, 20.5, 2.75],
							"size": [2, 4, 1],
							"pivot": [4.75, 23, 5.5],
							"rotation": [0, 0, 12.5],
							"uv": {
								"north": {"uv": [34, 48], "uv_size": [2, 4]},
								"east": {"uv": [44, 64], "uv_size": [1, 4]},
								"south": {"uv": [44, 48], "uv_size": [2, 4]},
								"west": {"uv": [45, 64], "uv_size": [1, 4]},
								"up": {"uv": [68, 23], "uv_size": [2, 1]},
								"down": {"uv": [24, 69], "uv_size": [2, -1]}
							}
						}
					]
				},
				{
					"name": "Booster",
					"parent": "upperbodyy",
					"pivot": [3.76401, 18.55247, 4.79276],
					"cubes": [
						{
							"origin": [-1, 16, 2.5],
							"size": [2, 5, 1],
							"pivot": [0, 19, 3.5],
							"rotation": [-10, 0, 0],
							"uv": {
								"north": {"uv": [56, 31], "uv_size": [2, 5]},
								"east": {"uv": [39, 0], "uv_size": [1, 5]},
								"south": {"uv": [58, 31], "uv_size": [2, 5]},
								"west": {"uv": [64, 38], "uv_size": [1, 5]},
								"up": {"uv": [57, 68], "uv_size": [2, 1]},
								"down": {"uv": [68, 59], "uv_size": [2, -1]}
							}
						},
						{
							"origin": [-2, 16.5, 2.5],
							"size": [4, 4.5, 3],
							"uv": {
								"north": {"uv": [56, 16], "uv_size": [4, 5]},
								"east": {"uv": [5, 0], "uv_size": [3, 5]},
								"south": {"uv": [56, 21], "uv_size": [4, 5]},
								"west": {"uv": [56, 26], "uv_size": [3, 5]},
								"up": {"uv": [0, 5], "uv_size": [4, 3]},
								"down": {"uv": [4, 8], "uv_size": [4, -3]}
							}
						},
						{
							"origin": [-2, 14.65224, 1.73463],
							"size": [4, 2, 3],
							"pivot": [0, 14.65224, 4.73463],
							"rotation": [-22.5, 0, 0],
							"uv": {
								"north": {"uv": [56, 4], "uv_size": [4, 2]},
								"east": {"uv": [62, 36], "uv_size": [3, 2]},
								"south": {"uv": [56, 6], "uv_size": [4, 2]},
								"west": {"uv": [63, 0], "uv_size": [3, 2]},
								"up": {"uv": [0, 16], "uv_size": [4, 3]},
								"down": {"uv": [12, 19], "uv_size": [4, -3]}
							}
						},
						{
							"origin": [-2, 20.92388, 2.11732],
							"size": [4, 3, 3],
							"pivot": [0, 21.92388, 5.11732],
							"rotation": [22.5, 0, 0],
							"uv": {
								"north": {"uv": [16, 16], "uv_size": [4, 3]},
								"east": {"uv": [36, 5], "uv_size": [3, 3]},
								"south": {"uv": [24, 5], "uv_size": [4, 3]},
								"west": {"uv": [16, 48], "uv_size": [3, 3]},
								"up": {"uv": [28, 5], "uv_size": [4, 3]},
								"down": {"uv": [32, 8], "uv_size": [4, -3]}
							}
						},
						{
							"origin": [2, 17.5, 2.5],
							"size": [1.5, 3, 2.25],
							"uv": {
								"north": {"uv": [2, 64], "uv_size": [2, 3]},
								"east": {"uv": [4, 64], "uv_size": [2, 3]},
								"south": {"uv": [6, 64], "uv_size": [2, 3]},
								"west": {"uv": [8, 64], "uv_size": [2, 3]},
								"up": {"uv": [64, 49], "uv_size": [2, 2]},
								"down": {"uv": [51, 66], "uv_size": [2, -2]}
							}
						},
						{
							"origin": [1.15747, 19.73567, 2.5],
							"size": [1.5, 2, 2.25],
							"pivot": [1.15747, 22.23567, 5.5],
							"rotation": [0, 0, -22.5],
							"uv": {
								"north": {"uv": [64, 51], "uv_size": [2, 2]},
								"east": {"uv": [53, 64], "uv_size": [2, 2]},
								"south": {"uv": [64, 53], "uv_size": [2, 2]},
								"west": {"uv": [55, 64], "uv_size": [2, 2]},
								"up": {"uv": [64, 55], "uv_size": [2, 2]},
								"down": {"uv": [57, 66], "uv_size": [2, -2]}
							}
						},
						{
							"origin": [2, 16.32717, 1.86888],
							"size": [1.5, 1, 2.25],
							"pivot": [2, 15.82717, 4.86888],
							"rotation": [-22.5, 0, 0],
							"uv": {
								"north": {"uv": [61, 68], "uv_size": [2, 1]},
								"east": {"uv": [68, 61], "uv_size": [2, 1]},
								"south": {"uv": [68, 62], "uv_size": [2, 1]},
								"west": {"uv": [63, 68], "uv_size": [2, 1]},
								"up": {"uv": [64, 57], "uv_size": [2, 2]},
								"down": {"uv": [59, 66], "uv_size": [2, -2]}
							}
						},
						{
							"origin": [-3.5, 17.5, 2.5],
							"size": [1.5, 3, 2.25],
							"uv": {
								"north": {"uv": [64, 8], "uv_size": [2, 3]},
								"east": {"uv": [10, 64], "uv_size": [2, 3]},
								"south": {"uv": [64, 11], "uv_size": [2, 3]},
								"west": {"uv": [12, 64], "uv_size": [2, 3]},
								"up": {"uv": [64, 59], "uv_size": [2, 2]},
								"down": {"uv": [61, 66], "uv_size": [2, -2]}
							}
						},
						{
							"origin": [-2.65747, 19.73567, 2.5],
							"size": [1.5, 2, 2.25],
							"pivot": [-1.15747, 22.23567, 5.5],
							"rotation": [0, 0, 22.5],
							"uv": {
								"north": {"uv": [64, 61], "uv_size": [2, 2]},
								"east": {"uv": [63, 64], "uv_size": [2, 2]},
								"south": {"uv": [65, 26], "uv_size": [2, 2]},
								"west": {"uv": [31, 65], "uv_size": [2, 2]},
								"up": {"uv": [33, 65], "uv_size": [2, 2]},
								"down": {"uv": [35, 67], "uv_size": [2, -2]}
							}
						},
						{
							"origin": [1.54016, 15.03911, 1.74957],
							"size": [1.5, 2, 2.25],
							"pivot": [1.54016, 15.53911, 4.74957],
							"rotation": [-20.94102, 8.42106, 20.94102],
							"uv": {
								"north": {"uv": [65, 36], "uv_size": [2, 2]},
								"east": {"uv": [37, 65], "uv_size": [2, 2]},
								"south": {"uv": [65, 38], "uv_size": [2, 2]},
								"west": {"uv": [39, 65], "uv_size": [2, 2]},
								"up": {"uv": [65, 40], "uv_size": [2, 2]},
								"down": {"uv": [65, 47], "uv_size": [2, -2]}
							}
						},
						{
							"origin": [-3.5, 16.32717, 1.86888],
							"size": [1.5, 1, 2.25],
							"pivot": [-2, 15.82717, 4.86888],
							"rotation": [-22.5, 0, 0],
							"uv": {
								"north": {"uv": [68, 63], "uv_size": [2, 1]},
								"east": {"uv": [68, 64], "uv_size": [2, 1]},
								"south": {"uv": [65, 68], "uv_size": [2, 1]},
								"west": {"uv": [68, 66], "uv_size": [2, 1]},
								"up": {"uv": [65, 47], "uv_size": [2, 2]},
								"down": {"uv": [65, 65], "uv_size": [2, -2]}
							}
						},
						{
							"origin": [-3.04016, 15.03911, 1.74957],
							"size": [1.5, 2, 2.25],
							"pivot": [-1.54016, 15.53911, 4.74957],
							"rotation": [-20.94102, -8.42106, -20.94102],
							"uv": {
								"north": {"uv": [65, 65], "uv_size": [2, 2]},
								"east": {"uv": [66, 0], "uv_size": [2, 2]},
								"south": {"uv": [66, 4], "uv_size": [2, 2]},
								"west": {"uv": [66, 6], "uv_size": [2, 2]},
								"up": {"uv": [66, 8], "uv_size": [2, 2]},
								"down": {"uv": [66, 12], "uv_size": [2, -2]}
							}
						},
						{
							"origin": [-2, 14.65224, 2.73463],
							"size": [4, 2, 2],
							"pivot": [0, 14.65224, 4.73463],
							"rotation": [22.5, 0, 0],
							"uv": {
								"north": {"uv": [56, 36], "uv_size": [4, 2]},
								"east": {"uv": [66, 12], "uv_size": [2, 2]},
								"south": {"uv": [56, 38], "uv_size": [4, 2]},
								"west": {"uv": [66, 14], "uv_size": [2, 2]},
								"up": {"uv": [59, 26], "uv_size": [4, 2]},
								"down": {"uv": [59, 30], "uv_size": [4, -2]}
							}
						},
						{
							"origin": [-5.26401, 18.55247, 2.04276],
							"size": [1.5, 1.5, 1],
							"pivot": [-3.76401, 18.55247, 4.79276],
							"rotation": [-22.5, 0, -12.5],
							"uv": {
								"north": {"uv": [66, 16], "uv_size": [2, 2]},
								"east": {"uv": [59, 68], "uv_size": [1, 2]},
								"south": {"uv": [66, 18], "uv_size": [2, 2]},
								"west": {"uv": [67, 68], "uv_size": [1, 2]},
								"up": {"uv": [68, 67], "uv_size": [2, 1]},
								"down": {"uv": [68, 69], "uv_size": [2, -1]}
							}
						},
						{
							"origin": [-4.75, 17.5, 5.5],
							"size": [1.5, 1, 1],
							"pivot": [-4.25, 22, 6.25],
							"rotation": [-45, 0, 0],
							"uv": {
								"north": {"uv": [0, 69], "uv_size": [2, 1]},
								"east": {"uv": [28, 70], "uv_size": [1, 1]},
								"south": {"uv": [69, 0], "uv_size": [2, 1]},
								"west": {"uv": [70, 28], "uv_size": [1, 1]},
								"up": {"uv": [69, 1], "uv_size": [2, 1]},
								"down": {"uv": [2, 70], "uv_size": [2, -1]}
							}
						},
						{
							"origin": [3.25, 17.5, 5.5],
							"size": [1.5, 1, 1],
							"pivot": [4.25, 22, 6.25],
							"rotation": [-45, 0, 0],
							"uv": {
								"north": {"uv": [69, 2], "uv_size": [2, 1]},
								"east": {"uv": [29, 70], "uv_size": [1, 1]},
								"south": {"uv": [69, 3], "uv_size": [2, 1]},
								"west": {"uv": [30, 70], "uv_size": [1, 1]},
								"up": {"uv": [4, 69], "uv_size": [2, 1]},
								"down": {"uv": [69, 5], "uv_size": [2, -1]}
							}
						},
						{
							"origin": [3.76401, 18.55247, 2.04276],
							"size": [1.5, 1.5, 1],
							"pivot": [3.76401, 18.55247, 4.79276],
							"rotation": [-22.5, 0, 12.5],
							"uv": {
								"north": {"uv": [22, 66], "uv_size": [2, 2]},
								"east": {"uv": [69, 5], "uv_size": [1, 2]},
								"south": {"uv": [24, 66], "uv_size": [2, 2]},
								"west": {"uv": [69, 7], "uv_size": [1, 2]},
								"up": {"uv": [8, 69], "uv_size": [2, 1]},
								"down": {"uv": [69, 10], "uv_size": [2, -1]}
							}
						}
					]
				},
				{
					"name": "lowerbody",
					"parent": "UpBody",
					"pivot": [0.00224, 12.46922, 2.22888],
					"cubes": [
						{
							"origin": [-1, 12.96922, 1.99425],
							"size": [2, 3.25, 1],
							"uv": {
								"north": {"uv": [14, 64], "uv_size": [2, 3]},
								"east": {"uv": [19, 67], "uv_size": [1, 3]},
								"south": {"uv": [64, 14], "uv_size": [2, 3]},
								"west": {"uv": [20, 67], "uv_size": [1, 3]},
								"up": {"uv": [10, 69], "uv_size": [2, 1]},
								"down": {"uv": [69, 11], "uv_size": [2, -1]}
							}
						},
						{
							"origin": [1, 11.96922, 1.99425],
							"size": [2, 2, 1.5],
							"pivot": [-0.00224, 12.46922, 2.22888],
							"rotation": [12.2127, -2.68507, 12.2127],
							"uv": {
								"north": {"uv": [26, 66], "uv_size": [2, 2]},
								"east": {"uv": [69, 11], "uv_size": [1, 2]},
								"south": {"uv": [28, 66], "uv_size": [2, 2]},
								"west": {"uv": [12, 69], "uv_size": [1, 2]},
								"up": {"uv": [13, 69], "uv_size": [2, 1]},
								"down": {"uv": [69, 14], "uv_size": [2, -1]}
							}
						},
						{
							"origin": [2.28723, 11.71922, 3.79684],
							"size": [2, 1.25, 0.75],
							"pivot": [-0.00224, 11.71922, 2.22888],
							"rotation": [13.4936, 21.93857, 5.123],
							"uv": {
								"north": {"uv": [69, 14], "uv_size": [2, 1]},
								"east": {"uv": [70, 30], "uv_size": [1, 1]},
								"south": {"uv": [69, 15], "uv_size": [2, 1]},
								"west": {"uv": [31, 70], "uv_size": [1, 1]},
								"up": {"uv": [69, 16], "uv_size": [2, 1]},
								"down": {"uv": [69, 18], "uv_size": [2, -1]}
							}
						},
						{
							"origin": [3.84776, 11.71922, 0.22888],
							"size": [1, 1.25, 2.5],
							"pivot": [-0.00224, 11.71922, 2.22888],
							"rotation": [12.5, 0, 0],
							"uv": {
								"north": {"uv": [69, 18], "uv_size": [2, 1]},
								"east": {"uv": [0, 19], "uv_size": [3, 1]},
								"south": {"uv": [69, 19], "uv_size": [2, 1]},
								"west": {"uv": [17, 19], "uv_size": [3, 1]},
								"up": {"uv": [16, 64], "uv_size": [2, 3]},
								"down": {"uv": [64, 20], "uv_size": [2, -3]}
							}
						},
						{
							"origin": [-4.84776, 11.71922, 0.22888],
							"size": [1, 1.25, 2.5],
							"pivot": [0.00224, 11.71922, 2.22888],
							"rotation": [12.5, 0, 0],
							"uv": {
								"north": {"uv": [24, 69], "uv_size": [2, 1]},
								"east": {"uv": [16, 51], "uv_size": [3, 1]},
								"south": {"uv": [26, 69], "uv_size": [2, 1]},
								"west": {"uv": [65, 28], "uv_size": [3, 1]},
								"up": {"uv": [18, 64], "uv_size": [2, 3]},
								"down": {"uv": [20, 67], "uv_size": [2, -3]}
							}
						},
						{
							"origin": [-4.28723, 11.71922, 3.79684],
							"size": [2, 1.25, 0.75],
							"pivot": [0.00224, 11.71922, 2.22888],
							"rotation": [13.4936, -21.93857, -5.123],
							"uv": {
								"north": {"uv": [69, 26], "uv_size": [2, 1]},
								"east": {"uv": [70, 31], "uv_size": [1, 1]},
								"south": {"uv": [69, 27], "uv_size": [2, 1]},
								"west": {"uv": [32, 70], "uv_size": [1, 1]},
								"up": {"uv": [28, 69], "uv_size": [2, 1]},
								"down": {"uv": [69, 30], "uv_size": [2, -1]}
							}
						},
						{
							"origin": [-1.5, 11.96922, 1.99425],
							"size": [3, 1, 0.5],
							"pivot": [0.00224, 11.46922, 2.22888],
							"rotation": [-32.5, 0, 0],
							"uv": {
								"north": {"uv": [66, 44], "uv_size": [3, 1]},
								"east": {"uv": [33, 70], "uv_size": [1, 1]},
								"south": {"uv": [67, 20], "uv_size": [3, 1]},
								"west": {"uv": [34, 70], "uv_size": [1, 1]},
								"up": {"uv": [67, 21], "uv_size": [3, 1]},
								"down": {"uv": [67, 23], "uv_size": [3, -1]}
							}
						},
						{
							"origin": [-3, 11.96922, 1.99425],
							"size": [2, 2, 1.5],
							"pivot": [0.00224, 12.46922, 2.22888],
							"rotation": [12.2127, 2.68507, -12.2127],
							"uv": {
								"north": {"uv": [42, 66], "uv_size": [2, 2]},
								"east": {"uv": [15, 69], "uv_size": [1, 2]},
								"south": {"uv": [66, 42], "uv_size": [2, 2]},
								"west": {"uv": [69, 30], "uv_size": [1, 2]},
								"up": {"uv": [69, 32], "uv_size": [2, 1]},
								"down": {"uv": [69, 34], "uv_size": [2, -1]}
							}
						}
					]
				},
				{
					"name": "DownBody",
					"parent": "AllBody",
					"pivot": [-1.9, 12, 0]
				},
				{
					"name": "LeftLeg",
					"parent": "DownBody",
					"pivot": [1.9, 12.07942, -0.00324],
					"cubes": [
						{
							"origin": [-0.1, 6.07942, -2.00324],
							"size": [4, 6, 4],
							"uv": {
								"north": {"uv": [20, 52], "uv_size": [4, 6]},
								"east": {"uv": [16, 52], "uv_size": [4, 6]},
								"south": {"uv": [28, 52], "uv_size": [4, 6]},
								"west": {"uv": [24, 52], "uv_size": [4, 6]},
								"up": {"uv": [20, 48], "uv_size": [4, 4]},
								"down": {"uv": [20, 52], "uv_size": [4, -4]}
							}
						},
						{
							"origin": [-0.075, 4, -2.80324],
							"size": [3.95, 2.9, 2.55],
							"pivot": [1.9, 4.6, 0],
							"rotation": [-60, 0, 0],
							"uv": {
								"north": {"uv": [20, 52], "uv_size": [4, 3]},
								"east": {"uv": [16, 52], "uv_size": [4, 3]},
								"south": {"uv": [28, 52], "uv_size": [4, 3]},
								"west": {"uv": [24, 52], "uv_size": [4, 3]},
								"up": {"uv": [20, 48], "uv_size": [4, 4]},
								"down": {"uv": [20, 52], "uv_size": [4, -4]}
							}
						}
					]
				},
				{
					"name": "LeftLowerPants",
					"parent": "LeftLeg",
					"pivot": [2, 12.07942, -0.00324],
					"cubes": [
						{
							"origin": [-0.1, 6.07942, -2.00324],
							"size": [4, 6, 4],
							"inflate": 0.25,
							"uv": {
								"north": {"uv": [4, 52], "uv_size": [4, 6]},
								"east": {"uv": [0, 52], "uv_size": [4, 6]},
								"south": {"uv": [12, 52], "uv_size": [4, 6]},
								"west": {"uv": [8, 52], "uv_size": [4, 6]},
								"up": {"uv": [4, 48], "uv_size": [4, 4]},
								"down": {"uv": [12, 52], "uv_size": [4, -4]}
							}
						}
					]
				},
				{
					"name": "LeftLowerLeg",
					"parent": "LeftLeg",
					"pivot": [2, 6.07942, -0.00324],
					"cubes": [
						{
							"origin": [-0.1, 0.07942, -2.00324],
							"size": [4, 6, 4],
							"uv": {
								"north": {"uv": [20, 58], "uv_size": [4, 6]},
								"east": {"uv": [16, 58], "uv_size": [4, 6]},
								"south": {"uv": [28, 58], "uv_size": [4, 6]},
								"west": {"uv": [24, 58], "uv_size": [4, 6]},
								"up": {"uv": [20, 48], "uv_size": [4, 4]},
								"down": {"uv": [24, 52], "uv_size": [4, -4]}
							}
						}
					]
				},
				{
					"name": "LeftPants",
					"parent": "LeftLowerLeg",
					"pivot": [2, 6.07942, -0.00324],
					"cubes": [
						{
							"origin": [-0.1, 0.07942, -2.00324],
							"size": [4, 6, 4],
							"inflate": 0.25,
							"uv": {
								"north": {"uv": [4, 58], "uv_size": [4, 6]},
								"east": {"uv": [0, 58], "uv_size": [4, 6]},
								"south": {"uv": [12, 58], "uv_size": [4, 6]},
								"west": {"uv": [8, 58], "uv_size": [4, 6]},
								"up": {"uv": [0, 48], "uv_size": [4, 4]},
								"down": {"uv": [8, 52], "uv_size": [4, -4]}
							}
						}
					]
				},
				{
					"name": "LeftFoot",
					"parent": "LeftLowerLeg",
					"pivot": [2, 1.07942, -0.00324],
					"cubes": [
						{
							"origin": [1, 1.07942, -1.00324],
							"size": [2, 2, 2],
							"uv": {
								"north": {"uv": [58, 2], "uv_size": [2, 2]},
								"east": {"uv": [56, 2], "uv_size": [2, 2]},
								"south": {"uv": [62, 2], "uv_size": [2, 2]},
								"west": {"uv": [60, 2], "uv_size": [2, 2]},
								"up": {"uv": [58, 0], "uv_size": [2, 2]},
								"down": {"uv": [60, 2], "uv_size": [2, -2]}
							}
						}
					]
				},
				{
					"name": "LeftExoLower",
					"parent": "LeftLowerLeg",
					"pivot": [0.6422, 0.11836, 0.95163],
					"cubes": [
						{
							"origin": [5.0668, 2.48313, -0.54837],
							"size": [0.75, 1.5, 2],
							"pivot": [1.9668, 3.48313, 0.95163],
							"rotation": [0, 0, -22.5],
							"uv": {
								"north": {"uv": [69, 52], "uv_size": [1, 2]},
								"east": {"uv": [50, 66], "uv_size": [2, 2]},
								"south": {"uv": [69, 54], "uv_size": [1, 2]},
								"west": {"uv": [66, 51], "uv_size": [2, 2]},
								"up": {"uv": [69, 56], "uv_size": [1, 2]},
								"down": {"uv": [57, 71], "uv_size": [1, -2]}
							}
						},
						{
							"origin": [4.65851, 5.03571, -0.54837],
							"size": [0.75, 1.5, 2],
							"uv": {
								"north": {"uv": [58, 69], "uv_size": [1, 2]},
								"east": {"uv": [52, 66], "uv_size": [2, 2]},
								"south": {"uv": [69, 59], "uv_size": [1, 2]},
								"west": {"uv": [66, 53], "uv_size": [2, 2]},
								"up": {"uv": [61, 69], "uv_size": [1, 2]},
								"down": {"uv": [62, 71], "uv_size": [1, -2]}
							}
						},
						{
							"origin": [4.90851, 5.98571, -0.44837],
							"size": [0.75, 0.8, 0.8],
							"pivot": [1.80851, 6.78571, 0.85163],
							"rotation": [45, 0, 0],
							"uv": {
								"north": {"uv": [70, 34], "uv_size": [1, 1]},
								"east": {"uv": [35, 70], "uv_size": [1, 1]},
								"south": {"uv": [70, 35], "uv_size": [1, 1]},
								"west": {"uv": [36, 70], "uv_size": [1, 1]},
								"up": {"uv": [70, 36], "uv_size": [1, 1]},
								"down": {"uv": [37, 71], "uv_size": [1, -1]}
							}
						},
						{
							"origin": [5.15642, 0.53258, -0.54837],
							"size": [0.75, 3.5, 2],
							"uv": {
								"north": {"uv": [54, 66], "uv_size": [1, 4]},
								"east": {"uv": [54, 16], "uv_size": [2, 4]},
								"south": {"uv": [55, 66], "uv_size": [1, 4]},
								"west": {"uv": [60, 4], "uv_size": [2, 4]},
								"up": {"uv": [63, 69], "uv_size": [1, 2]},
								"down": {"uv": [64, 71], "uv_size": [1, -2]}
							}
						},
						{
							"origin": [5.9305, 1.40139, -0.54837],
							"size": [0.75, 2, 2],
							"pivot": [2.8305, 2.90139, 0.95163],
							"rotation": [0, 0, 45],
							"uv": {
								"north": {"uv": [65, 69], "uv_size": [1, 2]},
								"east": {"uv": [66, 55], "uv_size": [2, 2]},
								"south": {"uv": [66, 69], "uv_size": [1, 2]},
								"west": {"uv": [56, 66], "uv_size": [2, 2]},
								"up": {"uv": [68, 69], "uv_size": [1, 2]},
								"down": {"uv": [69, 71], "uv_size": [1, -2]}
							}
						},
						{
							"origin": [0.4922, -0.88164, -0.54837],
							"size": [4, 1.5, 2],
							"uv": {
								"north": {"uv": [60, 16], "uv_size": [4, 2]},
								"east": {"uv": [66, 57], "uv_size": [2, 2]},
								"south": {"uv": [60, 18], "uv_size": [4, 2]},
								"west": {"uv": [58, 66], "uv_size": [2, 2]},
								"up": {"uv": [60, 20], "uv_size": [4, 2]},
								"down": {"uv": [60, 24], "uv_size": [4, -2]}
							}
						}
					]
				},
				{
					"name": "LeftExoLeg",
					"parent": "LeftLeg",
					"pivot": [0.6422, 0.11836, 0.95163],
					"cubes": [
						{
							"origin": [5.09776, 8.25079, -1.04837],
							"size": [0.75, 3.5, 2.5],
							"uv": {
								"north": {"uv": [30, 66], "uv_size": [1, 4]},
								"east": {"uv": [16, 32], "uv_size": [3, 4]},
								"south": {"uv": [47, 66], "uv_size": [1, 4]},
								"west": {"uv": [36, 16], "uv_size": [3, 4]},
								"up": {"uv": [21, 67], "uv_size": [1, 3]},
								"down": {"uv": [67, 26], "uv_size": [1, -3]}
							}
						},
						{
							"origin": [4.8168, 7.8383, -1.04837],
							"size": [0.75, 2, 2.5],
							"pivot": [1.7168, 8.3383, 0.95163],
							"rotation": [0, 0, 22.5],
							"uv": {
								"north": {"uv": [69, 34], "uv_size": [1, 2]},
								"east": {"uv": [64, 2], "uv_size": [3, 2]},
								"south": {"uv": [69, 39], "uv_size": [1, 2]},
								"west": {"uv": [64, 20], "uv_size": [3, 2]},
								"up": {"uv": [31, 67], "uv_size": [1, 3]},
								"down": {"uv": [32, 70], "uv_size": [1, -3]}
							}
						},
						{
							"origin": [4.84776, 11.18275, -2.1519],
							"size": [1, 1.7678, 1.76778],
							"pivot": [1.99776, 13.68275, -0.1519],
							"rotation": [45, 0, 0],
							"uv": {
								"north": {"uv": [40, 69], "uv_size": [1, 2]},
								"east": {"uv": [48, 66], "uv_size": [2, 2]},
								"south": {"uv": [43, 69], "uv_size": [1, 2]},
								"west": {"uv": [66, 49], "uv_size": [2, 2]},
								"up": {"uv": [44, 69], "uv_size": [1, 2]},
								"down": {"uv": [69, 46], "uv_size": [1, -2]}
							}
						},
						{
							"origin": [4.40851, 5.28571, -1.04837],
							"size": [0.75, 1.5, 2.5],
							"uv": {
								"north": {"uv": [69, 48], "uv_size": [1, 2]},
								"east": {"uv": [22, 64], "uv_size": [3, 2]},
								"south": {"uv": [69, 50], "uv_size": [1, 2]},
								"west": {"uv": [64, 22], "uv_size": [3, 2]},
								"up": {"uv": [33, 67], "uv_size": [1, 3]},
								"down": {"uv": [34, 70], "uv_size": [1, -3]}
							}
						}
					]
				},
				{
					"name": "RightLeg",
					"parent": "DownBody",
					"pivot": [-1.9, 12.07942, -0.00324],
					"cubes": [
						{
							"origin": [-3.9, 6.07942, -2.00324],
							"size": [4, 6, 4],
							"uv": {
								"north": {"uv": [4, 20], "uv_size": [4, 6]},
								"east": {"uv": [0, 20], "uv_size": [4, 6]},
								"south": {"uv": [12, 20], "uv_size": [4, 6]},
								"west": {"uv": [8, 20], "uv_size": [4, 6]},
								"up": {"uv": [4, 16], "uv_size": [4, 4]},
								"down": {"uv": [4, 20], "uv_size": [4, -4]}
							}
						},
						{
							"origin": [-3.85, 4, -2.8032],
							"size": [3.95, 2.9, 2.55],
							"pivot": [1.9, 4.6, 0],
							"rotation": [-60, 0, 0],
							"uv": {
								"north": {"uv": [4, 20], "uv_size": [4, 3]},
								"east": {"uv": [0, 20], "uv_size": [4, 3]},
								"south": {"uv": [12, 20], "uv_size": [4, 3]},
								"west": {"uv": [8, 20], "uv_size": [4, 3]},
								"up": {"uv": [4, 16], "uv_size": [4, 4]},
								"down": {"uv": [4, 20], "uv_size": [4, -4]}
							}
						}
					]
				},
				{
					"name": "RightLowerPants",
					"parent": "RightLeg",
					"pivot": [-2, 12.07942, -0.00324],
					"cubes": [
						{
							"origin": [-3.9, 6.07942, -2.00324],
							"size": [4, 6, 4],
							"inflate": 0.25,
							"uv": {
								"north": {"uv": [4, 36], "uv_size": [4, 6]},
								"east": {"uv": [0, 36], "uv_size": [4, 6]},
								"south": {"uv": [12, 36], "uv_size": [4, 6]},
								"west": {"uv": [8, 36], "uv_size": [4, 6]},
								"up": {"uv": [4, 32], "uv_size": [4, 4]},
								"down": {"uv": [12, 36], "uv_size": [4, -4]}
							}
						}
					]
				},
				{
					"name": "RightLowerLeg",
					"parent": "RightLeg",
					"pivot": [-2, 6.07942, -0.00324],
					"cubes": [
						{
							"origin": [-3.9, 0.07942, -2.00324],
							"size": [4, 6, 4],
							"uv": {
								"north": {"uv": [4, 26], "uv_size": [4, 6]},
								"east": {"uv": [0, 26], "uv_size": [4, 6]},
								"south": {"uv": [12, 26], "uv_size": [4, 6]},
								"west": {"uv": [8, 26], "uv_size": [4, 6]},
								"up": {"uv": [4, 16], "uv_size": [4, 4]},
								"down": {"uv": [8, 20], "uv_size": [4, -4]}
							}
						}
					]
				},
				{
					"name": "RightPants",
					"parent": "RightLowerLeg",
					"pivot": [-2, 6.07942, -0.00324],
					"cubes": [
						{
							"origin": [-3.9, 0.07942, -2.00324],
							"size": [4, 6, 4],
							"inflate": 0.25,
							"uv": {
								"north": {"uv": [4, 42], "uv_size": [4, 6]},
								"east": {"uv": [0, 42], "uv_size": [4, 6]},
								"south": {"uv": [12, 42], "uv_size": [4, 6]},
								"west": {"uv": [8, 42], "uv_size": [4, 6]},
								"up": {"uv": [0, 32], "uv_size": [4, 4]},
								"down": {"uv": [8, 36], "uv_size": [4, -4]}
							}
						}
					]
				},
				{
					"name": "RightFoot",
					"parent": "RightLowerLeg",
					"pivot": [-2, 1.07942, -0.00324],
					"cubes": [
						{
							"origin": [-3, 1.07942, -1.00324],
							"size": [2, 2, 2],
							"uv": {
								"north": {"uv": [58, 2], "uv_size": [2, 2]},
								"east": {"uv": [56, 2], "uv_size": [2, 2]},
								"south": {"uv": [62, 2], "uv_size": [2, 2]},
								"west": {"uv": [60, 2], "uv_size": [2, 2]},
								"up": {"uv": [58, 0], "uv_size": [2, 2]},
								"down": {"uv": [60, 2], "uv_size": [2, -2]}
							}
						}
					]
				},
				{
					"name": "RightExoLower",
					"parent": "RightLowerLeg",
					"pivot": [-0.6422, 0.11836, 0.95163],
					"cubes": [
						{
							"origin": [-5.8168, 2.48313, -0.54837],
							"size": [0.75, 1.5, 2],
							"pivot": [-1.9668, 3.48313, 0.95163],
							"rotation": [0, 0, 22.5],
							"uv": {
								"north": {"uv": [8, 70], "uv_size": [1, 2]},
								"east": {"uv": [0, 67], "uv_size": [2, 2]},
								"south": {"uv": [9, 70], "uv_size": [1, 2]},
								"west": {"uv": [2, 67], "uv_size": [2, 2]},
								"up": {"uv": [10, 70], "uv_size": [1, 2]},
								"down": {"uv": [11, 72], "uv_size": [1, -2]}
							}
						},
						{
							"origin": [-5.40851, 5.03571, -0.54837],
							"size": [0.75, 1.5, 2],
							"uv": {
								"north": {"uv": [70, 11], "uv_size": [1, 2]},
								"east": {"uv": [67, 2], "uv_size": [2, 2]},
								"south": {"uv": [13, 70], "uv_size": [1, 2]},
								"west": {"uv": [4, 67], "uv_size": [2, 2]},
								"up": {"uv": [14, 70], "uv_size": [1, 2]},
								"down": {"uv": [16, 72], "uv_size": [1, -2]}
							}
						},
						{
							"origin": [-5.65851, 5.98571, -0.44837],
							"size": [0.75, 0.8, 0.8],
							"pivot": [-1.80851, 6.78571, 0.85163],
							"rotation": [45, 0, 0],
							"uv": {
								"north": {"uv": [70, 37], "uv_size": [1, 1]},
								"east": {"uv": [38, 70], "uv_size": [1, 1]},
								"south": {"uv": [70, 38], "uv_size": [1, 1]},
								"west": {"uv": [39, 70], "uv_size": [1, 1]},
								"up": {"uv": [70, 39], "uv_size": [1, 1]},
								"down": {"uv": [70, 41], "uv_size": [1, -1]}
							}
						},
						{
							"origin": [-5.90642, 0.53258, -0.54837],
							"size": [0.75, 3.5, 2],
							"uv": {
								"north": {"uv": [6, 67], "uv_size": [1, 4]},
								"east": {"uv": [60, 30], "uv_size": [2, 4]},
								"south": {"uv": [7, 67], "uv_size": [1, 4]},
								"west": {"uv": [60, 34], "uv_size": [2, 4]},
								"up": {"uv": [17, 70], "uv_size": [1, 2]},
								"down": {"uv": [18, 72], "uv_size": [1, -2]}
							}
						},
						{
							"origin": [-6.6805, 1.40139, -0.54837],
							"size": [0.75, 2, 2],
							"pivot": [-2.8305, 2.90139, 0.95163],
							"rotation": [0, 0, -45],
							"uv": {
								"north": {"uv": [19, 70], "uv_size": [1, 2]},
								"east": {"uv": [8, 67], "uv_size": [2, 2]},
								"south": {"uv": [20, 70], "uv_size": [1, 2]},
								"west": {"uv": [10, 67], "uv_size": [2, 2]},
								"up": {"uv": [70, 20], "uv_size": [1, 2]},
								"down": {"uv": [21, 72], "uv_size": [1, -2]}
							}
						},
						{
							"origin": [-4.4922, -0.88164, -0.54837],
							"size": [4, 1.5, 2],
							"uv": {
								"north": {"uv": [60, 24], "uv_size": [4, 2]},
								"east": {"uv": [12, 67], "uv_size": [2, 2]},
								"south": {"uv": [60, 38], "uv_size": [4, 2]},
								"west": {"uv": [14, 67], "uv_size": [2, 2]},
								"up": {"uv": [62, 4], "uv_size": [4, 2]},
								"down": {"uv": [62, 8], "uv_size": [4, -2]}
							}
						}
					]
				},
				{
					"name": "RightExoLeg",
					"parent": "RightLeg",
					"pivot": [-0.6422, 0.11836, 0.95163],
					"cubes": [
						{
							"origin": [-5.84776, 8.25079, -1.04837],
							"size": [0.75, 3.5, 2.5],
							"uv": {
								"north": {"uv": [66, 59], "uv_size": [1, 4]},
								"east": {"uv": [36, 32], "uv_size": [3, 4]},
								"south": {"uv": [60, 66], "uv_size": [1, 4]},
								"west": {"uv": [39, 16], "uv_size": [3, 4]},
								"up": {"uv": [35, 67], "uv_size": [1, 3]},
								"down": {"uv": [36, 70], "uv_size": [1, -3]}
							}
						},
						{
							"origin": [-5.5668, 7.8383, -1.04837],
							"size": [0.75, 2, 2.5],
							"pivot": [-1.7168, 8.3383, 0.95163],
							"rotation": [0, 0, -22.5],
							"uv": {
								"north": {"uv": [0, 70], "uv_size": [1, 2]},
								"east": {"uv": [64, 24], "uv_size": [3, 2]},
								"south": {"uv": [1, 70], "uv_size": [1, 2]},
								"west": {"uv": [25, 64], "uv_size": [3, 2]},
								"up": {"uv": [67, 36], "uv_size": [1, 3]},
								"down": {"uv": [37, 70], "uv_size": [1, -3]}
							}
						},
						{
							"origin": [-5.84776, 11.18275, -2.1519],
							"size": [1, 1.7678, 1.76778],
							"pivot": [-1.99776, 13.68275, -0.1519],
							"rotation": [45, 0, 0],
							"uv": {
								"north": {"uv": [2, 70], "uv_size": [1, 2]},
								"east": {"uv": [61, 66], "uv_size": [2, 2]},
								"south": {"uv": [3, 70], "uv_size": [1, 2]},
								"west": {"uv": [63, 66], "uv_size": [2, 2]},
								"up": {"uv": [4, 70], "uv_size": [1, 2]},
								"down": {"uv": [5, 72], "uv_size": [1, -2]}
							}
						},
						{
							"origin": [-5.15851, 5.28571, -1.04837],
							"size": [0.75, 1.5, 2.5],
							"uv": {
								"north": {"uv": [70, 5], "uv_size": [1, 2]},
								"east": {"uv": [28, 64], "uv_size": [3, 2]},
								"south": {"uv": [70, 7], "uv_size": [1, 2]},
								"west": {"uv": [64, 29], "uv_size": [3, 2]},
								"up": {"uv": [38, 67], "uv_size": [1, 3]},
								"down": {"uv": [39, 70], "uv_size": [1, -3]}
							}
						}
					]
				},
				{
					"name": "molang",
					"parent": "Root",
					"pivot": [0, 0, 0]
				},
				{
					"name": "Exo",
					"pivot": [0, 0, 0]
				}
			]
		}
	]
}