{
	"format_version": "1.12.0",
	"minecraft:geometry": [
		{
			"description": {
				"identifier": "geometry.unknown",
				"texture_width": 256,
				"texture_height": 256,
				"visible_bounds_width": 2,
				"visible_bounds_height": 4.5,
				"visible_bounds_offset": [0, 1.75, 0]
			},
			"bones": [
				{
					"name": "RightArm",
					"pivot": [-1.45, 27.525, 0.1],
					"cubes": [
						{
							"origin": [-2.85902, 22.55106, -1.4],
							"size": [2.5, 6, 3],
							"uv": {
								"north": {"uv": [50, 60], "uv_size": [3, 6]},
								"east": {"uv": [61, 0], "uv_size": [3, 6]},
								"south": {"uv": [4, 61], "uv_size": [3, 6]},
								"west": {"uv": [61, 7], "uv_size": [3, 6]},
								"up": {"uv": [43, 78], "uv_size": [3, 3]},
								"down": {"uv": [78, 61], "uv_size": [3, -3]}
							}
						}
					]
				},
				{
					"name": "RightForeArm",
					"parent": "RightArm",
					"pivot": [-1.675, 22.85, 0.125],
					"cubes": [
						{
							"origin": [-2.83402, 17.77606, -1.375],
							"size": [2.45, 5, 3],
							"uv": {
								"north": {"uv": [75, 20], "uv_size": [2, 5]},
								"east": {"uv": [65, 6], "uv_size": [3, 5]},
								"south": {"uv": [75, 26], "uv_size": [2, 5]},
								"west": {"uv": [13, 65], "uv_size": [3, 5]},
								"up": {"uv": [4, 87], "uv_size": [2, 3]},
								"down": {"uv": [87, 31], "uv_size": [2, -3]}
							}
						},
						{
							"origin": [-3.08402, 20.37606, -1.625],
							"size": [2.95, 2, 3.5],
							"uv": {
								"north": {"uv": [91, 31], "uv_size": [3, 2]},
								"east": {"uv": [38, 84], "uv_size": [4, 2]},
								"south": {"uv": [91, 37], "uv_size": [3, 2]},
								"west": {"uv": [84, 51], "uv_size": [4, 2]},
								"up": {"uv": [54, 72], "uv_size": [3, 4]},
								"down": {"uv": [73, 4], "uv_size": [3, -4]}
							}
						}
					]
				},
				{
					"name": "RightHand",
					"parent": "RightForeArm",
					"pivot": [-1.675, 18.05, 0.125],
					"cubes": [
						{
							"origin": [-2.85902, 15.77606, -1.4],
							"size": [2.5, 2, 3],
							"uv": {
								"north": {"uv": [31, 87], "uv_size": [3, 2]},
								"east": {"uv": [87, 32], "uv_size": [3, 2]},
								"south": {"uv": [35, 87], "uv_size": [3, 2]},
								"west": {"uv": [39, 87], "uv_size": [3, 2]},
								"up": {"uv": [7, 79], "uv_size": [3, 3]},
								"down": {"uv": [15, 82], "uv_size": [3, -3]}
							}
						}
					]
				},
				{
					"name": "RightHandLocator",
					"parent": "RightHand",
					"pivot": [-1.425, 16.8, 0.025]
				},
				{
					"name": "LeftArm",
					"pivot": [1.45, 27.525, 0.1],
					"cubes": [
						{
							"origin": [0.35902, 22.55106, -1.4],
							"size": [2.5, 6, 3],
							"uv": {
								"north": {"uv": [57, 18], "uv_size": [3, 6]},
								"east": {"uv": [57, 25], "uv_size": [3, 6]},
								"south": {"uv": [57, 54], "uv_size": [3, 6]},
								"west": {"uv": [15, 58], "uv_size": [3, 6]},
								"up": {"uv": [11, 76], "uv_size": [3, 3]},
								"down": {"uv": [77, 3], "uv_size": [3, -3]}
							}
						}
					]
				},
				{
					"name": "LeftForeArm",
					"parent": "LeftArm",
					"pivot": [1.675, 22.85, 0.125],
					"cubes": [
						{
							"origin": [0.38402, 17.77606, -1.375],
							"size": [2.45, 5, 3],
							"uv": {
								"north": {"uv": [5, 26], "uv_size": [2, 5]},
								"east": {"uv": [62, 39], "uv_size": [3, 5]},
								"south": {"uv": [58, 12], "uv_size": [2, 5]},
								"west": {"uv": [43, 62], "uv_size": [3, 5]},
								"up": {"uv": [63, 35], "uv_size": [2, 3]},
								"down": {"uv": [68, 88], "uv_size": [2, -3]}
							}
						},
						{
							"origin": [0.13402, 20.37606, -1.625],
							"size": [2.95, 2, 3.5],
							"uv": {
								"north": {"uv": [91, 16], "uv_size": [3, 2]},
								"east": {"uv": [28, 84], "uv_size": [4, 2]},
								"south": {"uv": [91, 25], "uv_size": [3, 2]},
								"west": {"uv": [33, 84], "uv_size": [4, 2]},
								"up": {"uv": [19, 72], "uv_size": [3, 4]},
								"down": {"uv": [72, 44], "uv_size": [3, -4]}
							}
						}
					]
				},
				{
					"name": "LeftHand",
					"parent": "LeftForeArm",
					"pivot": [1.675, 18.05, 0.125],
					"cubes": [
						{
							"origin": [0.35902, 15.77606, -1.4],
							"size": [2.5, 2, 3],
							"uv": {
								"north": {"uv": [53, 18], "uv_size": [3, 2]},
								"east": {"uv": [85, 63], "uv_size": [3, 2]},
								"south": {"uv": [64, 85], "uv_size": [3, 2]},
								"west": {"uv": [85, 80], "uv_size": [3, 2]},
								"up": {"uv": [77, 4], "uv_size": [3, 3]},
								"down": {"uv": [77, 16], "uv_size": [3, -3]}
							}
						}
					]
				},
				{
					"name": "LeftHandLocator",
					"parent": "LeftHand",
					"pivot": [1.425, 16.8, 0.025]
				}
			]
		}
	]
}