{
	"format_version": "1.12.0",
	"minecraft:geometry": [
		{
			"description": {
				"identifier": "geometry.unknown",
				"texture_width": 256,
				"texture_height": 256,
				"visible_bounds_width": 2,
				"visible_bounds_height": 3.5,
				"visible_bounds_offset": [0, 1.25, 0]
			},
			"bones": [
				{
					"name": "LeftArm",
					"pivot": [1.45, 25.8, 0.1],
					"cubes": [
						{
							"origin": [0.15, 19.85, -1.4],
							"size": [2.3, 6, 3],
							"uv": {
								"north": {"uv": [43, 7], "uv_size": [2, 6]},
								"east": {"uv": [57, 64], "uv_size": [3, 6]},
								"south": {"uv": [34, 81], "uv_size": [2, 6]},
								"west": {"uv": [65, 46], "uv_size": [3, 6]},
								"up": {"uv": [35, 69], "uv_size": [2, 3]},
								"down": {"uv": [87, 70], "uv_size": [2, -3]}
							}
						}
					]
				},
				{
					"name": "LeftForeArm",
					"parent": "LeftArm",
					"pivot": [1.675, 19.85, 0.125],
					"cubes": [
						{
							"origin": [0.175, 15.575, -1.375],
							"size": [2.25, 5, 3],
							"uv": {
								"north": {"uv": [3, 89], "uv_size": [2, 5]},
								"east": {"uv": [75, 0], "uv_size": [3, 5]},
								"south": {"uv": [12, 89], "uv_size": [2, 5]},
								"west": {"uv": [75, 6], "uv_size": [3, 5]},
								"up": {"uv": [16, 104], "uv_size": [2, 3]},
								"down": {"uv": [62, 107], "uv_size": [2, -3]}
							}
						},
						{
							"origin": [0.425, 14.725, -2.775],
							"size": [1.8, 2, 2],
							"pivot": [1.675, 13.825, 0.125],
							"rotation": [-45, 0, 0],
							"uv": {
								"north": {"uv": [116, 7], "uv_size": [2, 2]},
								"east": {"uv": [116, 10], "uv_size": [2, 2]},
								"south": {"uv": [18, 116], "uv_size": [2, 2]},
								"west": {"uv": [116, 20], "uv_size": [2, 2]},
								"up": {"uv": [21, 116], "uv_size": [2, 2]},
								"down": {"uv": [116, 25], "uv_size": [2, -2]}
							}
						}
					]
				},
				{
					"name": "LeftHand",
					"parent": "LeftForeArm",
					"pivot": [1.675, 15.825, 0.125],
					"cubes": [
						{
							"origin": [0.2, 13.575, -1.4],
							"size": [2.25, 3, 3],
							"uv": {
								"north": {"uv": [65, 104], "uv_size": [2, 3]},
								"east": {"uv": [61, 91], "uv_size": [3, 3]},
								"south": {"uv": [68, 104], "uv_size": [2, 3]},
								"west": {"uv": [91, 62], "uv_size": [3, 3]},
								"up": {"uv": [71, 104], "uv_size": [2, 3]},
								"down": {"uv": [74, 107], "uv_size": [2, -3]}
							}
						}
					]
				},
				{
					"name": "RightHandLocator",
					"parent": "LeftHand",
					"pivot": [1.095, 15.15174, 0]
				},
				{
					"name": "LeftHandArmour",
					"parent": "LeftHand",
					"pivot": [-4.325, 7.75, 0.1],
					"cubes": [
						{
							"origin": [0.1, 13.475, -1.5],
							"size": [2.45, 3.1, 3.2],
							"uv": {
								"north": {"uv": [107, 109], "uv_size": [2, 3]},
								"east": {"uv": [74, 95], "uv_size": [3, 3]},
								"south": {"uv": [110, 3], "uv_size": [2, 3]},
								"west": {"uv": [78, 95], "uv_size": [3, 3]},
								"up": {"uv": [30, 110], "uv_size": [2, 3]},
								"down": {"uv": [41, 113], "uv_size": [2, -3]}
							}
						}
					]
				},
				{
					"name": "RightArm",
					"pivot": [-2.45, 25.8, -0.1],
					"cubes": [
						{
							"origin": [-3.45, 19.85, -1.425],
							"size": [2.3, 6, 3],
							"uv": {
								"north": {"uv": [12, 82], "uv_size": [2, 6]},
								"east": {"uv": [13, 67], "uv_size": [3, 6]},
								"south": {"uv": [15, 82], "uv_size": [2, 6]},
								"west": {"uv": [17, 67], "uv_size": [3, 6]},
								"up": {"uv": [107, 100], "uv_size": [2, 3]},
								"down": {"uv": [108, 16], "uv_size": [2, -3]}
							}
						}
					]
				},
				{
					"name": "RightForeArm",
					"parent": "RightArm",
					"pivot": [-2.675, 19.85, -0.075],
					"cubes": [
						{
							"origin": [-3.425, 15.575, -1.4],
							"size": [2.25, 5, 3],
							"uv": {
								"north": {"uv": [88, 27], "uv_size": [2, 5]},
								"east": {"uv": [4, 73], "uv_size": [3, 5]},
								"south": {"uv": [32, 88], "uv_size": [2, 5]},
								"west": {"uv": [74, 71], "uv_size": [3, 5]},
								"up": {"uv": [15, 8], "uv_size": [2, 3]},
								"down": {"uv": [31, 68], "uv_size": [2, -3]}
							}
						},
						{
							"origin": [-3.225, 14.925, -2.875],
							"size": [1.8, 1.8, 1.9],
							"pivot": [-2.675, 13.825, -0.075],
							"rotation": [-45, 0, 0],
							"uv": {
								"north": {"uv": [34, 14], "uv_size": [2, 2]},
								"east": {"uv": [87, 15], "uv_size": [2, 2]},
								"south": {"uv": [87, 20], "uv_size": [2, 2]},
								"west": {"uv": [54, 92], "uv_size": [2, 2]},
								"up": {"uv": [93, 70], "uv_size": [2, 2]},
								"down": {"uv": [86, 116], "uv_size": [2, -2]}
							}
						}
					]
				},
				{
					"name": "RightHand",
					"parent": "RightForeArm",
					"pivot": [-2.675, 15.825, -0.075],
					"cubes": [
						{
							"origin": [-3.45, 13.575, -1.4],
							"size": [2.25, 3, 3],
							"uv": {
								"north": {"uv": [111, 32], "uv_size": [2, 3]},
								"east": {"uv": [96, 70], "uv_size": [3, 3]},
								"south": {"uv": [111, 36], "uv_size": [2, 3]},
								"west": {"uv": [96, 74], "uv_size": [3, 3]},
								"up": {"uv": [62, 111], "uv_size": [2, 3]},
								"down": {"uv": [65, 114], "uv_size": [2, -3]}
							}
						}
					]
				},
				{
					"name": "RightHandArmour",
					"parent": "RightHand",
					"pivot": [3.325, 7.75, 0.1],
					"cubes": [
						{
							"origin": [-3.55, 13.475, -1.5],
							"size": [2.45, 3.1, 3.2],
							"uv": {
								"north": {"uv": [44, 110], "uv_size": [2, 3]},
								"east": {"uv": [20, 96], "uv_size": [3, 3]},
								"south": {"uv": [47, 110], "uv_size": [2, 3]},
								"west": {"uv": [24, 96], "uv_size": [3, 3]},
								"up": {"uv": [110, 47], "uv_size": [2, 3]},
								"down": {"uv": [110, 54], "uv_size": [2, -3]}
							}
						}
					]
				},
				{
					"name": "LeftHandLocator",
					"parent": "RightHand",
					"pivot": [-2.095, 15.15174, 0]
				}
			]
		}
	]
}