{
	"spec": 2,
	"metadata": {
		"name": "Jeff",
		"tips": "默认男版模型（Default Boy Model）",
		"license": {
			"type": "CC 0"
		},
		"authors": [
			{
				"name": "<Unknown>",
				"avatar": "avatar/Screenshot_2025-03-10_164441.png",
				"comment": "Prtih"
			}
		],
		"link": {
			"home": "https://modrinth.com/mod/yes-steve-model",
			"donate": "https://afdian.com/a/ysmmod"
		}
	},
	"properties": {
		"default_texture": "blue",
		"free": true,
		"height_scale": 0.7,
		"width_scale": 0.75,
		"extra_animation": {
			"extra0": "",
			"extra1": "",
			"extra2": "",
			"extra3": "",
			"extra4": "",
			"extra5": "",
			"extra6": "",
			"extra7": ""
		},
		"preview_animation": "idle",
		"render_layers_first": false
	},
	"files": {
		"player": {
			"model": {
				"main": "models/main.json",
				"arm": "models/arm.json"
			},
			"animation": {
				"main": "animations/main.animation.json",
				"tac": "animations/tac.animation.json",
				"arm": "animations/arm.animation.json"
			},
			"texture": [
				{
					"uv": "textures/blue.png"
				}
			]
		}
	}
}