{
	"format_version": "1.12.0",
	"minecraft:geometry": [
		{
			"description": {
				"identifier": "geometry.unknown",
				"texture_width": 126,
				"texture_height": 126,
				"visible_bounds_width": 9,
				"visible_bounds_height": 10,
				"visible_bounds_offset": [0, 3, 0]
			},
			"bones": [
				{
					"name": "Root",
					"pivot": [0.4, 14.1, -11.3]
				},
				{
					"name": "MAllBody",
					"parent": "Root",
					"pivot": [6.1, -8.2, -11.3]
				},
				{
					"name": "AllBody",
					"parent": "MAllBody",
					"pivot": [6.1, -8.2, -11.3]
				},
				{
					"name": "UpBody",
					"parent": "AllBody",
					"pivot": [17.4, -4.05, -11.3]
				},
				{
					"name": "PistolLocator",
					"parent": "UpBody",
					"pivot": [13.4, 0.05, -12.9],
					"rotation": [-30, 0, 0]
				},
				{
					"name": "LeftWaistLocator",
					"parent": "UpBody",
					"pivot": [21.4, -1.7, -11.3],
					"rotation": [-20, 0, 0]
				},
				{
					"name": "RightWaistLocator",
					"parent": "UpBody",
					"pivot": [13.4, -1.7, -11.3],
					"rotation": [-5, 0, 0]
				},
				{
					"name": "Head",
					"parent": "UpBody",
					"pivot": [0.475, 20.475, -5.6],
					"cubes": [
						{"origin": [29.4, 18.95, -18.75], "size": [9.85, 11.25, 9], "pivot": [17.4, -4.05, -11.3], "rotation": [0, 180, 0], "uv": [64, 20]}
					]
				},
				{
					"name": "bone",
					"parent": "Head",
					"pivot": [0.475, 20.475, -5.6],
					"cubes": [
						{"origin": [25.7, 30.15, -21.95], "size": [17.25, 1.2, 15.4], "pivot": [17.4, 7.15, -11.3], "rotation": [0, 180, 0], "uv": [62, 110]},
						{"origin": [9.7, 31.35, -21.95], "size": [1.25, 1.2, 15.4], "pivot": [1.4, 8.35, -11.3], "rotation": [0, 180, 0], "uv": [0, 63]},
						{"origin": [12.85, 31.35, -7.9], "size": [14.85, 1.2, 1.35], "pivot": [10.4, 8.35, -11.3], "rotation": [0, 180, 0], "uv": [0, 0]},
						{"origin": [12.85, 31.35, 6.15], "size": [14.85, 1.2, 1.35], "pivot": [10.4, 8.35, 2.75], "rotation": [0, 180, 0], "uv": [28, 9]},
						{"origin": [25.7, 31.35, -21.95], "size": [1.25, 1.2, 15.4], "pivot": [17.4, 8.35, -11.3], "rotation": [0, 180, 0], "uv": [18, -6]},
						{"origin": [29.45, 31, -19.3], "size": [9.75, 3.3, 10.1], "pivot": [17.4, 8, -11.3], "rotation": [0, 180, 0], "uv": [82, 87]},
						{"origin": [30.5, 34.35, -18.6], "size": [7.65, 3.3, 8.7], "pivot": [17.4, 11.35, -11.3], "rotation": [0, 180, 0], "uv": [80, 61]}
					]
				},
				{
					"name": "Body",
					"parent": "UpBody",
					"pivot": [0.475, 15.775, 1.525],
					"cubes": [
						{"origin": [26.65, 10.15, -32.55], "size": [15.35, 11.25, 16.85], "pivot": [17.4, -4.05, -11.3], "rotation": [0, 180, 0], "uv": [0, 20]}
					]
				},
				{
					"name": "FRL",
					"parent": "Body",
					"pivot": [-4.75, 10.375, -4.35],
					"cubes": [
						{"origin": [-7.2, -1.1, -6.9], "size": [4.9, 11.25, 5.1], "pivot": [-4.75, 9.675, -4.35], "rotation": [0, 180, 0], "uv": [36, 47]}
					]
				},
				{
					"name": "RightHandLocator",
					"parent": "FRL",
					"pivot": [-4.125, -0.025, -4.625]
				},
				{
					"name": "FLL",
					"parent": "Body",
					"pivot": [5.7, 10.175, -4.35],
					"cubes": [
						{"origin": [3.25, -1.1, -6.9], "size": [4.9, 11.25, 5.1], "pivot": [5.7, 4.525, -4.35], "rotation": [0, 180, 0], "uv": [46, 20]}
					]
				},
				{
					"name": "RLL",
					"parent": "Body",
					"pivot": [5.7, 10.375, 7.4],
					"cubes": [
						{"origin": [3.25, -1.1, 4.85], "size": [4.9, 11.25, 5.1], "pivot": [5.7, 10.075, 7.4], "rotation": [0, 180, 0], "uv": [0, 47]}
					]
				},
				{
					"name": "RRL",
					"parent": "Body",
					"pivot": [-4.75, 10.225, 7.4],
					"cubes": [
						{"origin": [-7.2, -1.1, 4.85], "size": [4.9, 11.25, 5.1], "pivot": [-4.75, 9.675, 7.4], "rotation": [0, 180, 0], "uv": [18, 47]}
					]
				},
				{
					"name": "molang",
					"parent": "Root",
					"pivot": [6.1, -29.2, -11.3]
				}
			]
		}
	]
}