{
	"format_version": "1.12.0",
	"minecraft:geometry": [
		{
			"description": {
				"identifier": "geometry.unknown",
				"texture_width": 125,
				"texture_height": 125,
				"visible_bounds_width": 9,
				"visible_bounds_height": 10,
				"visible_bounds_offset": [0, 3, 0]
			},
			"bones": [
				{
					"name": "Root",
					"pivot": [0.4, 14.1, -11.3]
				},
				{
					"name": "MAllBody",
					"parent": "Root",
					"pivot": [6.1, -8.2, -11.3]
				},
				{
					"name": "AllBody",
					"parent": "MAllBody",
					"pivot": [6.1, -8.2, -11.3]
				},
				{
					"name": "UpBody",
					"parent": "AllBody",
					"pivot": [17.4, -4.05, -11.3]
				},
				{
					"name": "PistolLocator",
					"parent": "UpBody",
					"pivot": [13.4, 0.05, -12.9],
					"rotation": [-30, 0, 0]
				},
				{
					"name": "LeftWaistLocator",
					"parent": "UpBody",
					"pivot": [21.4, -1.7, -11.3],
					"rotation": [-20, 0, 0]
				},
				{
					"name": "RightWaistLocator",
					"parent": "UpBody",
					"pivot": [13.4, -1.7, -11.3],
					"rotation": [-5, 0, 0]
				},
				{
					"name": "Head",
					"parent": "UpBody",
					"pivot": [0.475, 20.475, -5.6],
					"cubes": [
						{"origin": [29.4, 18.95, -18.75], "size": [9.85, 11.25, 9], "pivot": [17.4, -4.05, -11.3], "rotation": [0, 180, 0], "uv": [31, 0]}
					]
				},
				{
					"name": "Body",
					"parent": "UpBody",
					"pivot": [0.475, 15.775, 1.525],
					"cubes": [
						{"origin": [26.65, 10.15, -32.55], "size": [15.35, 11.25, 16.85], "pivot": [17.4, -4.05, -11.3], "rotation": [0, 180, 0], "uv": [0, 20]}
					]
				},
				{
					"name": "FRL",
					"parent": "Body",
					"pivot": [-4.75, 10.375, -4.35],
					"cubes": [
						{"origin": [-7.2, -1.1, -6.9], "size": [4.9, 11.25, 5.1], "pivot": [-4.75, 9.675, -4.35], "rotation": [0, 180, 0], "uv": [36, 47]}
					]
				},
				{
					"name": "RightHandLocator",
					"parent": "FRL",
					"pivot": [-4.125, -0.025, -4.625]
				},
				{
					"name": "FLL",
					"parent": "Body",
					"pivot": [5.7, 10.175, -4.35],
					"cubes": [
						{"origin": [3.25, -1.1, -6.9], "size": [4.9, 11.25, 5.1], "pivot": [5.7, 4.525, -4.35], "rotation": [0, 180, 0], "uv": [46, 20]}
					]
				},
				{
					"name": "RLL",
					"parent": "Body",
					"pivot": [5.7, 10.375, 7.4],
					"cubes": [
						{"origin": [3.25, -1.1, 4.85], "size": [4.9, 11.25, 5.1], "pivot": [5.7, 10.075, 7.4], "rotation": [0, 180, 0], "uv": [0, 47]}
					]
				},
				{
					"name": "RRL",
					"parent": "Body",
					"pivot": [-4.75, 10.225, 7.4],
					"cubes": [
						{"origin": [-7.2, -1.1, 4.85], "size": [4.9, 11.25, 5.1], "pivot": [-4.75, 9.675, 7.4], "rotation": [0, 180, 0], "uv": [18, 47]}
					]
				},
				{
					"name": "molang",
					"parent": "Root",
					"pivot": [6.1, -29.2, -11.3]
				}
			]
		}
	]
}