{
	"format_version": "1.12.0",
	"minecraft:geometry": [
		{
			"description": {
				"identifier": "geometry.Riru",
				"texture_width": 512,
				"texture_height": 512,
				"visible_bounds_width": 8,
				"visible_bounds_height": 10,
				"visible_bounds_offset": [0, 4, 0]
			},
			"bones": [
				{
					"name": "LeftArm",
					"pivot": [2.725, 27.25, 0.1],
					"cubes": [
						{
							"origin": [1.61728, 21.69828, -1.4],
							"size": [2.75, 6, 3],
							"uv": {
								"north": {"uv": [53, 87], "uv_size": [2, 6]},
								"east": {"uv": [47, 9], "uv_size": [3, 6]},
								"south": {"uv": [87, 86], "uv_size": [2, 6]},
								"west": {"uv": [64, 14], "uv_size": [3, 6]},
								"up": {"uv": [65, 116], "uv_size": [2, 3]},
								"down": {"uv": [68, 119], "uv_size": [2, -3]}
							}
						},
						{
							"origin": [1.66728, 21.72328, -1.3],
							"size": [2.6, 6, 2.8],
							"uv": {
								"north": {"uv": [13, 88], "uv_size": [2, 6]},
								"east": {"uv": [64, 32], "uv_size": [3, 6]},
								"south": {"uv": [88, 23], "uv_size": [2, 6]},
								"west": {"uv": [64, 60], "uv_size": [3, 6]},
								"up": {"uv": [8, 117], "uv_size": [2, 3]},
								"down": {"uv": [11, 120], "uv_size": [2, -3]}
							}
						}
					]
				},
				{
					"name": "LeftArm_yf",
					"parent": "LeftArm",
					"pivot": [2.80826, 27.94722, 0.1],
					"cubes": [
						{
							"origin": [1.46728, 21.69828, -1.475],
							"size": [3.025, 6.05, 3.15],
							"uv": {
								"north": {"uv": [91, 24], "uv_size": [2, 6]},
								"east": {"uv": [11, 68], "uv_size": [3, 6]},
								"south": {"uv": [91, 31], "uv_size": [2, 6]},
								"west": {"uv": [68, 14], "uv_size": [3, 6]},
								"up": {"uv": [85, 120], "uv_size": [2, 3]},
								"down": {"uv": [88, 123], "uv_size": [2, -3]}
							}
						}
					]
				},
				{
					"name": "LeftForeArm",
					"parent": "LeftArm",
					"pivot": [3.03326, 21.74722, 0.125],
					"cubes": [
						{
							"origin": [1.61728, 17.42328, -1.4],
							"size": [2.75, 5, 3],
							"uv": {
								"north": {"uv": [56, 94], "uv_size": [2, 5]},
								"east": {"uv": [39, 79], "uv_size": [3, 5]},
								"south": {"uv": [66, 94], "uv_size": [2, 5]},
								"west": {"uv": [50, 79], "uv_size": [3, 5]},
								"up": {"uv": [14, 117], "uv_size": [2, 3]},
								"down": {"uv": [117, 87], "uv_size": [2, -3]}
							}
						},
						{
							"origin": [1.61728, 21.06385, -0.6666],
							"size": [2.7, 2, 2],
							"pivot": [2.96728, 22.07342, -0.1435],
							"rotation": [-22.5, 0, 0],
							"uv": {
								"north": {"uv": [130, 24], "uv_size": [2, 2]},
								"east": {"uv": [30, 130], "uv_size": [2, 2]},
								"south": {"uv": [130, 34], "uv_size": [2, 2]},
								"west": {"uv": [39, 130], "uv_size": [2, 2]},
								"up": {"uv": [130, 41], "uv_size": [2, 2]},
								"down": {"uv": [42, 132], "uv_size": [2, -2]}
							}
						},
						{
							"origin": [1.61728, 17.42328, -1.375],
							"size": [2.7, 2, 2.95],
							"uv": {
								"north": {"uv": [117, 112], "uv_size": [3, 2]},
								"east": {"uv": [114, 117], "uv_size": [3, 2]},
								"south": {"uv": [118, 6], "uv_size": [3, 2]},
								"west": {"uv": [118, 22], "uv_size": [3, 2]},
								"up": {"uv": [100, 73], "uv_size": [3, 3]},
								"down": {"uv": [100, 89], "uv_size": [3, -3]}
							}
						},
						{
							"origin": [1.78326, 15.62222, -2.775],
							"size": [2.05, 2, 2],
							"pivot": [3.03326, 14.72222, 0.125],
							"rotation": [-45, 0, 0],
							"uv": {
								"north": {"uv": [45, 130], "uv_size": [2, 2]},
								"east": {"uv": [53, 130], "uv_size": [2, 2]},
								"south": {"uv": [130, 66], "uv_size": [2, 2]},
								"west": {"uv": [130, 69], "uv_size": [2, 2]},
								"up": {"uv": [130, 78], "uv_size": [2, 2]},
								"down": {"uv": [85, 132], "uv_size": [2, -2]}
							}
						}
					]
				},
				{
					"name": "LeftForeArm_yf",
					"parent": "LeftForeArm",
					"pivot": [3.03326, 21.74722, 0.125],
					"cubes": [
						{
							"origin": [1.43326, 16.10476, -1.13038],
							"size": [3.075, 2.5, 1],
							"pivot": [2.98326, 19.60476, -0.58038],
							"rotation": [-22.5, 0, 0],
							"uv": {
								"north": {"uv": [6, 101], "uv_size": [3, 3]},
								"east": {"uv": [99, 138], "uv_size": [1, 3]},
								"south": {"uv": [10, 101], "uv_size": [3, 3]},
								"west": {"uv": [138, 107], "uv_size": [1, 3]},
								"up": {"uv": [138, 86], "uv_size": [3, 1]},
								"down": {"uv": [127, 139], "uv_size": [3, -1]}
							}
						},
						{
							"origin": [3.379, 16.257, -1.5],
							"size": [1.5, 2.5, 3.225],
							"pivot": [4.154, 17.757, 0.1],
							"rotation": [0, 0, -22.5],
							"uv": {
								"north": {"uv": [117, 138], "uv_size": [1, 3]},
								"east": {"uv": [14, 101], "uv_size": [3, 3]},
								"south": {"uv": [131, 138], "uv_size": [1, 3]},
								"west": {"uv": [101, 15], "uv_size": [3, 3]},
								"up": {"uv": [138, 132], "uv_size": [1, 3]},
								"down": {"uv": [133, 141], "uv_size": [1, -3]}
							}
						},
						{
							"origin": [1.43326, 16.257, 1.09574],
							"size": [3.075, 2.5, 1],
							"pivot": [2.97076, 17.757, 1.54574],
							"rotation": [22.5, 0, 0],
							"uv": {
								"north": {"uv": [67, 100], "uv_size": [3, 3]},
								"east": {"uv": [63, 138], "uv_size": [1, 3]},
								"south": {"uv": [71, 100], "uv_size": [3, 3]},
								"west": {"uv": [138, 66], "uv_size": [1, 3]},
								"up": {"uv": [138, 42], "uv_size": [3, 1]},
								"down": {"uv": [138, 48], "uv_size": [3, -1]}
							}
						},
						{
							"origin": [1.77079, 15.81775, -1.5],
							"size": [1.5, 2.5, 3.225],
							"pivot": [3.24579, 19.31775, 0.075],
							"rotation": [0, 0, 22.5],
							"uv": {
								"north": {"uv": [138, 52], "uv_size": [1, 3]},
								"east": {"uv": [59, 100], "uv_size": [3, 3]},
								"south": {"uv": [54, 138], "uv_size": [1, 3]},
								"west": {"uv": [63, 100], "uv_size": [3, 3]},
								"up": {"uv": [56, 138], "uv_size": [1, 3]},
								"down": {"uv": [58, 141], "uv_size": [1, -3]}
							}
						},
						{
							"origin": [1.46728, 17.42328, -1.475],
							"size": [3.025, 5, 3.125],
							"uv": {
								"north": {"uv": [95, 48], "uv_size": [2, 5]},
								"east": {"uv": [0, 80], "uv_size": [3, 5]},
								"south": {"uv": [95, 59], "uv_size": [2, 5]},
								"west": {"uv": [9, 80], "uv_size": [3, 5]},
								"up": {"uv": [113, 120], "uv_size": [2, 3]},
								"down": {"uv": [6, 124], "uv_size": [2, -3]}
							}
						}
					]
				},
				{
					"name": "LeftHand",
					"parent": "LeftForeArm",
					"pivot": [3.03326, 17.72222, 0.125],
					"cubes": [
						{
							"origin": [1.61728, 15.42328, -1.4],
							"size": [2.725, 3, 3],
							"uv": {
								"north": {"uv": [118, 25], "uv_size": [2, 3]},
								"east": {"uv": [18, 101], "uv_size": [3, 3]},
								"south": {"uv": [118, 32], "uv_size": [2, 3]},
								"west": {"uv": [101, 19], "uv_size": [3, 3]},
								"up": {"uv": [118, 36], "uv_size": [2, 3]},
								"down": {"uv": [118, 57], "uv_size": [2, -3]}
							}
						}
					]
				},
				{
					"name": "LeftWaistLocator",
					"parent": "LeftHand",
					"pivot": [0, 0, 0]
				},
				{
					"name": "LeftHandLocator",
					"parent": "LeftHand",
					"pivot": [2.73326, 16.42222, 0.025]
				},
				{
					"name": "RightArm",
					"pivot": [-2.95, 27.25, 0.1],
					"cubes": [
						{
							"origin": [-4.10451, 21.77553, -1.4],
							"size": [2.8, 6, 3],
							"uv": {
								"north": {"uv": [47, 91], "uv_size": [2, 6]},
								"east": {"uv": [68, 28], "uv_size": [3, 6]},
								"south": {"uv": [91, 77], "uv_size": [2, 6]},
								"west": {"uv": [68, 60], "uv_size": [3, 6]},
								"up": {"uv": [9, 121], "uv_size": [2, 3]},
								"down": {"uv": [12, 124], "uv_size": [2, -3]}
							}
						},
						{
							"origin": [-4.00451, 21.80053, -1.3],
							"size": [2.6, 6, 2.8],
							"uv": {
								"north": {"uv": [88, 35], "uv_size": [2, 6]},
								"east": {"uv": [65, 21], "uv_size": [3, 6]},
								"south": {"uv": [4, 89], "uv_size": [2, 6]},
								"west": {"uv": [67, 0], "uv_size": [3, 6]},
								"up": {"uv": [118, 58], "uv_size": [2, 3]},
								"down": {"uv": [118, 65], "uv_size": [2, -3]}
							}
						}
					]
				},
				{
					"name": "RightArm_yf",
					"parent": "RightArm",
					"pivot": [-2.79549, 26.77447, 0.1],
					"cubes": [
						{
							"origin": [-4.20451, 21.77553, -1.425],
							"size": [2.975, 6.1, 3.125],
							"uv": {
								"north": {"uv": [82, 91], "uv_size": [2, 6]},
								"east": {"uv": [68, 67], "uv_size": [3, 6]},
								"south": {"uv": [16, 92], "uv_size": [2, 6]},
								"west": {"uv": [19, 69], "uv_size": [3, 6]},
								"up": {"uv": [15, 121], "uv_size": [2, 3]},
								"down": {"uv": [18, 124], "uv_size": [2, -3]}
							}
						}
					]
				},
				{
					"name": "RightForeArm",
					"parent": "RightArm",
					"pivot": [-3.02049, 21.82447, 0.125],
					"cubes": [
						{
							"origin": [-4.07951, 17.50053, -1.375],
							"size": [2.75, 5, 3],
							"uv": {
								"north": {"uv": [69, 94], "uv_size": [2, 5]},
								"east": {"uv": [63, 79], "uv_size": [3, 5]},
								"south": {"uv": [72, 94], "uv_size": [2, 5]},
								"west": {"uv": [67, 79], "uv_size": [3, 5]},
								"up": {"uv": [71, 118], "uv_size": [2, 3]},
								"down": {"uv": [74, 121], "uv_size": [2, -3]}
							}
						},
						{
							"origin": [-4.05451, 21.1411, -0.6666],
							"size": [2.7, 2, 2],
							"pivot": [-2.95451, 22.15067, -0.1435],
							"rotation": [-22.5, 0, 0],
							"uv": {
								"north": {"uv": [88, 130], "uv_size": [2, 2]},
								"east": {"uv": [130, 93], "uv_size": [2, 2]},
								"south": {"uv": [130, 96], "uv_size": [2, 2]},
								"west": {"uv": [130, 99], "uv_size": [2, 2]},
								"up": {"uv": [130, 102], "uv_size": [2, 2]},
								"down": {"uv": [130, 107], "uv_size": [2, -2]}
							}
						},
						{
							"origin": [-3.57049, 15.69947, -2.775],
							"size": [2.05, 2, 2],
							"pivot": [-3.02049, 14.79947, 0.125],
							"rotation": [-45, 0, 0],
							"uv": {
								"north": {"uv": [130, 117], "uv_size": [2, 2]},
								"east": {"uv": [120, 130], "uv_size": [2, 2]},
								"south": {"uv": [130, 120], "uv_size": [2, 2]},
								"west": {"uv": [123, 130], "uv_size": [2, 2]},
								"up": {"uv": [130, 123], "uv_size": [2, 2]},
								"down": {"uv": [131, 2], "uv_size": [2, -2]}
							}
						}
					]
				},
				{
					"name": "RightForeArm_yf",
					"parent": "RightForeArm",
					"pivot": [-3.02049, 21.82447, 0.125],
					"cubes": [
						{
							"origin": [-4.24549, 16.18201, -1.13038],
							"size": [3.075, 2.5, 1],
							"pivot": [-2.97049, 19.68201, -0.58038],
							"rotation": [-22.5, 0, 0],
							"uv": {
								"north": {"uv": [101, 54], "uv_size": [3, 3]},
								"east": {"uv": [139, 92], "uv_size": [1, 3]},
								"south": {"uv": [101, 62], "uv_size": [3, 3]},
								"west": {"uv": [96, 139], "uv_size": [1, 3]},
								"up": {"uv": [139, 84], "uv_size": [3, 1]},
								"down": {"uv": [101, 140], "uv_size": [3, -1]}
							}
						},
						{
							"origin": [-4.61623, 16.33425, -1.5],
							"size": [1.5, 2.5, 3.225],
							"pivot": [-4.14123, 17.83425, 0.1],
							"rotation": [0, 0, 22.5],
							"uv": {
								"north": {"uv": [14, 139], "uv_size": [1, 3]},
								"east": {"uv": [26, 101], "uv_size": [3, 3]},
								"south": {"uv": [21, 139], "uv_size": [1, 3]},
								"west": {"uv": [101, 27], "uv_size": [3, 3]},
								"up": {"uv": [46, 139], "uv_size": [1, 3]},
								"down": {"uv": [139, 64], "uv_size": [1, -3]}
							}
						},
						{
							"origin": [-3.00802, 15.895, -1.5],
							"size": [1.5, 2.5, 3.225],
							"pivot": [-3.23302, 19.395, 0.075],
							"rotation": [0, 0, -22.5],
							"uv": {
								"north": {"uv": [139, 70], "uv_size": [1, 3]},
								"east": {"uv": [30, 101], "uv_size": [3, 3]},
								"south": {"uv": [139, 76], "uv_size": [1, 3]},
								"west": {"uv": [37, 101], "uv_size": [3, 3]},
								"up": {"uv": [139, 80], "uv_size": [1, 3]},
								"down": {"uv": [139, 91], "uv_size": [1, -3]}
							}
						},
						{
							"origin": [-4.24549, 16.33425, 1.09574],
							"size": [3.075, 2.5, 1],
							"pivot": [-2.95799, 17.83425, 1.54574],
							"rotation": [22.5, 0, 0],
							"uv": {
								"north": {"uv": [22, 101], "uv_size": [3, 3]},
								"east": {"uv": [138, 136], "uv_size": [1, 3]},
								"south": {"uv": [101, 23], "uv_size": [3, 3]},
								"west": {"uv": [139, 10], "uv_size": [1, 3]},
								"up": {"uv": [28, 139], "uv_size": [3, 1]},
								"down": {"uv": [139, 60], "uv_size": [3, -1]}
							}
						},
						{
							"origin": [-4.22951, 17.50053, -1.4],
							"size": [2.95, 2, 3.075],
							"uv": {
								"north": {"uv": [118, 77], "uv_size": [3, 2]},
								"east": {"uv": [118, 80], "uv_size": [3, 2]},
								"south": {"uv": [118, 103], "uv_size": [3, 2]},
								"west": {"uv": [118, 115], "uv_size": [3, 2]},
								"up": {"uv": [101, 66], "uv_size": [3, 3]},
								"down": {"uv": [75, 104], "uv_size": [3, -3]}
							}
						},
						{
							"origin": [-4.20451, 17.50053, -1.4],
							"size": [2.925, 5, 3.075],
							"uv": {
								"north": {"uv": [3, 96], "uv_size": [2, 5]},
								"east": {"uv": [80, 33], "uv_size": [3, 5]},
								"south": {"uv": [96, 36], "uv_size": [2, 5]},
								"west": {"uv": [80, 39], "uv_size": [3, 5]},
								"up": {"uv": [21, 121], "uv_size": [2, 3]},
								"down": {"uv": [121, 28], "uv_size": [2, -3]}
							}
						}
					]
				},
				{
					"name": "RightHand",
					"parent": "RightForeArm",
					"pivot": [-3.02049, 17.79947, 0.125],
					"cubes": [
						{
							"origin": [-4.10451, 15.50053, -1.4],
							"size": [2.75, 3, 3],
							"uv": {
								"north": {"uv": [118, 118], "uv_size": [2, 3]},
								"east": {"uv": [101, 77], "uv_size": [3, 3]},
								"south": {"uv": [0, 119], "uv_size": [2, 3]},
								"west": {"uv": [101, 81], "uv_size": [3, 3]},
								"up": {"uv": [119, 0], "uv_size": [2, 3]},
								"down": {"uv": [119, 12], "uv_size": [2, -3]}
							}
						}
					]
				},
				{
					"name": "RightWaistLocator",
					"parent": "RightHand",
					"pivot": [0, 0, 0]
				},
				{
					"name": "RightHandLocator",
					"parent": "RightHand",
					"pivot": [-2.77049, 16.54947, 0.025]
				}
			]
		}
	]
}