{
	"format_version": "1.12.0",
	"minecraft:geometry": [
		{
			"description": {
				"identifier": "geometry.unknown",
				"texture_width": 16,
				"texture_height": 16,
				"visible_bounds_width": 2,
				"visible_bounds_height": 3.5,
				"visible_bounds_offset": [0, 1.25, 0]
			},
			"bones": [
				{
					"name": "RightArm",
					"pivot": [-6.798, 29.2314, 0],
					"cubes": [
						{
							"origin": [-5.39155, 25.093, -2.88452],
							"size": [5.71032, 8.42952, 5.71032],
							"uv": {
								"north": {"uv": [2.6875, 3.875], "uv_size": [0.35938, 0.53125]},
								"east": {"uv": [3.0625, 3.875], "uv_size": [0.35938, 0.53125]},
								"south": {"uv": [0, 3.9375], "uv_size": [0.35938, 0.53125]},
								"west": {"uv": [3.4375, 4], "uv_size": [0.35938, 0.53125]},
								"up": {"uv": [5.375, 0], "uv_size": [0.35938, 0.35938]},
								"down": {"uv": [5.375, 0.73438], "uv_size": [0.35938, -0.35937]}
							}
						}
					]
				},
				{
					"name": "RightSleeve",
					"parent": "RightArm",
					"pivot": [-6.798, 29.2314, 0]
				},
				{
					"name": "RightForeArm",
					"parent": "RightArm",
					"pivot": [-8.1576, 23.793, 0],
					"cubes": [
						{
							"origin": [-5.39155, 20.47036, -2.88452],
							"size": [5.71032, 4.62264, 5.71032],
							"uv": {
								"north": {"uv": [6.0625, 3.6875], "uv_size": [0.35938, 0.28125]},
								"east": {"uv": [3.75, 6.0625], "uv_size": [0.35938, 0.28125]},
								"south": {"uv": [6.125, 0], "uv_size": [0.35938, 0.28125]},
								"west": {"uv": [6.125, 0.3125], "uv_size": [0.35938, 0.28125]},
								"up": {"uv": [5.375, 0.75], "uv_size": [0.35938, 0.35938]},
								"down": {"uv": [0.75, 5.79688], "uv_size": [0.35938, -0.35937]}
							}
						},
						{
							"origin": [-5.36993, 18.43096, -2.88452],
							"size": [5.71032, 2.0394, 5.71032],
							"uv": {
								"north": {"uv": [3.75, 3.1875], "uv_size": [0.35938, 0.125]},
								"east": {"uv": [7.375, 3.625], "uv_size": [0.35938, 0.125]},
								"south": {"uv": [7.375, 3.75], "uv_size": [0.35938, 0.125]},
								"west": {"uv": [7.375, 5.125], "uv_size": [0.35938, 0.125]},
								"up": {"uv": [1.125, 5.4375], "uv_size": [0.35938, 0.35938]},
								"down": {"uv": [1.5, 5.79688], "uv_size": [0.35938, -0.35937]}
							}
						},
						{
							"origin": [-5.36993, 16.66348, -2.88452],
							"size": [3.53496, 1.76748, 5.71032],
							"uv": {
								"north": {"uv": [9, 1.25], "uv_size": [0.21875, 0.10938]},
								"east": {"uv": [7.75, 3.75], "uv_size": [0.35938, 0.10938]},
								"south": {"uv": [2.5, 9], "uv_size": [0.21875, 0.10938]},
								"west": {"uv": [7.8125, 7.25], "uv_size": [0.35938, 0.10938]},
								"up": {"uv": [6.5, 6.625], "uv_size": [0.21875, 0.35938]},
								"down": {"uv": [6.6875, 0.73438], "uv_size": [0.21875, -0.35937]}
							}
						},
						{
							"origin": [-5.52751, 20.47036, -3.02048],
							"size": [5.98224, 1.22364, 5.98224],
							"uv": {
								"north": {"uv": [8.3125, 6.1875], "uv_size": [0.375, 0.07813]},
								"east": {"uv": [8.4375, 3.3125], "uv_size": [0.375, 0.07813]},
								"south": {"uv": [8.5, 3], "uv_size": [0.375, 0.07813]},
								"west": {"uv": [8.5, 3.4375], "uv_size": [0.375, 0.07813]},
								"up": {"uv": [5.25, 5.0625], "uv_size": [0.375, 0.375]},
								"down": {"uv": [0.375, 5.6875], "uv_size": [0.375, -0.375]}
							}
						},
						{
							"origin": [-5.1768, 16.79944, -2.7192],
							"size": [5.4384, 8.1576, 5.4384],
							"uv": {
								"north": {"uv": [4.5625, 3.9375], "uv_size": [0.34375, 0.51563]},
								"east": {"uv": [4.5625, 4.5], "uv_size": [0.34375, 0.51563]},
								"south": {"uv": [4.625, 0], "uv_size": [0.34375, 0.51563]},
								"west": {"uv": [4.625, 0.5625], "uv_size": [0.34375, 0.51563]},
								"up": {"uv": [3.75, 5.6875], "uv_size": [0.34375, 0.34375]},
								"down": {"uv": [5.75, 0.34375], "uv_size": [0.34375, -0.34375]}
							}
						}
					]
				},
				{
					"name": "rightForeSleeve",
					"parent": "RightForeArm",
					"pivot": [-6.798, 20.394, 0]
				},
				{
					"name": "RightHand",
					"parent": "RightForeArm",
					"pivot": [-8.1576, 23.793, 0],
					"cubes": [
						{
							"origin": [-2.5475, 17.5253, -1.4495],
							"size": [1.5394, 1.5394, 2.899],
							"inflate": 0.25,
							"uv": {
								"north": {"uv": [0.6875, 9.8125], "uv_size": [0.09375, 0.09375]},
								"east": {"uv": [4.5, 9.25], "uv_size": [0.1875, 0.09375]},
								"south": {"uv": [0.8125, 9.8125], "uv_size": [0.09375, 0.09375]},
								"west": {"uv": [9.25, 4.625], "uv_size": [0.1875, 0.09375]},
								"up": {"uv": [9.25, 4.75], "uv_size": [0.09375, 0.1875]},
								"down": {"uv": [9.25, 5.125], "uv_size": [0.09375, -0.1875]}
							}
						}
					]
				},
				{
					"name": "RightHandLocator",
					"parent": "RightHand",
					"pivot": [-8.1576, 16.995, 0]
				},
				{
					"name": "RightItem",
					"parent": "RightArm",
					"pivot": [-8.1576, 19.7142, 1.3596]
				},
				{
					"name": "RightArm2",
					"parent": "RightArm",
					"pivot": [-24.4728, 24.90235, 1.91452],
					"cubes": [
						{
							"origin": [-5.1768, 25.093, -2.7192],
							"size": [5.4384, 8.1576, 5.4384],
							"uv": {
								"north": {"uv": [1.875, 4.625], "uv_size": [0.34375, 0.51563]},
								"east": {"uv": [2.25, 4.625], "uv_size": [0.34375, 0.51563]},
								"south": {"uv": [0.375, 4.75], "uv_size": [0.34375, 0.51563]},
								"west": {"uv": [0.75, 4.875], "uv_size": [0.34375, 0.51563]},
								"up": {"uv": [5.75, 0.375], "uv_size": [0.34375, 0.34375]},
								"down": {"uv": [5.75, 1.09375], "uv_size": [0.34375, -0.34375]}
							}
						},
						{
							"origin": [-5.24478, 23.59744, 1.66551],
							"size": [5.26845, 2.65122, 1.18965],
							"pivot": [-18.7728, 27.50629, 0.27192],
							"rotation": [-68.5, 0, 0],
							"uv": {
								"north": {"uv": [7, 2.3125], "uv_size": [0.32813, 0.17188]},
								"east": {"uv": [3.25, 9.5625], "uv_size": [0.07813, 0.17188]},
								"south": {"uv": [7, 2.5], "uv_size": [0.32813, 0.17188]},
								"west": {"uv": [3.375, 9.5625], "uv_size": [0.07813, 0.17188]},
								"up": {"uv": [4.625, 8.6875], "uv_size": [0.32813, 0.07813]},
								"down": {"uv": [8.6875, 4.70313], "uv_size": [0.32813, -0.07812]}
							}
						},
						{
							"origin": [-5.24478, 23.63823, -2.85516],
							"size": [5.26845, 2.51526, 1.18965],
							"pivot": [-18.7728, 27.50629, -0.27192],
							"rotation": [68.5, 0, 0],
							"uv": {
								"north": {"uv": [7.3125, 0.75], "uv_size": [0.32813, 0.15625]},
								"east": {"uv": [3.125, 9.625], "uv_size": [0.07813, 0.15625]},
								"south": {"uv": [7.3125, 0.9375], "uv_size": [0.32813, 0.15625]},
								"west": {"uv": [3.75, 9.625], "uv_size": [0.07813, 0.15625]},
								"up": {"uv": [8.6875, 4.75], "uv_size": [0.32813, 0.07813]},
								"down": {"uv": [8.6875, 4.95313], "uv_size": [0.32813, -0.07812]}
							}
						},
						{
							"origin": [-5.24478, 24.72591, -2.85516],
							"size": [5.26845, 1.29162, 1.18965],
							"uv": {
								"north": {"uv": [8.6875, 5], "uv_size": [0.32813, 0.07813]},
								"east": {"uv": [3.875, 9.875], "uv_size": [0.07813, 0.07813]},
								"south": {"uv": [8.6875, 5.125], "uv_size": [0.32813, 0.07813]},
								"west": {"uv": [4, 9.875], "uv_size": [0.07813, 0.07813]},
								"up": {"uv": [8.6875, 5.25], "uv_size": [0.32813, 0.07813]},
								"down": {"uv": [5.8125, 8.76563], "uv_size": [0.32813, -0.07812]}
							}
						},
						{
							"origin": [-5.24478, 24.72591, 1.63152],
							"size": [5.26845, 1.29162, 1.18965],
							"uv": {
								"north": {"uv": [8.6875, 6.125], "uv_size": [0.32813, 0.07813]},
								"east": {"uv": [9.875, 4.0625], "uv_size": [0.07813, 0.07813]},
								"south": {"uv": [6.375, 8.6875], "uv_size": [0.32813, 0.07813]},
								"west": {"uv": [4.25, 9.875], "uv_size": [0.07813, 0.07813]},
								"up": {"uv": [8.6875, 6.5], "uv_size": [0.32813, 0.07813]},
								"down": {"uv": [8.6875, 6.70313], "uv_size": [0.32813, -0.07812]}
							}
						},
						{
							"origin": [-5.24478, 23.33436, -2.33204],
							"size": [5.26845, 2.51526, 1.18965],
							"pivot": [-18.7728, 27.20242, 0.2512],
							"rotation": [51, 0, 0],
							"uv": {
								"north": {"uv": [7.3125, 1.125], "uv_size": [0.32813, 0.15625]},
								"east": {"uv": [4.125, 9.625], "uv_size": [0.07813, 0.15625]},
								"south": {"uv": [7.3125, 1.3125], "uv_size": [0.32813, 0.15625]},
								"west": {"uv": [9.625, 5], "uv_size": [0.07813, 0.15625]},
								"up": {"uv": [6.75, 8.6875], "uv_size": [0.32813, 0.07813]},
								"down": {"uv": [8.6875, 6.82813], "uv_size": [0.32813, -0.07812]}
							}
						},
						{
							"origin": [-5.24478, 23.33436, 1.14239],
							"size": [5.26845, 2.65122, 1.18965],
							"pivot": [-18.7728, 27.20242, -0.2512],
							"rotation": [-51, 0, 0],
							"uv": {
								"north": {"uv": [7, 2.6875], "uv_size": [0.32813, 0.17188]},
								"east": {"uv": [3.625, 9.5625], "uv_size": [0.07813, 0.17188]},
								"south": {"uv": [7, 2.875], "uv_size": [0.32813, 0.17188]},
								"west": {"uv": [3.875, 9.5625], "uv_size": [0.07813, 0.17188]},
								"up": {"uv": [8.6875, 6.875], "uv_size": [0.32813, 0.07813]},
								"down": {"uv": [8.6875, 7.07813], "uv_size": [0.32813, -0.07812]}
							}
						},
						{
							"origin": [-5.24478, 23.00312, -0.15281],
							"size": [5.26845, 2.65122, 1.18965],
							"pivot": [-18.7728, 26.87118, -1.5464],
							"rotation": [-21, 0, 0],
							"uv": {
								"north": {"uv": [7, 3.0625], "uv_size": [0.32813, 0.17188]},
								"east": {"uv": [4, 9.5625], "uv_size": [0.07813, 0.17188]},
								"south": {"uv": [3.875, 7], "uv_size": [0.32813, 0.17188]},
								"west": {"uv": [4.3125, 9.5625], "uv_size": [0.07813, 0.17188]},
								"up": {"uv": [7.125, 8.6875], "uv_size": [0.32813, 0.07813]},
								"down": {"uv": [8.6875, 7.95313], "uv_size": [0.32813, -0.07812]}
							}
						},
						{
							"origin": [-5.24478, 23.00312, -1.03684],
							"size": [5.26845, 2.51526, 1.18965],
							"pivot": [-18.7728, 26.87118, 1.5464],
							"rotation": [21, 0, 0],
							"uv": {
								"north": {"uv": [7.3125, 3.25], "uv_size": [0.32813, 0.15625]},
								"east": {"uv": [9.625, 5.375], "uv_size": [0.07813, 0.15625]},
								"south": {"uv": [7.3125, 3.4375], "uv_size": [0.32813, 0.15625]},
								"west": {"uv": [9.625, 5.5625], "uv_size": [0.07813, 0.15625]},
								"up": {"uv": [8.25, 8.6875], "uv_size": [0.32813, 0.07813]},
								"down": {"uv": [0, 8.82813], "uv_size": [0.32813, -0.07812]}
							}
						},
						{
							"origin": [-5.24478, 22.33428, -0.66872],
							"size": [5.26845, 3.60294, 1.18965],
							"uv": {
								"north": {"uv": [6.8125, 0], "uv_size": [0.32813, 0.21875]},
								"east": {"uv": [1.6875, 9.3125], "uv_size": [0.07813, 0.21875]},
								"south": {"uv": [5.875, 6.8125], "uv_size": [0.32813, 0.21875]},
								"west": {"uv": [1.8125, 9.3125], "uv_size": [0.07813, 0.21875]},
								"up": {"uv": [0.5, 8.75], "uv_size": [0.32813, 0.07813]},
								"down": {"uv": [8.75, 0.57813], "uv_size": [0.32813, -0.07812]}
							}
						}
					]
				},
				{
					"name": "LeftArm",
					"pivot": [6.798, 29.2314, 0],
					"cubes": [
						{
							"origin": [0.2384, 25.093, -2.7192],
							"size": [5.4384, 8.1576, 5.4384],
							"uv": {
								"north": {"uv": [1.125, 4.875], "uv_size": [0.34375, 0.51563]},
								"east": {"uv": [4.875, 1.125], "uv_size": [0.34375, 0.51563]},
								"south": {"uv": [1.5, 4.875], "uv_size": [0.34375, 0.51563]},
								"west": {"uv": [4.875, 1.6875], "uv_size": [0.34375, 0.51563]},
								"up": {"uv": [1.875, 5.75], "uv_size": [0.34375, 0.34375]},
								"down": {"uv": [2.25, 6.09375], "uv_size": [0.34375, -0.34375]}
							}
						},
						{
							"origin": [0.02365, 25.093, -2.88452],
							"size": [5.71032, 8.42952, 5.71032],
							"uv": {
								"north": {"uv": [3.8125, 4], "uv_size": [0.35938, 0.53125]},
								"east": {"uv": [1.875, 4.0625], "uv_size": [0.35938, 0.53125]},
								"south": {"uv": [2.25, 4.0625], "uv_size": [0.35938, 0.53125]},
								"west": {"uv": [4.125, 2.0625], "uv_size": [0.35938, 0.53125]},
								"up": {"uv": [4.125, 5.4375], "uv_size": [0.35938, 0.35938]},
								"down": {"uv": [5.25, 5.79688], "uv_size": [0.35938, -0.35937]}
							}
						}
					]
				},
				{
					"name": "LeftSleeve",
					"parent": "LeftArm",
					"pivot": [6.798, 29.2314, 0]
				},
				{
					"name": "LeftForeArm",
					"parent": "LeftArm",
					"pivot": [8.1576, 23.793, 0],
					"cubes": [
						{
							"origin": [2.33497, 16.66348, -2.88452],
							"size": [3.399, 1.76748, 5.71032],
							"uv": {
								"north": {"uv": [9, 2.625], "uv_size": [0.21875, 0.10938]},
								"east": {"uv": [7.875, 1.25], "uv_size": [0.35938, 0.10938]},
								"south": {"uv": [9, 2.75], "uv_size": [0.21875, 0.10938]},
								"west": {"uv": [7.875, 1.375], "uv_size": [0.35938, 0.10938]},
								"up": {"uv": [6.6875, 0.75], "uv_size": [0.21875, 0.35938]},
								"down": {"uv": [6.6875, 1.48438], "uv_size": [0.21875, -0.35937]}
							}
						},
						{
							"origin": [0.15961, 18.43096, -2.88452],
							"size": [5.57436, 2.0394, 5.71032],
							"uv": {
								"north": {"uv": [7.375, 5.75], "uv_size": [0.34375, 0.125]},
								"east": {"uv": [7.375, 5.25], "uv_size": [0.35938, 0.125]},
								"south": {"uv": [7.4375, 1.6875], "uv_size": [0.34375, 0.125]},
								"west": {"uv": [7.375, 5.375], "uv_size": [0.35938, 0.125]},
								"up": {"uv": [3.375, 5.6875], "uv_size": [0.34375, 0.35938]},
								"down": {"uv": [5.6875, 3.98438], "uv_size": [0.34375, -0.35937]}
							}
						},
						{
							"origin": [-0.07635, 20.47036, -3.02048],
							"size": [5.94628, 1.22364, 5.98224],
							"uv": {
								"north": {"uv": [8.5, 5.8125], "uv_size": [0.35938, 0.07813]},
								"east": {"uv": [8.5, 4], "uv_size": [0.375, 0.07813]},
								"south": {"uv": [8.5, 6], "uv_size": [0.35938, 0.07813]},
								"west": {"uv": [8.5, 4.125], "uv_size": [0.375, 0.07813]},
								"up": {"uv": [5.3125, 4.3125], "uv_size": [0.35938, 0.375]},
								"down": {"uv": [5.3125, 5.0625], "uv_size": [0.35938, -0.375]}
							}
						},
						{
							"origin": [0.02365, 20.47036, -2.88452],
							"size": [5.71032, 4.62264, 5.71032],
							"uv": {
								"north": {"uv": [6.125, 0.625], "uv_size": [0.35938, 0.28125]},
								"east": {"uv": [1.8125, 6.125], "uv_size": [0.35938, 0.28125]},
								"south": {"uv": [2.1875, 6.125], "uv_size": [0.35938, 0.28125]},
								"west": {"uv": [0.375, 6.1875], "uv_size": [0.35938, 0.28125]},
								"up": {"uv": [2.625, 5.5625], "uv_size": [0.35938, 0.35938]},
								"down": {"uv": [3, 5.92188], "uv_size": [0.35938, -0.35937]}
							}
						},
						{
							"origin": [0.2384, 16.79944, -2.7192],
							"size": [5.4384, 8.1576, 5.4384],
							"uv": {
								"north": {"uv": [4.875, 2.25], "uv_size": [0.34375, 0.51563]},
								"east": {"uv": [4.125, 4.875], "uv_size": [0.34375, 0.51563]},
								"south": {"uv": [4.9375, 2.8125], "uv_size": [0.34375, 0.51563]},
								"west": {"uv": [4.9375, 3.375], "uv_size": [0.34375, 0.51563]},
								"up": {"uv": [0.6875, 5.8125], "uv_size": [0.34375, 0.34375]},
								"down": {"uv": [1.0625, 6.15625], "uv_size": [0.34375, -0.34375]}
							}
						}
					]
				},
				{
					"name": "LeftHand",
					"parent": "LeftForeArm",
					"pivot": [8.1576, 23.793, 0]
				},
				{
					"name": "LeftHandLocator",
					"parent": "LeftHand",
					"pivot": [8.1576, 16.995, 0]
				},
				{
					"name": "LeftForeSleeve",
					"parent": "LeftForeArm",
					"pivot": [6.798, 20.394, 0]
				},
				{
					"name": "LeftItem",
					"parent": "LeftArm",
					"pivot": [8.1576, 19.7142, 1.3596]
				},
				{
					"name": "LeftArm2",
					"parent": "LeftArm",
					"pivot": [-8.1576, 24.90235, 1.91452],
					"cubes": [
						{
							"origin": [0.30638, 23.59744, 1.66551],
							"size": [5.26845, 2.65122, 1.18965],
							"pivot": [-13.3576, 27.50629, 0.27192],
							"rotation": [-68.5, 0, 0],
							"uv": {
								"north": {"uv": [4.25, 7], "uv_size": [0.32813, 0.17188]},
								"east": {"uv": [4.4375, 9.5625], "uv_size": [0.07813, 0.17188]},
								"south": {"uv": [4.625, 7], "uv_size": [0.32813, 0.17188]},
								"west": {"uv": [4.5625, 9.5625], "uv_size": [0.07813, 0.17188]},
								"up": {"uv": [8.75, 0.625], "uv_size": [0.32813, 0.07813]},
								"down": {"uv": [8.75, 0.82813], "uv_size": [0.32813, -0.07812]}
							}
						},
						{
							"origin": [0.30638, 23.63823, -2.85516],
							"size": [5.26845, 2.51526, 1.18965],
							"pivot": [-13.3576, 27.50629, -0.27192],
							"rotation": [68.5, 0, 0],
							"uv": {
								"north": {"uv": [3.8125, 7.3125], "uv_size": [0.32813, 0.15625]},
								"east": {"uv": [5.6875, 9.625], "uv_size": [0.07813, 0.15625]},
								"south": {"uv": [7.3125, 3.875], "uv_size": [0.32813, 0.15625]},
								"west": {"uv": [9.625, 6.25], "uv_size": [0.07813, 0.15625]},
								"up": {"uv": [8.75, 0.875], "uv_size": [0.32813, 0.07813]},
								"down": {"uv": [8.75, 1.07813], "uv_size": [0.32813, -0.07812]}
							}
						},
						{
							"origin": [0.30638, 24.72591, -2.85516],
							"size": [5.26845, 1.29162, 1.18965],
							"uv": {
								"north": {"uv": [8.75, 1.125], "uv_size": [0.32813, 0.07813]},
								"east": {"uv": [4.375, 9.875], "uv_size": [0.07813, 0.07813]},
								"south": {"uv": [1.1875, 8.75], "uv_size": [0.32813, 0.07813]},
								"west": {"uv": [4.5, 9.875], "uv_size": [0.07813, 0.07813]},
								"up": {"uv": [8.75, 1.375], "uv_size": [0.32813, 0.07813]},
								"down": {"uv": [8.75, 1.57813], "uv_size": [0.32813, -0.07812]}
							}
						},
						{
							"origin": [0.30638, 24.72591, 1.63152],
							"size": [5.26845, 1.29162, 1.18965],
							"uv": {
								"north": {"uv": [1.5625, 8.75], "uv_size": [0.32813, 0.07813]},
								"east": {"uv": [4.625, 9.875], "uv_size": [0.07813, 0.07813]},
								"south": {"uv": [1.9375, 8.75], "uv_size": [0.32813, 0.07813]},
								"west": {"uv": [4.75, 9.875], "uv_size": [0.07813, 0.07813]},
								"up": {"uv": [2.3125, 8.75], "uv_size": [0.32813, 0.07813]},
								"down": {"uv": [8.75, 2.45313], "uv_size": [0.32813, -0.07812]}
							}
						},
						{
							"origin": [0.30638, 23.33436, -2.33204],
							"size": [5.26845, 2.51526, 1.18965],
							"pivot": [-13.3576, 27.20242, 0.2512],
							"rotation": [51, 0, 0],
							"uv": {
								"north": {"uv": [7.3125, 4.0625], "uv_size": [0.32813, 0.15625]},
								"east": {"uv": [9.625, 6.625], "uv_size": [0.07813, 0.15625]},
								"south": {"uv": [4.1875, 7.3125], "uv_size": [0.32813, 0.15625]},
								"west": {"uv": [7.375, 9.625], "uv_size": [0.07813, 0.15625]},
								"up": {"uv": [3.375, 8.75], "uv_size": [0.32813, 0.07813]},
								"down": {"uv": [4.0625, 8.82813], "uv_size": [0.32813, -0.07812]}
							}
						},
						{
							"origin": [0.30638, 23.33436, 1.14239],
							"size": [5.26845, 2.65122, 1.18965],
							"pivot": [-13.3576, 27.20242, -0.2512],
							"rotation": [-51, 0, 0],
							"uv": {
								"north": {"uv": [7, 5.125], "uv_size": [0.32813, 0.17188]},
								"east": {"uv": [4.6875, 9.5625], "uv_size": [0.07813, 0.17188]},
								"south": {"uv": [7, 5.3125], "uv_size": [0.32813, 0.17188]},
								"west": {"uv": [4.8125, 9.5625], "uv_size": [0.07813, 0.17188]},
								"up": {"uv": [8.75, 4.25], "uv_size": [0.32813, 0.07813]},
								"down": {"uv": [8.75, 4.45313], "uv_size": [0.32813, -0.07812]}
							}
						},
						{
							"origin": [0.30638, 23.00312, -0.15281],
							"size": [5.26845, 2.65122, 1.18965],
							"pivot": [-13.3576, 26.87118, -1.5464],
							"rotation": [-21, 0, 0],
							"uv": {
								"north": {"uv": [7, 5.5], "uv_size": [0.32813, 0.17188]},
								"east": {"uv": [4.9375, 9.5625], "uv_size": [0.07813, 0.17188]},
								"south": {"uv": [7, 5.6875], "uv_size": [0.32813, 0.17188]},
								"west": {"uv": [5.0625, 9.5625], "uv_size": [0.07813, 0.17188]},
								"up": {"uv": [5, 8.75], "uv_size": [0.32813, 0.07813]},
								"down": {"uv": [5.375, 8.82813], "uv_size": [0.32813, -0.07812]}
							}
						},
						{
							"origin": [0.30638, 23.00312, -1.03684],
							"size": [5.26845, 2.51526, 1.18965],
							"pivot": [-13.3576, 26.87118, 1.5464],
							"rotation": [21, 0, 0],
							"uv": {
								"north": {"uv": [7.3125, 4.25], "uv_size": [0.32813, 0.15625]},
								"east": {"uv": [8, 9.625], "uv_size": [0.07813, 0.15625]},
								"south": {"uv": [5.1875, 7.3125], "uv_size": [0.32813, 0.15625]},
								"west": {"uv": [8.375, 9.625], "uv_size": [0.07813, 0.15625]},
								"up": {"uv": [8.75, 5.375], "uv_size": [0.32813, 0.07813]},
								"down": {"uv": [8.75, 5.57813], "uv_size": [0.32813, -0.07812]}
							}
						},
						{
							"origin": [0.34234, 22.33428, -0.52093],
							"size": [5.23249, 3.60294, 1.18965],
							"uv": {
								"north": {"uv": [6.875, 4.5], "uv_size": [0.32813, 0.21875]},
								"east": {"uv": [1.9375, 9.3125], "uv_size": [0.07813, 0.21875]},
								"south": {"uv": [6.875, 4.75], "uv_size": [0.32813, 0.21875]},
								"west": {"uv": [2.0625, 9.3125], "uv_size": [0.07813, 0.21875]},
								"up": {"uv": [8.75, 5.625], "uv_size": [0.32813, 0.07813]},
								"down": {"uv": [8.75, 6.32813], "uv_size": [0.32813, -0.07812]}
							}
						}
					]
				}
			]
		}
	]
}