{
	"format_version": "1.8.0",
	"animations": {
		"extra1": {
			"loop": true,
			"animation_length": 92.6667,
			"bones": {
				"Root": {
					"rotation": [0, -5, 0]
				},
				"Head": {
					"rotation": [2.5, 5, -2.5]
				},
				"LeftArm": {
					"rotation": [-16.28677, 55.13268, -12.91141]
				},
				"LeftForeArm": {
					"rotation": [-55, 0, 0]
				},
				"RightArm": {
					"rotation": [-16.28677, -55.13268, 12.91141]
				},
				"RightForeArm": {
					"rotation": [-55, 0, 0]
				},
				"RightLeg": {
					"rotation": [0, -10, -2.5]
				},
				"LeftLeg": {
					"rotation": [0, 10, 2.5]
				},
				"bone20": {
					"rotation": [1.08253, -32.44642, 1.26729],
					"position": [-0.57846, 0.44392, 0.45642]
				},
				"TopForeArm2": {
					"rotation": [10, 0, 0]
				},
				"TopForeArm": {
					"rotation": [15, 0, 0]
				}
			}
		},
		"extra2": {
			"loop": true,
			"animation_length": 1.4167,
			"bones": {
				"Right_ForeLeg": {
					"rotation": [80.89534, -7.39953, 1.17992]
				},
				"Left_ForeLeg": {
					"rotation": [102.08821, 5.87317, -3.79229]
				},
				"QunZi": {
					"rotation": [-87.5, 0, 0]
				},
				"HHead": {
					"rotation": [-5, 0, 0]
				},
				"YouYan": {
					"position": [0.1, 0, 0]
				},
				"YouYan2": {
					"position": [0.4, 0, 0]
				},
				"MAllBody": {
					"position": [0, 0, 0]
				},
				"qunzi16": {
					"rotation": [-65, 0, 0]
				},
				"Skirt": {
					"rotation": [-29, 0, 0]
				},
				"MRoot": {
					"position": [0, -5, 0]
				},
				"HaloLocator": {
					"rotation": [0, 0, 0]
				},
				"Halo": {
					"rotation": [0, 0, 0]
				},
				"HaloRoll": {
					"rotation": [0, 0, 0]
				},
				"FLongHair": {
					"rotation": [0, 0, 0]
				},
				"MLongHair": {
					"rotation": [0, 0, 0]
				},
				"MHead": {
					"rotation": [0, 0, 0]
				},
				"left_foot": {
					"rotation": [27.41063, -2.30644, 4.43745],
					"position": [0.075, 0, 0]
				},
				"right_foot": {
					"rotation": [22.5, 0, 0]
				},
				"LongHair": {
					"rotation": [0, 0, 0]
				},
				"Root": {
					"rotation": [-10, 0, 0],
					"position": [0, -7, 3]
				},
				"AllBody": {
					"position": [0, -11, 0]
				},
				"UpBody": {
					"rotation": [5, 0, 0]
				},
				"AllHead": {
					"rotation": [0, 0, 0],
					"position": [0, 0, 0],
					"scale": 1
				},
				"LeftArm": {
					"rotation": [-1.56125, 17.21366, -5.23011]
				},
				"LeftForeArm": {
					"rotation": [-62.29788, 6.64851, 3.47875]
				},
				"RightForeArm": {
					"rotation": [-69.55418, -11.73507, -4.3361]
				},
				"RightLeg": {
					"rotation": [-118.60602, -0.37562, 2.64295]
				},
				"RightLowerLeg": {
					"rotation": [80.89534, -7.39953, 1.17992]
				},
				"LeftLeg": {
					"rotation": [-126.17733, 1.36822, -3.0937]
				},
				"LeftLowerLeg": {
					"rotation": [102.08821, 5.87317, -3.79229],
					"position": [0, 0.25, -0.5]
				}
			}
		},
		"extra3": {
			"loop": "hold_on_last_frame",
			"animation_length": 1.5,
			"bones": {
				"UpperBody": {
					"rotation": {
						"0.0": {
							"post": [0, 0, 0],
							"lerp_mode": "catmullrom"
						},
						"0.125": {
							"post": [0, -1.5, 0],
							"lerp_mode": "catmullrom"
						},
						"0.2917": {
							"post": [-0.02399, -1.0001, -0.49901],
							"lerp_mode": "catmullrom"
						},
						"0.5417": {
							"post": [0.04807, 3.49958, 1.00178],
							"lerp_mode": "catmullrom"
						},
						"0.75": [-0.02399, -1.0001, -0.49901],
						"0.7917": [-0.02399, 1.14339, -0.4991],
						"0.8333": [-0.024, 1.97059, -0.49938],
						"0.875": [-0.024, 2.43844, -0.49979],
						"0.9167": [-0.02401, 2.69725, -0.5002],
						"0.9583": [-0.02401, 2.79841, -0.50048],
						"1.0": [-0.02402, 2.7499, -0.50058],
						"1.5": {
							"pre": [-0.02402, 2.7499, -0.50058],
							"post": [-0.02402, 2.7499, -0.50058],
							"lerp_mode": "catmullrom"
						}
					},
					"position": {
						"0.0": {
							"post": [0, 0, 0],
							"lerp_mode": "catmullrom"
						}
					}
				},
				"Root": {
					"rotation": [0, 0, 0],
					"scale": 1
				},
				"AllBody": {
					"rotation": [0, 0, 0],
					"position": [0, 0, 0],
					"scale": 1
				},
				"UpBody": {
					"rotation": {
						"0.0": [0, 0, 0],
						"0.0417": [-0.03391, 3.91064, -1.87489],
						"0.0833": [-0.29512, 7.08127, -2.52866],
						"0.125": [-0.32902, 7.49282, -2.52154],
						"0.1667": [-0.33767, 3.76654, -1.19755],
						"0.2083": [-0.38233, 1.33125, -0.18026],
						"0.25": [-0.42699, -0.72404, 0.21291],
						"0.2917": [-0.43564, -2.49039, 0.03797],
						"0.3333": [-0.43584, -2.30684, -0.33087],
						"0.375": [-0.43644, -1.05446, -0.56932],
						"0.4167": [-0.43731, 0.59451, -0.66808],
						"0.4583": [-0.43819, 2.51866, -0.61805],
						"0.5": [-0.43879, 4.72129, -0.41069],
						"0.5417": [-0.43899, 7.50932, -0.03833],
						"0.5833": [-0.43876, 7.10977, 0.3623],
						"0.625": [-0.43793, 4.56106, 0.59003],
						"0.6667": [-0.43669, 1.6062, 0.58293],
						"0.7083": [-0.43587, -1.15831, 0.37153],
						"0.75": [-0.43564, -2.49039, 0.03797],
						"0.7917": [-0.43564, -1.89885, -0.23253],
						"0.8333": [-0.43564, -1.72209, -0.31122],
						"0.875": [-0.43564, -1.73311, -0.24534],
						"0.9167": [-0.43564, -1.87491, -0.11664],
						"0.9583": [-0.43564, -2.12803, -0.00519],
						"1.0": [-0.43564, -2.49039, 0.03797],
						"1.5": {
							"pre": [-0.43564, -2.49039, 0.03797],
							"post": [-0.43564, -2.49039, 0.03797],
							"lerp_mode": "catmullrom"
						}
					},
					"position": {
						"0.0": {
							"post": [0, 0, 0],
							"lerp_mode": "catmullrom"
						}
					}
				},
				"AllHead": {
					"rotation": [0, 0, 0],
					"position": [0, 0, 0],
					"scale": 1
				},
				"Head": {
					"rotation": {
						"0.0": {
							"post": [0, 0, 0],
							"lerp_mode": "catmullrom"
						},
						"0.125": {
							"post": [-0.10912, -7.49286, 2.49762],
							"lerp_mode": "catmullrom"
						},
						"0.2917": {
							"post": [0.54552, 5.02574, -2.42624],
							"lerp_mode": "catmullrom"
						},
						"0.5417": {
							"post": [0.98265, -5.03951, 2.4211],
							"lerp_mode": "catmullrom"
						},
						"0.75": {
							"post": [0.54552, 5.02574, -2.42624],
							"lerp_mode": "catmullrom"
						},
						"1.0": {
							"post": [0.54552, 5.02574, -2.42624],
							"lerp_mode": "catmullrom"
						},
						"1.5": {
							"post": [0.54552, 5.02574, -2.42624],
							"lerp_mode": "catmullrom"
						}
					},
					"position": {
						"0.0": {
							"post": [0, 0, 0],
							"lerp_mode": "catmullrom"
						}
					}
				},
				"LeftArm": {
					"rotation": {
						"0.0": {
							"post": [0, 0, 0],
							"lerp_mode": "catmullrom"
						},
						"0.125": [-12.25091, -6.71887, 17.58623],
						"0.1667": [-11.39908, -7.02448, 10.19771],
						"0.2083": [-6.9991, -8.60309, 5.08116],
						"0.25": [-2.59912, -10.1817, 0.82901],
						"0.2917": [-1.74729, -10.48732, -2.28514],
						"0.5417": {
							"pre": [-2.66406, -10.29476, 2.79451],
							"post": [-2.66406, -10.29476, 2.79451],
							"lerp_mode": "catmullrom"
						},
						"0.75": [-1.74729, -10.48732, -2.28514],
						"0.7917": [-1.74729, -10.48732, -3.10806],
						"0.8333": [-1.74729, -10.48732, -3.61181],
						"0.875": [-1.74729, -10.48732, -3.69984],
						"0.9167": [-1.74729, -10.48732, -3.44376],
						"0.9583": [-1.74729, -10.48732, -2.94657],
						"1.0": [-1.74729, -10.48732, -2.28514],
						"1.5": {
							"pre": [-1.74729, -10.48732, -2.28514],
							"post": [-1.74729, -10.48732, -2.28514],
							"lerp_mode": "catmullrom"
						}
					},
					"position": [0, 0, 0]
				},
				"LeftForeArm": {
					"rotation": [0, 0, 0],
					"position": [0, 0, 0]
				},
				"RightArm": {
					"rotation": {
						"0.0": {
							"post": [0, 0, 0],
							"lerp_mode": "catmullrom"
						},
						"0.0833": {
							"post": [-59.42106, -21.71022, 37.05593],
							"lerp_mode": "catmullrom"
						},
						"0.125": {
							"post": [-73.41928, -8.49163, 94.20785],
							"lerp_mode": "catmullrom"
						},
						"0.2917": {
							"post": [62.34569, 75.04635, 168.42398],
							"lerp_mode": "catmullrom"
						},
						"0.5417": {
							"post": [-71.5683, 83.00411, 75.42083],
							"lerp_mode": "catmullrom"
						},
						"0.75": {
							"post": [40.00135, 81.00522, 145.62559],
							"lerp_mode": "catmullrom"
						},
						"1.0": {
							"post": [40.00135, 81.00522, 145.62559],
							"lerp_mode": "catmullrom"
						},
						"1.5": {
							"post": [40.00135, 81.00522, 145.62559],
							"lerp_mode": "catmullrom"
						}
					},
					"position": {
						"0.0": {
							"post": [0, 0, 0],
							"lerp_mode": "catmullrom"
						}
					}
				},
				"RightForeArm": {
					"rotation": {
						"0.0": [0, 0, 0],
						"0.0417": [-4.072, 0.1226, -0.29885],
						"0.0833": [-20.06372, 1.06713, -2.60116],
						"0.125": [-78.92621, 1.18974, -2.9],
						"0.1667": [-51.36971, 1.18974, -2.9],
						"0.2083": [-21.51789, 1.18974, -2.9],
						"0.25": [-1.51698, 1.18974, -2.9],
						"0.2917": [0.52379, 1.18974, -2.9],
						"0.3333": [-5.3035, 1.18974, -2.9],
						"0.375": [-5.06397, 1.18974, -2.9],
						"0.4167": [-3.18571, 1.18974, -2.9],
						"0.4583": [-2.19363, 1.18974, -2.9],
						"0.5": [-5.23463, 1.18974, -2.9],
						"0.5417": [-21.42621, 1.18974, -2.9],
						"0.5833": [-35.93479, 1.18974, -2.9],
						"0.625": [-34.04018, 1.18974, -2.9],
						"0.6667": [-25.65621, 1.18974, -2.9],
						"0.7083": [-14.30415, 1.18974, -2.9],
						"0.75": [-3.92621, 1.18974, -2.9],
						"0.7917": [2.299, 1.18974, -2.9],
						"0.8333": [5.57495, 1.18974, -2.9],
						"0.875": [5.7414, 1.18974, -2.9],
						"0.9167": [3.81863, 1.18974, -2.9],
						"0.9583": [0.46448, 1.18974, -2.9],
						"1.0": [-3.92621, 1.18974, -2.9],
						"1.5": {
							"pre": [-3.92621, 1.18974, -2.9],
							"post": [-3.92621, 1.18974, -2.9],
							"lerp_mode": "catmullrom"
						}
					},
					"position": {
						"0.0": {
							"post": [0, 0, 0],
							"lerp_mode": "catmullrom"
						}
					}
				},
				"RightLeg": {
					"rotation": {
						"0.0": {
							"post": [0, 0, 0],
							"lerp_mode": "catmullrom"
						}
					},
					"position": {
						"0.0": {
							"post": [0, 0, 0],
							"lerp_mode": "catmullrom"
						}
					}
				},
				"RightLowerLeg": {
					"rotation": [0, 0, 0],
					"position": [0, 0, 0]
				},
				"RightFoot": {
					"rotation": [0, 0, 0],
					"position": [0, 0, 0]
				},
				"LeftLeg": {
					"rotation": [0, 0, 0],
					"position": [0, 0, 0]
				},
				"LeftLowerLeg": {
					"rotation": [0, 0, 0],
					"position": [0, 0, 0]
				},
				"LeftFoot": {
					"rotation": [0, 0, 0],
					"position": [0, 0, 0]
				}
			}
		},
		"extra4": {
			"loop": "hold_on_last_frame",
			"animation_length": 1.5,
			"bones": {
				"UpperBody": {
					"rotation": {
						"0.0": {
							"post": [0, 0, 0],
							"lerp_mode": "catmullrom"
						},
						"0.25": {
							"post": [-5, 0, 0],
							"lerp_mode": "catmullrom"
						},
						"0.4167": {
							"post": [5, 0, 0],
							"lerp_mode": "catmullrom"
						},
						"0.6667": {
							"post": [4.25, 0, 0],
							"lerp_mode": "catmullrom"
						},
						"0.8333": {
							"post": [5, 0, 0],
							"lerp_mode": "catmullrom"
						},
						"1.0": {
							"post": [5, 0, 0],
							"lerp_mode": "catmullrom"
						},
						"1.5": {
							"post": [5, 0, 0],
							"lerp_mode": "catmullrom"
						}
					},
					"position": {
						"0.0": {
							"post": [0, 0, 0],
							"lerp_mode": "catmullrom"
						}
					}
				},
				"Root": {
					"rotation": {
						"0.0": {
							"post": [0, 0, 0],
							"lerp_mode": "catmullrom"
						}
					},
					"position": {
						"0.0": {
							"post": [0, 0, 0],
							"lerp_mode": "catmullrom"
						},
						"0.25": {
							"post": [0, -0.25, 0],
							"lerp_mode": "catmullrom"
						}
					},
					"scale": {
						"0.0": {
							"post": [1, 1, 1],
							"lerp_mode": "catmullrom"
						}
					}
				},
				"AllBody": {
					"rotation": [0, 0, 0],
					"position": [0, 0, 0],
					"scale": 1
				},
				"UpBody": {
					"rotation": {
						"0.0": {
							"post": [0, 0, 0],
							"lerp_mode": "catmullrom"
						},
						"0.1667": {
							"post": [-2.5, 0, 0],
							"lerp_mode": "catmullrom"
						},
						"0.3333": {
							"post": [-4, 0, 0],
							"lerp_mode": "catmullrom"
						},
						"0.4167": {
							"post": [-3, 0, 0],
							"lerp_mode": "catmullrom"
						},
						"0.6667": {
							"post": [-3.5, 0, 0],
							"lerp_mode": "catmullrom"
						},
						"0.8333": {
							"post": [-4, 0, 0],
							"lerp_mode": "catmullrom"
						},
						"1.0": {
							"post": [-4, 0, 0],
							"lerp_mode": "catmullrom"
						},
						"1.5": {
							"post": [-4, 0, 0],
							"lerp_mode": "catmullrom"
						}
					},
					"position": {
						"0.0": {
							"post": [0, 0, 0],
							"lerp_mode": "catmullrom"
						}
					}
				},
				"AllHead": {
					"rotation": [0, 0, 0],
					"position": [0, 0, 0],
					"scale": 1
				},
				"Head": {
					"rotation": {
						"0.0": [0, 0, 0],
						"0.0833": [1.77084, 0, 0],
						"0.1667": [4.01873, 0, 0],
						"0.25": [-4.7, 0, 0],
						"0.3333": [-4.92143, 0, 0],
						"0.4167": [17.5, 0, 0],
						"0.5": [20.09526, 0, 0],
						"0.5833": [11.799, 0, 0],
						"0.6667": [-4.7, 0, 0],
						"0.75": [-3.67156, 0, 0],
						"0.8333": [17.5, 0, 0],
						"0.9167": [21.79995, 0, 0],
						"1.0": [5, 0, 0],
						"1.5": [5, 0, 0]
					},
					"position": {
						"0.0": {
							"post": [0, 0, 0],
							"lerp_mode": "catmullrom"
						}
					}
				},
				"LeftArm": {
					"rotation": {
						"0.0": {
							"post": [0, 0, 0],
							"lerp_mode": "catmullrom"
						},
						"0.25": {
							"post": [-87.85882, 4.61451, -80.51949],
							"lerp_mode": "catmullrom"
						},
						"0.4167": {
							"post": [-98.55733, 36.48777, -85.68129],
							"lerp_mode": "catmullrom"
						}
					},
					"position": {
						"0.0": {
							"post": [0, 0, 0],
							"lerp_mode": "catmullrom"
						}
					}
				},
				"LeftForeArm": {
					"rotation": {
						"0.0": {
							"post": [0, 0, 0],
							"lerp_mode": "catmullrom"
						},
						"0.25": {
							"post": [-105, 0, 0],
							"lerp_mode": "catmullrom"
						}
					},
					"position": {
						"0.0": {
							"post": [0, 0, 0],
							"lerp_mode": "catmullrom"
						}
					}
				},
				"RightArm": {
					"rotation": {
						"0.0": {
							"post": [0, 0, 0],
							"lerp_mode": "catmullrom"
						},
						"0.25": {
							"post": [-84.83476, -27.0478, 78.75686],
							"lerp_mode": "catmullrom"
						},
						"0.4167": {
							"post": [-95.77005, -45.85387, 82.64597],
							"lerp_mode": "catmullrom"
						}
					},
					"position": {
						"0.0": {
							"post": [0, 0, 0],
							"lerp_mode": "catmullrom"
						}
					}
				},
				"RightForeArm": {
					"rotation": {
						"0.0": {
							"post": [0, 0, 0],
							"lerp_mode": "catmullrom"
						},
						"0.25": {
							"post": [-105, 0, 0],
							"lerp_mode": "catmullrom"
						},
						"0.4167": {
							"post": [-100, 0, 0],
							"lerp_mode": "catmullrom"
						}
					},
					"position": {
						"0.0": {
							"post": [0, 0, 0],
							"lerp_mode": "catmullrom"
						}
					}
				},
				"RightLeg": {
					"rotation": {
						"0.0": {
							"post": [0, 0, 0],
							"lerp_mode": "catmullrom"
						},
						"0.25": {
							"post": [0, 5, 5],
							"lerp_mode": "catmullrom"
						}
					},
					"position": {
						"0.0": {
							"post": [0, 0, 0],
							"lerp_mode": "catmullrom"
						}
					}
				},
				"RightLowerLeg": {
					"rotation": {
						"0.0": {
							"post": [0, 0, 0],
							"lerp_mode": "catmullrom"
						}
					},
					"position": {
						"0.0": {
							"post": [0, 0, 0],
							"lerp_mode": "catmullrom"
						}
					}
				},
				"LeftLeg": {
					"rotation": {
						"0.0": {
							"post": [0, 0, 0],
							"lerp_mode": "catmullrom"
						},
						"0.25": {
							"post": [0, -5, -5],
							"lerp_mode": "catmullrom"
						}
					},
					"position": {
						"0.0": {
							"post": [0, 0, 0],
							"lerp_mode": "catmullrom"
						}
					}
				},
				"LeftLowerLeg": {
					"rotation": [0, 0, 0],
					"position": [0, 0, 0]
				}
			}
		},
		"extra5": {
			"loop": "hold_on_last_frame",
			"animation_length": 1.5,
			"bones": {
				"UpperBody": {
					"rotation": {
						"0.0": {
							"post": [0, 0, 0],
							"lerp_mode": "catmullrom"
						},
						"0.25": {
							"post": [-5.01372, 2.9838, -0.37109],
							"lerp_mode": "catmullrom"
						},
						"0.4167": {
							"post": [5.01215, -2.33475, -0.34919],
							"lerp_mode": "catmullrom"
						},
						"0.6667": {
							"post": [4.25682, 1.21605, 0.24111],
							"lerp_mode": "catmullrom"
						},
						"0.8333": {
							"post": [5.00384, -2.24143, -0.1962],
							"lerp_mode": "catmullrom"
						},
						"1.0": {
							"post": [5.00384, -2.24143, -0.1962],
							"lerp_mode": "catmullrom"
						},
						"1.5": {
							"post": [5.00384, -2.24143, -0.1962],
							"lerp_mode": "catmullrom"
						}
					},
					"position": {
						"0.0": {
							"post": [0, 0, 0],
							"lerp_mode": "catmullrom"
						}
					}
				},
				"Root": {
					"rotation": {
						"0.0": {
							"post": [0, 0, 0],
							"lerp_mode": "catmullrom"
						}
					},
					"position": {
						"0.0": {
							"post": [0, 0, 0],
							"lerp_mode": "catmullrom"
						},
						"0.25": {
							"post": [0, -0.25, 0],
							"lerp_mode": "catmullrom"
						}
					},
					"scale": {
						"0.0": {
							"post": [1, 1, 1],
							"lerp_mode": "catmullrom"
						}
					}
				},
				"AllBody": {
					"rotation": [0, 0, 0],
					"position": [0, 0, 0],
					"scale": 1
				},
				"UpBody": {
					"rotation": {
						"0.0": {
							"post": [0, 0, 0],
							"lerp_mode": "catmullrom"
						},
						"0.1667": {
							"post": [-2.5, 0, 0],
							"lerp_mode": "catmullrom"
						},
						"0.3333": {
							"post": [-3, 0, 0],
							"lerp_mode": "catmullrom"
						},
						"0.4167": {
							"post": [-2, 0, 0],
							"lerp_mode": "catmullrom"
						},
						"0.6667": {
							"post": [-2.5, 0, 0],
							"lerp_mode": "catmullrom"
						},
						"0.8333": {
							"post": [-3, 0, 0],
							"lerp_mode": "catmullrom"
						},
						"1.0": {
							"post": [-3, 0, 0],
							"lerp_mode": "catmullrom"
						},
						"1.5": {
							"post": [-3, 0, 0],
							"lerp_mode": "catmullrom"
						}
					},
					"position": {
						"0.0": {
							"post": [0, 0, 0],
							"lerp_mode": "catmullrom"
						}
					}
				},
				"AllHead": {
					"rotation": [0, 0, 0],
					"position": [0, 0, 0],
					"scale": 1
				},
				"Head": {
					"rotation": {
						"0.0": [0, 0, 0],
						"0.0833": [12.5, 0, 0],
						"0.1667": [12.7931, 13.51805, 3.54067],
						"0.25": [13.08619, 20.37228, 3.90399],
						"0.3333": [13.02579, -0.16859, 1.84312],
						"0.4167": [12.56041, -10.02382, -0.08408],
						"0.5": [12.5, 0, 0],
						"0.5833": [12.7931, 24.77059, 3.54067],
						"0.6667": [13.08619, 17.07228, 3.90399],
						"0.75": [12.85958, 4.71206, 0.5573],
						"0.8333": [12.60443, -7.32123, -1.63219],
						"0.9167": [12.60443, -10.01867, -1.9225],
						"1.0": [12.60443, -7.32123, -1.63219],
						"1.5": [12.60443, -7.32123, -1.63219]
					},
					"position": {
						"0.0": {
							"post": [0, 0, 0],
							"lerp_mode": "catmullrom"
						}
					}
				},
				"LeftArm": {
					"rotation": {
						"0.0": {
							"post": [0, 0, 0],
							"lerp_mode": "catmullrom"
						},
						"0.25": {
							"post": [-87.85882, 4.61451, -80.51949],
							"lerp_mode": "catmullrom"
						},
						"0.4167": {
							"post": [-98.55733, 36.48777, -85.68129],
							"lerp_mode": "catmullrom"
						}
					},
					"position": {
						"0.0": {
							"post": [0, 0, 0],
							"lerp_mode": "catmullrom"
						}
					}
				},
				"LeftForeArm": {
					"rotation": {
						"0.0": {
							"post": [0, 0, 0],
							"lerp_mode": "catmullrom"
						},
						"0.25": {
							"post": [-105, 0, 0],
							"lerp_mode": "catmullrom"
						}
					},
					"position": {
						"0.0": {
							"post": [0, 0, 0],
							"lerp_mode": "catmullrom"
						}
					}
				},
				"RightArm": {
					"rotation": {
						"0.0": {
							"post": [0, 0, 0],
							"lerp_mode": "catmullrom"
						},
						"0.25": {
							"post": [-84.83476, -27.0478, 78.75686],
							"lerp_mode": "catmullrom"
						},
						"0.4167": {
							"post": [-95.77005, -45.85387, 82.64597],
							"lerp_mode": "catmullrom"
						}
					},
					"position": {
						"0.0": {
							"post": [0, 0, 0],
							"lerp_mode": "catmullrom"
						}
					}
				},
				"RightForeArm": {
					"rotation": {
						"0.0": {
							"post": [0, 0, 0],
							"lerp_mode": "catmullrom"
						},
						"0.25": {
							"post": [-105, 0, 0],
							"lerp_mode": "catmullrom"
						},
						"0.4167": {
							"post": [-100, 0, 0],
							"lerp_mode": "catmullrom"
						}
					},
					"position": {
						"0.0": {
							"post": [0, 0, 0],
							"lerp_mode": "catmullrom"
						}
					}
				},
				"RightLeg": {
					"rotation": {
						"0.0": {
							"post": [0, 0, 0],
							"lerp_mode": "catmullrom"
						},
						"0.25": {
							"post": [0, 5, 5],
							"lerp_mode": "catmullrom"
						}
					},
					"position": {
						"0.0": {
							"post": [0, 0, 0],
							"lerp_mode": "catmullrom"
						}
					}
				},
				"RightLowerLeg": {
					"rotation": {
						"0.0": {
							"post": [0, 0, 0],
							"lerp_mode": "catmullrom"
						}
					},
					"position": {
						"0.0": {
							"post": [0, 0, 0],
							"lerp_mode": "catmullrom"
						}
					}
				},
				"LeftLeg": {
					"rotation": {
						"0.0": {
							"post": [0, 0, 0],
							"lerp_mode": "catmullrom"
						},
						"0.25": {
							"post": [0, -5, -5],
							"lerp_mode": "catmullrom"
						}
					},
					"position": {
						"0.0": {
							"post": [0, 0, 0],
							"lerp_mode": "catmullrom"
						}
					}
				},
				"LeftLowerLeg": {
					"rotation": [0, 0, 0],
					"position": [0, 0, 0]
				}
			}
		},
		"extra6": {
			"loop": true,
			"animation_length": 1.3333,
			"bones": {
				"mouth": {
					"scale": 0
				},
				"Root": {
					"position": {
						"0.0": [-0.5, 0, 0],
						"0.0333": [-0.5, -0.01, -0.01],
						"0.0667": [-0.48, -0.02, -0.04],
						"0.1": [-0.47, -0.01, -0.08],
						"0.1333": [-0.45, 0.01, -0.13],
						"0.1667": [-0.42, 0.04, -0.18],
						"0.2": [-0.39, 0.09, -0.23],
						"0.2333": [-0.36, 0.15, -0.27],
						"0.2667": [-0.32, 0.24, -0.32],
						"0.3": [-0.28, 0.35, -0.37],
						"0.3333": [-0.23, 0.48, -0.42],
						"0.3667": [-0.17, 0.62, -0.46],
						"0.4": [-0.09, 0.72, -0.49],
						"0.4333": [0, 0.75, -0.5],
						"0.4667": [0.12, 0.72, -0.48],
						"0.5": [0.23, 0.63, -0.42],
						"0.5333": [0.33, 0.49, -0.31],
						"0.5667": [0.4, 0.31, -0.19],
						"0.6": [0.46, 0.15, -0.08],
						"0.6333": [0.49, 0.04, -0.02],
						"0.6667": [0.5, 0, 0],
						"0.7": [0.5, -0.01, -0.01],
						"0.7333": [0.48, -0.02, -0.04],
						"0.7667": [0.47, -0.01, -0.08],
						"0.8": [0.45, 0.01, -0.13],
						"0.8333": [0.42, 0.04, -0.18],
						"0.8667": [0.39, 0.09, -0.23],
						"0.9": [0.36, 0.15, -0.27],
						"0.9333": [0.32, 0.24, -0.32],
						"0.9667": [0.28, 0.35, -0.37],
						"1.0": [0.23, 0.48, -0.42],
						"1.0333": [0.17, 0.62, -0.46],
						"1.0667": [0.1, 0.72, -0.49],
						"1.1": [0, 0.75, -0.5],
						"1.1333": [-0.14, 0.72, -0.48],
						"1.1667": [-0.26, 0.63, -0.42],
						"1.2": [-0.35, 0.49, -0.31],
						"1.2333": [-0.42, 0.31, -0.19],
						"1.2667": [-0.46, 0.15, -0.08],
						"1.3": [-0.49, 0.04, -0.02],
						"1.3333": [-0.5, 0, 0]
					}
				},
				"UpBody": {
					"rotation": {
						"0.0": [2.5, 0, 12.5],
						"0.0333": [2.63, 0, 12.44],
						"0.0667": [2.7, 0, 12.26],
						"0.1": [2.7, 0, 11.95],
						"0.1333": [2.62, 0, 11.51],
						"0.1667": [2.42, 0, 10.92],
						"0.2": [2.07, 0, 10.18],
						"0.2333": [1.57, 0, 9.28],
						"0.2667": [0.98, 0, 8.2],
						"0.3": [0.47, 0, 6.93],
						"0.3333": [0.13, 0, 5.46],
						"0.3667": [-0.03, 0, 3.77],
						"0.4": [-0.07, 0, 1.84],
						"0.4333": [0, 0, -0.33],
						"0.4667": [0.16, 0, -3.47],
						"0.5": [0.46, 0, -6.41],
						"0.5333": [0.9, 0, -8.76],
						"0.5667": [1.41, 0, -10.49],
						"0.6": [1.88, 0, -11.65],
						"0.6333": [2.25, 0, -12.3],
						"0.6667": [2.5, 0, -12.5],
						"0.7": [2.63, 0, -12.45],
						"0.7333": [2.7, 0, -12.3],
						"0.7667": [2.7, 0, -12.05],
						"0.8": [2.62, 0, -11.68],
						"0.8333": [2.42, 0, -11.16],
						"0.8667": [2.07, 0, -10.49],
						"0.9": [1.57, 0, -9.64],
						"0.9333": [0.98, 0, -8.58],
						"0.9667": [0.47, 0, -7.29],
						"1.0": [0.13, 0, -5.76],
						"1.0333": [-0.03, 0, -3.97],
						"1.0667": [-0.07, 0, -1.93],
						"1.1": [0, 0, 0.36],
						"1.1333": [0.16, 0, 3.47],
						"1.1667": [0.46, 0, 6.29],
						"1.2": [0.9, 0, 8.59],
						"1.2333": [1.41, 0, 10.34],
						"1.2667": [1.88, 0, 11.55],
						"1.3": [2.25, 0, 12.26],
						"1.3333": [2.5, 0, 12.5]
					}
				},
				"AllHead": {
					"rotation": {
						"0.0": [15, 0, 0],
						"0.0333": [15, 0, 0],
						"0.0667": [15, 0, 0],
						"0.1": [15, 0, 0],
						"0.1333": [15, 0, 0],
						"0.1667": [15, 0, 0],
						"0.2": [15, 0, 0],
						"0.2333": [15, 0, 0],
						"0.2667": [15, 0, 0],
						"0.3": [15, 0, 0],
						"0.3333": [15, 0, 0],
						"0.3667": [15, 0, 0],
						"0.4": [15, 0, 0],
						"0.4333": [15, 0, 0],
						"0.4667": [15, 0, 0],
						"0.5": [15, 0, 0],
						"0.5333": [15, 0, 0],
						"0.5667": [15, 0, 0],
						"0.6": [15, 0, 0],
						"0.6333": [15, 0, 0],
						"0.6667": [15, 0, 0],
						"0.7": [15, 0, 0],
						"0.7333": [15, 0, 0],
						"0.7667": [15, 0, 0],
						"0.8": [15, 0, 0],
						"0.8333": [15, 0, 0],
						"0.8667": [15, 0, 0],
						"0.9": [15, 0, 0],
						"0.9333": [15, 0, 0],
						"0.9667": [15, 0, 0],
						"1.0": [15, 0, 0],
						"1.0333": [15, 0, 0],
						"1.0667": [15, 0, 0],
						"1.1": [15, 0, 0],
						"1.1333": [15, 0, 0],
						"1.1667": [15, 0, 0],
						"1.2": [15, 0, 0],
						"1.2333": [15, 0, 0],
						"1.2667": [15, 0, 0],
						"1.3": [15, 0, 0],
						"1.3333": [15, 0, 0]
					}
				},
				"Head": {
					"rotation": {
						"0.0": [-0.5, 0, -5.48],
						"0.0333": [-0.54, 0, -4.09],
						"0.0667": [-0.71, 0, -2.7],
						"0.1": [-1.01, 0, -1.35],
						"0.1333": [-1.45, 0, -0.08],
						"0.1667": [-2.04, 0, 1.12],
						"0.2": [-2.76, 0, 2.24],
						"0.2333": [-3.58, 0, 3.27],
						"0.2667": [-4.43, 0, 4.2],
						"0.3": [-5.48, 0, 5.03],
						"0.3333": [-6.1, 0, 5.75],
						"0.3667": [-6.61, 0, 6.36],
						"0.4": [-7.01, 0, 6.84],
						"0.4333": [-7.29, 0, 7.2],
						"0.4667": [-7.45, 0, 7.43],
						"0.5": [-7.5, 0, 7.5],
						"0.5333": [-7.09, 0, 7.46],
						"0.5667": [-5.54, 0, 7.32],
						"0.6": [-2.88, 0, 7.06],
						"0.6333": [-1.02, 0, 6.66],
						"0.6667": [-0.5, 0, 6.07],
						"0.7": [-0.54, 0, 4.8],
						"0.7333": [-0.71, 0, 3.3],
						"0.7667": [-1.01, 0, 1.83],
						"0.8": [-1.45, 0, 0.44],
						"0.8333": [-2.04, 0, -0.87],
						"0.8667": [-2.76, 0, -2.07],
						"0.9": [-3.58, 0, -3.16],
						"0.9333": [-4.43, 0, -4.14],
						"0.9667": [-5.24, 0, -5.01],
						"1.0": [-5.95, 0, -5.75],
						"1.0333": [-6.54, 0, -6.36],
						"1.0667": [-6.98, 0, -6.85],
						"1.1": [-7.28, 0, -7.21],
						"1.1333": [-7.45, 0, -7.42],
						"1.1667": [-7.5, 0, -7.5],
						"1.2": [-7.04, 0, -7.47],
						"1.2333": [-5.54, 0, -7.35],
						"1.2667": [-2.88, 0, -7.08],
						"1.3": [-1.02, 0, -6.63],
						"1.3333": [-0.5, 0, -5.48]
					}
				},
				"RightEyelid": {
					"position": [0, 0, 1]
				},
				"LeftEyelid": {
					"position": [0, 0, 1]
				},
				"Eyebrow": {
					"position": [0, -1, 0]
				},
				"RightEyebrow": {
					"position": [0.00654, -0.50004, 0]
				},
				"LeftEyebrow": {
					"position": [-0.00654, -0.50004, 0]
				},
				"LeftArm": {
					"rotation": {
						"0.0": [-20.94, 8.42, 20.94],
						"0.0333": [-20.95, 8.93, 20.84],
						"0.0667": [-20.96, 9.85, 20.55],
						"0.1": [-20.99, 11.02, 20.11],
						"0.1333": [-21.02, 12.23, 19.58],
						"0.1667": [-21.06, 13.3, 19.05],
						"0.2": [-21.08, 14.13, 18.61],
						"0.2333": [-21.1, 14.71, 18.32],
						"0.2667": [-21.11, 15.06, 18.22],
						"0.3": [-21.1, 15.14, 18.3],
						"0.3333": [-21.09, 15.13, 18.48],
						"0.3667": [-21.08, 15.01, 18.71],
						"0.4": [-21.06, 14.77, 18.99],
						"0.4333": [-21.04, 14.38, 19.28],
						"0.4667": [-21.02, 13.81, 19.58],
						"0.5": [-21.01, 13.04, 19.88],
						"0.5333": [-20.99, 12.03, 20.17],
						"0.5667": [-20.97, 10.8, 20.44],
						"0.6": [-20.96, 9.51, 20.68],
						"0.6333": [-20.95, 8.57, 20.86],
						"0.6667": [-20.94, 8.42, 20.94],
						"0.7": [-20.95, 8.93, 20.84],
						"0.7333": [-20.96, 9.85, 20.55],
						"0.7667": [-20.99, 11.02, 20.11],
						"0.8": [-21.02, 12.23, 19.58],
						"0.8333": [-21.06, 13.3, 19.05],
						"0.8667": [-21.08, 14.13, 18.61],
						"0.9": [-21.1, 14.71, 18.32],
						"0.9333": [-21.11, 15.06, 18.22],
						"0.9667": [-21.1, 15.14, 18.3],
						"1.0": [-21.09, 15.13, 18.48],
						"1.0333": [-21.08, 15.01, 18.71],
						"1.0667": [-21.06, 14.77, 18.99],
						"1.1": [-21.04, 14.38, 19.28],
						"1.1333": [-21.02, 13.81, 19.58],
						"1.1667": [-21.01, 13.04, 19.88],
						"1.2": [-20.99, 12.03, 20.17],
						"1.2333": [-20.97, 10.8, 20.44],
						"1.2667": [-20.96, 9.51, 20.68],
						"1.3": [-20.95, 8.57, 20.86],
						"1.3333": [-20.94, 8.42, 20.94]
					},
					"position": {
						"0.0": [0.5, 0, 0],
						"0.0333": [0.5, 0.02, 0],
						"0.0667": [0.5, 0.06, 0],
						"0.1": [0.5, 0.13, 0],
						"0.1333": [0.5, 0.21, 0],
						"0.1667": [0.5, 0.29, 0],
						"0.2": [0.5, 0.37, 0],
						"0.2333": [0.5, 0.44, 0],
						"0.2667": [0.5, 0.48, 0],
						"0.3": [0.5, 0.5, 0],
						"0.3333": [0.5, 0.49, 0],
						"0.3667": [0.5, 0.47, 0],
						"0.4": [0.5, 0.42, 0],
						"0.4333": [0.5, 0.36, 0],
						"0.4667": [0.5, 0.29, 0],
						"0.5": [0.5, 0.2, 0],
						"0.5333": [0.5, 0.13, 0],
						"0.5667": [0.5, 0.07, 0],
						"0.6": [0.5, 0.03, 0],
						"0.6333": [0.5, 0.01, 0],
						"0.6667": [0.5, 0, 0],
						"0.7": [0.5, 0.02, 0],
						"0.7333": [0.5, 0.06, 0],
						"0.7667": [0.5, 0.13, 0],
						"0.8": [0.5, 0.21, 0],
						"0.8333": [0.5, 0.29, 0],
						"0.8667": [0.5, 0.37, 0],
						"0.9": [0.5, 0.44, 0],
						"0.9333": [0.5, 0.48, 0],
						"0.9667": [0.5, 0.5, 0],
						"1.0": [0.5, 0.49, 0],
						"1.0333": [0.5, 0.47, 0],
						"1.0667": [0.5, 0.42, 0],
						"1.1": [0.5, 0.36, 0],
						"1.1333": [0.5, 0.29, 0],
						"1.1667": [0.5, 0.2, 0],
						"1.2": [0.5, 0.13, 0],
						"1.2333": [0.5, 0.07, 0],
						"1.2667": [0.5, 0.03, 0],
						"1.3": [0.5, 0.01, 0],
						"1.3333": [0.5, 0, 0]
					}
				},
				"RightArm": {
					"rotation": {
						"0.0": [-20.94, -8.42, -20.94],
						"0.0333": [-20.95, -8.87, -20.84],
						"0.0667": [-20.96, -9.98, -20.55],
						"0.1": [-20.99, -11.44, -20.11],
						"0.1333": [-21.02, -12.78, -19.58],
						"0.1667": [-21.06, -13.78, -19.05],
						"0.2": [-21.08, -14.45, -18.61],
						"0.2333": [-21.1, -14.86, -18.32],
						"0.2667": [-21.11, -15.06, -18.22],
						"0.3": [-21.1, -15.09, -18.3],
						"0.3333": [-21.09, -15.02, -18.48],
						"0.3667": [-21.08, -14.81, -18.71],
						"0.4": [-21.06, -14.47, -18.99],
						"0.4333": [-21.04, -13.98, -19.28],
						"0.4667": [-21.02, -13.32, -19.58],
						"0.5": [-21.01, -12.51, -19.88],
						"0.5333": [-20.99, -11.54, -20.17],
						"0.5667": [-20.97, -10.48, -20.44],
						"0.6": [-20.96, -9.45, -20.68],
						"0.6333": [-20.95, -8.66, -20.86],
						"0.6667": [-20.94, -8.42, -20.94],
						"0.7": [-20.95, -8.87, -20.84],
						"0.7333": [-20.96, -9.98, -20.55],
						"0.7667": [-20.99, -11.44, -20.11],
						"0.8": [-21.02, -12.78, -19.58],
						"0.8333": [-21.06, -13.78, -19.05],
						"0.8667": [-21.08, -14.45, -18.61],
						"0.9": [-21.1, -14.86, -18.32],
						"0.9333": [-21.11, -15.06, -18.22],
						"0.9667": [-21.1, -15.09, -18.3],
						"1.0": [-21.09, -15.02, -18.48],
						"1.0333": [-21.08, -14.81, -18.71],
						"1.0667": [-21.06, -14.47, -18.99],
						"1.1": [-21.04, -13.98, -19.28],
						"1.1333": [-21.02, -13.32, -19.58],
						"1.1667": [-21.01, -12.51, -19.88],
						"1.2": [-20.99, -11.54, -20.17],
						"1.2333": [-20.97, -10.48, -20.44],
						"1.2667": [-20.96, -9.45, -20.68],
						"1.3": [-20.95, -8.66, -20.86],
						"1.3333": [-20.94, -8.42, -20.94]
					},
					"position": {
						"0.0": [-0.5, 0, 0],
						"0.0333": [-0.5, 0.02, 0],
						"0.0667": [-0.5, 0.06, 0],
						"0.1": [-0.5, 0.13, 0],
						"0.1333": [-0.5, 0.21, 0],
						"0.1667": [-0.5, 0.29, 0],
						"0.2": [-0.5, 0.37, 0],
						"0.2333": [-0.5, 0.44, 0],
						"0.2667": [-0.5, 0.48, 0],
						"0.3": [-0.5, 0.5, 0],
						"0.3333": [-0.5, 0.49, 0],
						"0.3667": [-0.5, 0.47, 0],
						"0.4": [-0.5, 0.42, 0],
						"0.4333": [-0.5, 0.36, 0],
						"0.4667": [-0.5, 0.29, 0],
						"0.5": [-0.5, 0.2, 0],
						"0.5333": [-0.5, 0.13, 0],
						"0.5667": [-0.5, 0.07, 0],
						"0.6": [-0.5, 0.03, 0],
						"0.6333": [-0.5, 0.01, 0],
						"0.6667": [-0.5, 0, 0],
						"0.7": [-0.5, 0.02, 0],
						"0.7333": [-0.5, 0.06, 0],
						"0.7667": [-0.5, 0.13, 0],
						"0.8": [-0.5, 0.21, 0],
						"0.8333": [-0.5, 0.29, 0],
						"0.8667": [-0.5, 0.37, 0],
						"0.9": [-0.5, 0.44, 0],
						"0.9333": [-0.5, 0.48, 0],
						"0.9667": [-0.5, 0.5, 0],
						"1.0": [-0.5, 0.49, 0],
						"1.0333": [-0.5, 0.47, 0],
						"1.0667": [-0.5, 0.42, 0],
						"1.1": [-0.5, 0.36, 0],
						"1.1333": [-0.5, 0.29, 0],
						"1.1667": [-0.5, 0.2, 0],
						"1.2": [-0.5, 0.13, 0],
						"1.2333": [-0.5, 0.07, 0],
						"1.2667": [-0.5, 0.03, 0],
						"1.3": [-0.5, 0.01, 0],
						"1.3333": [-0.5, 0, 0]
					}
				},
				"RightLeg": {
					"rotation": {
						"0.0": [0, -5, -1.5],
						"0.0333": [0, -5, -1.49],
						"0.0667": [0, -5, -1.47],
						"0.1": [0, -5, -1.44],
						"0.1333": [0, -5, -1.38],
						"0.1667": [0, -5, -1.31],
						"0.2": [0, -5, -1.21],
						"0.2333": [0, -5, -1.09],
						"0.2667": [0, -5, -0.94],
						"0.3": [0, -5, -0.76],
						"0.3333": [0, -5, -0.55],
						"0.3667": [0, -5, -0.3],
						"0.4": [0, -5, -0.02],
						"0.4333": [0, -5, 0.28],
						"0.4667": [0, -5, 0.58],
						"0.5": [0, -5, 0.86],
						"0.5333": [0, -5, 1.1],
						"0.5667": [0, -5, 1.28],
						"0.6": [0, -5, 1.41],
						"0.6333": [0, -5, 1.48],
						"0.6667": [0, -5, 1.5],
						"0.7": [0, -5, 1.49],
						"0.7333": [0, -5, 1.47],
						"0.7667": [0, -5, 1.44],
						"0.8": [0, -5, 1.38],
						"0.8333": [0, -5, 1.31],
						"0.8667": [0, -5, 1.21],
						"0.9": [0, -5, 1.09],
						"0.9333": [0, -5, 0.94],
						"0.9667": [0, -5, 0.76],
						"1.0": [0, -5, 0.55],
						"1.0333": [0, -5, 0.3],
						"1.0667": [0, -5, 0.02],
						"1.1": [0, -5, -0.28],
						"1.1333": [0, -5, -0.58],
						"1.1667": [0, -5, -0.86],
						"1.2": [0, -5, -1.1],
						"1.2333": [0, -5, -1.28],
						"1.2667": [0, -5, -1.41],
						"1.3": [0, -5, -1.48],
						"1.3333": [0, -5, -1.5]
					}
				},
				"LeftLeg": {
					"rotation": {
						"0.0": [0, 5, -1.5],
						"0.0333": [0, 5, -1.49],
						"0.0667": [0, 5, -1.47],
						"0.1": [0, 5, -1.44],
						"0.1333": [0, 5, -1.38],
						"0.1667": [0, 5, -1.31],
						"0.2": [0, 5, -1.21],
						"0.2333": [0, 5, -1.09],
						"0.2667": [0, 5, -0.94],
						"0.3": [0, 5, -0.76],
						"0.3333": [0, 5, -0.55],
						"0.3667": [0, 5, -0.3],
						"0.4": [0, 5, -0.02],
						"0.4333": [0, 5, 0.28],
						"0.4667": [0, 5, 0.58],
						"0.5": [0, 5, 0.86],
						"0.5333": [0, 5, 1.1],
						"0.5667": [0, 5, 1.28],
						"0.6": [0, 5, 1.41],
						"0.6333": [0, 5, 1.48],
						"0.6667": [0, 5, 1.5],
						"0.7": [0, 5, 1.49],
						"0.7333": [0, 5, 1.47],
						"0.7667": [0, 5, 1.44],
						"0.8": [0, 5, 1.38],
						"0.8333": [0, 5, 1.31],
						"0.8667": [0, 5, 1.21],
						"0.9": [0, 5, 1.09],
						"0.9333": [0, 5, 0.94],
						"0.9667": [0, 5, 0.76],
						"1.0": [0, 5, 0.55],
						"1.0333": [0, 5, 0.3],
						"1.0667": [0, 5, 0.02],
						"1.1": [0, 5, -0.28],
						"1.1333": [0, 5, -0.58],
						"1.1667": [0, 5, -0.86],
						"1.2": [0, 5, -1.1],
						"1.2333": [0, 5, -1.28],
						"1.2667": [0, 5, -1.41],
						"1.3": [0, 5, -1.48],
						"1.3333": [0, 5, -1.5]
					}
				}
			}
		},
		"extra7": {
			"loop": true,
			"animation_length": 1.28,
			"bones": {
				"Leftfinger_1": {
					"rotation": {
						"0.0": [0, 0, -90],
						"0.96": [0, 0, -90]
					}
				},
				"Rightfinger_1": {
					"rotation": {
						"0.0": [0, 0, 90],
						"0.48": [0, 0, 90],
						"0.96": [0, 0, 90]
					}
				},
				"Lefthighlight": {
					"position": [0, 0, 1]
				},
				"Righthighlight": {
					"position": [0, 0, 1]
				},
				"Left_MaWei": {
					"rotation": {
						"0.0": [-2.5, 0, 2.5],
						"0.04": [-5, 0, 5],
						"0.28": [0, 0, 0],
						"0.36": [-5, 0, -15],
						"0.44": [-5, 0, -10],
						"0.6": [0, 0, 0],
						"0.68": [-5, 0, 5],
						"0.92": [0, 0, 0],
						"1.0": [-5, 0, -15],
						"1.08": [-5, 0, -10],
						"1.24": [0, 0, 0],
						"1.28": [-2.5, 0, 2.5]
					}
				},
				"ahoge": {
					"rotation": {
						"0.0": [0, 0, -7.5],
						"0.04": [0, 0, -15],
						"0.08": [0, 0, -5],
						"0.32": [0, 0, 0],
						"0.36": [0, 0, 15],
						"0.4": [0, 0, 5],
						"0.64": [0, 0, 0],
						"0.68": [0, 0, -15],
						"0.72": [0, 0, -5],
						"0.96": [0, 0, 0],
						"1.0": [0, 0, 15],
						"1.04": [0, 0, 5],
						"1.28": [0, 0, 0]
					}
				},
				"mouth_1": {
					"position": {
						"0.0": [0, 0, -1],
						"0.52": [0, 0, -1],
						"0.56": [0, 0, 0],
						"1.16": [0, 0, 0],
						"1.2": [0, 0, -1],
						"1.28": [0, 0, -1]
					}
				},
				"mouth_2": {
					"position": {
						"0.0": [0, 0, 0],
						"0.52": [0, 0, 0],
						"0.56": [0, 0, -1],
						"1.16": [0, 0, -1],
						"1.2": [0, 0, 0],
						"1.28": [0, 0, 0]
					}
				},
				"bone24": {
					"rotation": {
						"0.0": [0, 1.02, 1.36],
						"0.12": [0.00839, 2.04683, 2.71144],
						"0.28": [0, 0, 0],
						"0.44": [0.00839, -2.0468, -2.7114],
						"0.6": [0, 0, 0],
						"0.76": [0.00839, 2.04683, 2.71144],
						"0.92": [0, 0, 0],
						"1.08": [0.00839, -2.0468, -2.7114],
						"1.24": [0, 0, 0],
						"1.28": [0, 1.02, 1.36]
					}
				},
				"bone30": {
					"rotation": {
						"0.0": [1.25, 3.75, 2.5],
						"0.12": [2.5, 7.5, 5],
						"0.2": [0, 5, 2.5],
						"0.28": [0, 0, 0],
						"0.32": [0, 0, 0],
						"0.52": [0, -7.5, -2.5],
						"0.6": [0, 0, 0],
						"0.76": [2.5, 7.5, 5],
						"0.84": [0, 5, 2.5],
						"0.92": [0, 0, 0],
						"0.96": [0, 0, 0],
						"1.16": [0, -7.5, -2.5],
						"1.24": [0, 0, 0],
						"1.28": [1.25, 3.75, 2.5]
					}
				},
				"bone32": {
					"rotation": {
						"0.0": [0, 0, 0],
						"0.2": [0, -7.5, 2.5],
						"0.28": [0, 0, 0],
						"0.44": [2.5, 7.5, -5],
						"0.52": [0, 5, -2.5],
						"0.6": [0, 0, 0],
						"0.64": [0, 0, 0],
						"0.84": [0, -7.5, 2.5],
						"0.92": [0, 0, 0],
						"1.08": [2.5, 7.5, -5],
						"1.16": [0, 5, -2.5],
						"1.24": [0, 0, 0],
						"1.28": [0, 0, 0]
					}
				},
				"AllBody": {
					"rotation": {
						"0.0": [0, -15, 0],
						"0.28": [0, 0, 0],
						"0.32": [0, 15, 0],
						"0.6": [0, 0, 0],
						"0.64": [0, -15, 0],
						"0.92": [0, 0, 0],
						"0.96": [0, 15, 0],
						"1.24": [0, 0, 0],
						"1.28": [0, -15, 0]
					},
					"position": {
						"0.0": [0.75, -0.25, 0],
						"0.28": [0, -0.1, 0],
						"0.32": [-0.75, -0.25, 0],
						"0.6": [0, -0.1, 0],
						"0.64": [0.75, -0.25, 0],
						"0.92": [0, -0.1, 0],
						"0.96": [-0.75, -0.25, 0],
						"1.24": [0, -0.1, 0],
						"1.28": [0.75, -0.25, 0]
					}
				},
				"UpBody": {
					"rotation": {
						"0.0": [0, -5, -5],
						"0.24": [0, 0, 0],
						"0.32": [0, 5, 5],
						"0.56": [0, 0, 0],
						"0.64": [0, -5, -5],
						"0.88": [0, 0, 0],
						"0.96": [0, 5, 5],
						"1.2": [0, 0, 0],
						"1.28": [0, -5, -5]
					}
				},
				"Head": {
					"rotation": {
						"0.0": [5, 15, -10],
						"0.28": [5, -7.5, 0],
						"0.32": [5, -15, 10],
						"0.6": [5, 7.5, 0],
						"0.64": [5, 15, -10],
						"0.92": [5, -7.5, 0],
						"0.96": [5, -15, 10],
						"1.24": [5, 7.5, 0],
						"1.28": [5, 15, -10]
					}
				},
				"bone20": {
					"rotation": {
						"0.0": [0, 1.02, 1.36],
						"0.12": [0.00839, 2.04683, 2.71144],
						"0.28": [0, 0, 0],
						"0.44": [0.00839, -2.0468, -2.7114],
						"0.6": [0, 0, 0],
						"0.76": [0.00839, 2.04683, 2.71144],
						"0.92": [0, 0, 0],
						"1.08": [0.00839, -2.0468, -2.7114],
						"1.24": [0, 0, 0],
						"1.28": [0, 1.02, 1.36]
					}
				},
				"bone25": {
					"rotation": {
						"0.0": [1.25, -3.75, 2.5],
						"0.12": [2.5, -7.5, 5],
						"0.2": [0, -5, 2.5],
						"0.28": [0, 0, 0],
						"0.32": [0, 0, 0],
						"0.52": [0, 7.5, -2.5],
						"0.6": [0, 0, 0],
						"0.76": [2.5, -7.5, 5],
						"0.84": [0, -5, 2.5],
						"0.92": [0, 0, 0],
						"0.96": [0, 0, 0],
						"1.16": [0, 7.5, -2.5],
						"1.24": [0, 0, 0],
						"1.28": [1.25, -3.75, 2.5]
					}
				},
				"bone22": {
					"rotation": {
						"0.0": [0, 0, 5],
						"0.12": [0, 0, 10],
						"0.2": [0, 0, 5],
						"0.28": [0, 0, 0],
						"0.32": [0, 0, 0],
						"0.52": [0, 0, -5],
						"0.6": [0, 0, 0],
						"0.76": [0, 0, 10],
						"0.84": [0, 0, 5],
						"0.92": [0, 0, 0],
						"0.96": [0, 0, 0],
						"1.24": [0, 0, 0],
						"1.28": [0, 0, 5]
					}
				},
				"RightEyelid": {
					"scale": {
						"0.0": [1, 0, 1],
						"0.32": [1, 0, 1],
						"0.52": [1, 0, 1],
						"0.56": [1, 0.7, 1],
						"1.16": [1, 0.7, 1],
						"1.2": [1, 0, 1],
						"1.28": [1, 0, 1]
					}
				},
				"bone29": {
					"rotation": {
						"0.0": [0, 0, 0],
						"0.2": [0, 0, 5],
						"0.28": [0, 0, 0],
						"0.44": [0, 0, -10],
						"0.52": [0, 0, -5],
						"0.6": [0, 0, 0],
						"0.64": [0, 0, 0],
						"0.84": [0, 0, 5],
						"0.92": [0, 0, 0],
						"1.08": [0, 0, -10],
						"1.16": [0, 0, -5],
						"1.24": [0, 0, 0],
						"1.28": [0, 0, 0]
					}
				},
				"LeftEyelid": {
					"scale": {
						"0.0": [1, 0, 1],
						"0.32": [1, 0, 1],
						"0.52": [1, 0, 1],
						"0.56": [1, 0.7, 1],
						"1.16": [1, 0.7, 1],
						"1.2": [1, 0, 1],
						"1.28": [1, 0, 1]
					}
				},
				"bone28": {
					"rotation": {
						"0.0": [0, 0, 0],
						"0.2": [0, 7.5, 2.5],
						"0.28": [0, 0, 0],
						"0.44": [2.5, -7.5, -5],
						"0.52": [0, -5, -2.5],
						"0.6": [0, 0, 0],
						"0.64": [0, 0, 0],
						"0.84": [0, 7.5, 2.5],
						"0.92": [0, 0, 0],
						"1.08": [2.5, -7.5, -5],
						"1.16": [0, -5, -2.5],
						"1.24": [0, 0, 0],
						"1.28": [0, 0, 0]
					}
				},
				"RightEyebrow": {
					"position": {
						"0.0": [0, -1, -0.25],
						"0.32": [0, -1, -0.25],
						"0.52": [0, -1, -0.25],
						"0.56": [0, -1, 0],
						"1.16": [0, -1, 0],
						"1.2": [0, -1, -0.25],
						"1.28": [0, -1, -0.25]
					}
				},
				"LeftEyebrow": {
					"position": {
						"0.0": [0, -1, -0.25],
						"0.32": [0, -1, -0.25],
						"0.52": [0, -1, -0.25],
						"0.56": [0, -0.5, 0],
						"1.16": [0, -0.25, 0],
						"1.2": [0, -1, -0.25],
						"1.28": [0, -1, -0.25]
					}
				},
				"LeftArm": {
					"rotation": {
						"0.0": [-90, -45, 0],
						"0.2": [0, -10, -10],
						"0.28": [-90, -45, 0],
						"0.32": [-90, -45, 0],
						"0.56": [-22.5, -10, 0],
						"0.64": [-10, 45, 10],
						"0.84": [-22.5, 22.5, -45],
						"0.92": [-15, 45, -10],
						"0.96": [-15, 45, -10],
						"1.2": [-22.5, 10, -10],
						"1.28": [-90, -45, 0]
					},
					"position": {
						"0.0": [1, 0.5, -1],
						"0.2": [0, 0, 0],
						"0.28": [1, 0.5, -1],
						"0.32": [1, 0.5, -1],
						"0.56": [1, 0, 0],
						"0.64": [1, 0, 0],
						"0.84": [1, -1, 0],
						"0.92": [0, 0, 1],
						"0.96": [0, 0, 1],
						"1.2": [0, 0, 0],
						"1.28": [1, 0.5, -1]
					}
				},
				"LeftForeArm": {
					"rotation": {
						"0.0": [-70, 0, 0],
						"0.2": [-90, 0, 0],
						"0.28": [-75, 0, 0],
						"0.32": [-75, 0, 0],
						"0.56": [-90, 0, 0],
						"0.64": [-50, 0, 0],
						"0.84": [-120, 0, 0],
						"0.92": [-60, 0, 0],
						"0.96": [-60, 0, 0],
						"1.2": [-90, 0, 0],
						"1.28": [-70, 0, 0]
					}
				},
				"LeftHand": {
					"rotation": {
						"0.0": [0, 0, 0],
						"0.2": [-35, 50, -50],
						"0.28": [0, 0, 0],
						"0.32": [0, 0, 0],
						"0.56": [0, 0, 0],
						"0.64": [28.87638, 37.32192, 28.28813],
						"0.84": [45, 0, 45],
						"0.92": [38.55124, 33.3484, 25.0395],
						"0.96": [38.55124, 33.3484, 25.0395],
						"1.2": [-30, 45, -55],
						"1.28": [0, 0, 0]
					}
				},
				"RightArm": {
					"rotation": {
						"0.0": [-90, 45, 0],
						"0.2": [-22.5, -10, 10],
						"0.28": [-90, 45, 0],
						"0.32": [-90, 45, 0],
						"0.56": [0, 10, 0],
						"0.64": [-15, -45, 10],
						"0.84": [-45, -22.5, 45],
						"0.92": [-10, -45, -10],
						"0.96": [-10, -45, -10],
						"1.2": [0, 10, 10],
						"1.28": [-90, 45, 0]
					},
					"position": {
						"0.0": [-1, 0.5, -1],
						"0.2": [0, 0, 0],
						"0.28": [-1, 0.5, -1],
						"0.32": [-1, 0.5, -1],
						"0.56": [-1, 0, 0],
						"0.64": [0, 0, 1],
						"0.84": [-1, -1, 0],
						"0.92": [-1, 0, 0],
						"0.96": [-1, 0, 0],
						"1.2": [0, 0, 0],
						"1.28": [-1, 0.5, -1]
					}
				},
				"RightForeArm": {
					"rotation": {
						"0.0": [-75, 0, 0],
						"0.2": [-90, 0, 0],
						"0.28": [-70, 0, 0],
						"0.32": [-70, 0, 0],
						"0.56": [-110, 0, 0],
						"0.64": [-60, 0, 0],
						"0.84": [-100, 0, 0],
						"0.92": [-50, 0, 0],
						"0.96": [-50, 0, 0],
						"1.2": [-90, 0, 0],
						"1.28": [-75, 0, 0]
					}
				},
				"RightHand": {
					"rotation": {
						"0.0": [0, 0, 0],
						"0.2": [-30, -45, 55],
						"0.28": [0, 0, 0],
						"0.32": [0, 0, 0],
						"0.56": [0, 0, 0],
						"0.64": [38.55124, -33.34836, -25.0395],
						"0.84": [45, 0, -45],
						"0.92": [28.87638, -37.3219, -28.2881],
						"0.96": [28.87638, -37.3219, -28.2881],
						"1.2": [-35, -50, 50],
						"1.28": [0, 0, 0]
					}
				},
				"DownBody": {
					"rotation": {
						"0.0": [0, 0, 15],
						"0.24": [0, 0, 0],
						"0.32": [0, 0, -15],
						"0.56": [0, 0, 0],
						"0.64": [0, 0, 15],
						"0.88": [0, 0, 0],
						"0.96": [0, 0, -15],
						"1.2": [0, 0, 0],
						"1.28": [0, 0, 15]
					}
				},
				"RightLeg": {
					"rotation": {
						"0.0": [2.5, 0, -20],
						"0.24": [0, 0, 0],
						"0.32": [-12.5, -20, 15],
						"0.56": [0, 0, 0],
						"0.64": [2.5, 0, -20],
						"0.88": [0, 0, 0],
						"0.96": [-12.5, -20, 15],
						"1.2": [0, 0, 0],
						"1.28": [2.5, 0, -20]
					},
					"position": {
						"0.0": [-0.5, -0.75, 0],
						"0.24": [0, 0, 0],
						"0.32": [-0.5, 0.5, 0],
						"0.56": [0, 0, 0],
						"0.64": [-0.5, -0.75, 0],
						"0.88": [0, 0, 0],
						"0.96": [-0.5, 0.5, 0],
						"1.2": [0, 0, 0],
						"1.28": [-0.5, -0.75, 0]
					}
				},
				"RightLowerLeg": {
					"rotation": {
						"0.0": [0, 0, 0],
						"0.24": [0, 0, 0],
						"0.32": [25, 0, 0],
						"0.56": [0, 0, 0],
						"0.64": [0, 0, 0],
						"0.88": [0, 0, 0],
						"0.96": [25, 0, 0],
						"1.2": [0, 0, 0],
						"1.28": [0, 0, 0]
					}
				},
				"rightfoot": {
					"rotation": {
						"0.0": [-2.5, 7.5, 5],
						"0.24": [0, 0, 0],
						"0.32": [-12.5, 2.5, 0],
						"0.56": [0, 0, 0],
						"0.64": [-2.5, 7.5, 5],
						"0.88": [0, 0, 0],
						"0.96": [-12.5, 2.5, 0],
						"1.2": [0, 0, 0],
						"1.28": [-2.5, 7.5, 5]
					}
				},
				"LeftLeg": {
					"rotation": {
						"0.0": [-12.5, 20, -15],
						"0.24": [0, 0, 0],
						"0.32": [2.5, 0, 20],
						"0.56": [0, 0, 0],
						"0.64": [-12.5, 20, -15],
						"0.88": [0, 0, 0],
						"0.96": [2.5, 0, 20],
						"1.2": [0, 0, 0],
						"1.28": [-12.5, 20, -15]
					},
					"position": {
						"0.0": [0.5, 0.5, 0],
						"0.24": [0, 0, 0],
						"0.32": [0.5, -0.75, 0],
						"0.56": [0, 0, 0],
						"0.64": [0.5, 0.5, 0],
						"0.88": [0, 0, 0],
						"0.96": [0.5, -0.75, 0],
						"1.2": [0, 0, 0],
						"1.28": [0.5, 0.5, 0]
					}
				},
				"LeftLowerLeg": {
					"rotation": {
						"0.0": [25, 0, 0],
						"0.24": [0, 0, 0],
						"0.32": [0, 0, 0],
						"0.56": [0, 0, 0],
						"0.64": [25, 0, 0],
						"0.88": [0, 0, 0],
						"0.96": [0, 0, 0],
						"1.2": [0, 0, 0],
						"1.28": [25, 0, 0]
					}
				},
				"leftfoot": {
					"rotation": {
						"0.0": [-12.5, -2.5, 0],
						"0.24": [0, 0, 0],
						"0.32": [-5, -7.5, -5],
						"0.56": [0, 0, 0],
						"0.64": [-12.5, -2.5, 0],
						"0.88": [0, 0, 0],
						"0.96": [-5, -7.5, -5],
						"1.2": [0, 0, 0],
						"1.28": [-12.5, -2.5, 0]
					}
				}
			}
		},
		"extra0": {
			"loop": true,
			"animation_length": 3,
			"bones": {
				"Root": {
					"rotation": {
						"0.0": [0, 0, 0],
						"0.375": [0, 0, 0],
						"0.75": [0, 0, 0],
						"1.125": [0, 0, 0],
						"1.5": [0, 0, 0],
						"1.875": [0, 0, 0],
						"2.25": [0, 0, 0],
						"2.625": [0, 0, 0],
						"3.0": [0, 0, 0]
					},
					"position": {
						"0.0": [0, 0, 0],
						"0.375": [0, 0, 0],
						"0.75": [0, 0, 0],
						"1.125": [0, 0, 0],
						"1.5": [0, 0, 0],
						"1.875": [0, 0, 0],
						"2.25": [0, 0, 0],
						"2.625": [0, 0, 0],
						"3.0": [0, 0, 0]
					},
					"scale": {
						"0.0": [1, 1, 1],
						"0.375": [1, 1, 1],
						"0.75": [1, 1, 1],
						"1.125": [1, 1, 1],
						"1.5": [1, 1, 1],
						"1.875": [1, 1, 1],
						"2.25": [1, 1, 1],
						"2.625": [1, 1, 1],
						"3.0": [1, 1, 1]
					}
				},
				"AllBody": {
					"rotation": {
						"0.0": [0, 0, 0],
						"0.375": [0, 0, 0],
						"0.75": [0, 0, 0],
						"1.125": [0, 0, 0],
						"1.5": [0, 0, 0],
						"1.875": [0, 0, 0],
						"2.25": [0, 0, 0],
						"2.625": [0, 0, 0],
						"3.0": [0, 0, 0]
					},
					"position": {
						"0.0": [0, 0, 0],
						"0.2083": [0, -1, 0],
						"0.375": [0, 0, 0],
						"0.5833": [0, -1, 0],
						"0.75": [0, 0, 0],
						"0.9583": [0, -1, 0],
						"1.125": [0, 0, 0],
						"1.3333": [0, -1, 0],
						"1.5": [0, 0, 0],
						"1.7083": [0, -1, 0],
						"1.875": [0, 0, 0],
						"2.0833": [0, -1, 0],
						"2.25": [0, 0, 0],
						"2.4583": [0, -1, 0],
						"2.625": [0, 0, 0],
						"2.8333": [0, -1, 0],
						"3.0": [0, 0, 0]
					},
					"scale": {
						"0.0": [1, 1, 1],
						"0.375": [1, 1, 1],
						"0.75": [1, 1, 1],
						"1.125": [1, 1, 1],
						"1.5": [1, 1, 1],
						"1.875": [1, 1, 1],
						"2.25": [1, 1, 1],
						"2.625": [1, 1, 1],
						"3.0": [1, 1, 1]
					}
				},
				"UpBody": {
					"rotation": {
						"0.0": [-2, 0, 0],
						"0.2083": [3, 0, 0],
						"0.375": [-2, 0, 0],
						"0.5833": [3, 0, 0],
						"0.75": [-2, 0, 0],
						"0.9583": [3, 0, 0],
						"1.125": [-2, 0, 0],
						"1.3333": [3, 0, 0],
						"1.5": [-2, 0, 0],
						"1.7083": [3, 0, 0],
						"1.875": [-2, 0, 0],
						"2.0833": [3, 0, 0],
						"2.25": [-2, 0, 0],
						"2.4583": [3, 0, 0],
						"2.625": [-2, 0, 0],
						"2.8333": [3, 0, 0],
						"3.0": [-2, 0, 0]
					},
					"position": [0, 0, -0.2]
				},
				"AllHead": {
					"rotation": {
						"0.0": [10, 0, 0],
						"0.2083": [0, 0, 0],
						"0.375": [10, 0, 0],
						"0.5833": [0, 0, 0],
						"0.75": [10, 0, 0],
						"0.9583": [0, 0, 0],
						"1.125": [10, 0, 0],
						"1.3333": [0, 0, 0],
						"1.5": [10, 0, 0],
						"1.7083": [0, 0, 0],
						"1.875": [10, 0, 0],
						"2.0833": [0, 0, 0],
						"2.25": [10, 0, 0],
						"2.4583": [0, 0, 0],
						"2.625": [10, 0, 0],
						"2.8333": [0, 0, 0],
						"3.0": [10, 0, 0]
					},
					"position": [0, 0, 0]
				},
				"Head": {
					"rotation": {
						"0.0": [0, 0, 0],
						"0.375": [0, 0, 0],
						"0.75": [0, 0, 0],
						"1.125": [0, 0, 0],
						"1.5": [0, 0, 0],
						"1.875": [0, 0, 0],
						"2.25": [0, 0, 0],
						"2.625": [0, 0, 0],
						"3.0": [0, 0, 0]
					},
					"position": {
						"0.0": [0, 0, 0],
						"0.375": [0, 0, 0],
						"0.75": [0, 0, 0],
						"1.125": [0, 0, 0],
						"1.5": [0, 0, 0],
						"1.875": [0, 0, 0],
						"2.25": [0, 0, 0],
						"2.625": [0, 0, 0],
						"3.0": [0, 0, 0]
					}
				},
				"Arm": {
					"rotation": {
						"0.0": [0, 0, 0],
						"0.375": [0, 0, 0],
						"0.75": [0, 0, 0],
						"1.125": [0, 0, 0],
						"1.5": [0, 0, 0],
						"1.875": [0, 0, 0],
						"2.25": [0, 0, 0],
						"2.625": [0, 0, 0],
						"3.0": [0, 0, 0]
					}
				},
				"LeftArm": {
					"rotation": {
						"0.0": [3.64, 0, 0],
						"0.2083": [-20, 0, 0],
						"0.5833": [12.5, 0, 0],
						"0.9583": [-20, 0, 0],
						"1.3333": [12.5, 0, 0],
						"1.7083": [-50, 0, 0],
						"2.0833": [12.5, 0, 0],
						"2.4583": [-50, 0, 0],
						"2.875": [12.5, 0, 0],
						"3.0": [3.64, 0, 0]
					}
				},
				"LeftForeArm": {
					"rotation": {
						"0.0": [-107.04, 0, 0],
						"0.2083": [-112.5, 0, 0],
						"0.5833": [-105, 0, 0],
						"0.9583": [-112.5, 0, 0],
						"1.3333": [-105, 0, 0],
						"1.7083": [-47.5, 0, 0],
						"2.0833": [-105, 0, 0],
						"2.4583": [-47.5, 0, 0],
						"2.875": [-105, 0, 0],
						"3.0": [-107.04, 0, 0]
					}
				},
				"RightArm": {
					"rotation": {
						"0.0": [-32.95, 0, 0],
						"0.2083": [12.5, 0, 0],
						"0.5833": [-20, 0, 0],
						"0.9583": [12.5, 0, 0],
						"1.3333": [-20, 0, 0],
						"1.7083": [12.5, 0, 0],
						"2.0833": [-50, 0, 0],
						"2.4583": [12.5, 0, 0],
						"2.875": [-50, 0, 0],
						"3.0": [-32.95, 0, 0]
					}
				},
				"RightForeArm": {
					"rotation": {
						"0.0": [-63.18, 0, 0],
						"0.2083": [-105, 0, 0],
						"0.5833": [-112.5, 0, 0],
						"0.9583": [-105, 0, 0],
						"1.3333": [-112.5, 0, 0],
						"1.7083": [-105, 0, 0],
						"2.0833": [-47.5, 0, 0],
						"2.4583": [-105, 0, 0],
						"2.875": [-47.5, 0, 0],
						"3.0": [-63.18, 0, 0]
					}
				},
				"Leg": {
					"rotation": {
						"0.0": [0, 0, 0],
						"0.2083": [2.52002, 0.14447, -0.28398],
						"0.375": [0, 0, 0],
						"0.5833": [2.52002, 0.14447, -0.28398],
						"0.75": [0, 0, 0],
						"0.9583": [2.52002, 0.14447, -0.28398],
						"1.125": [0, 0, 0],
						"1.3333": [2.52002, 0.14447, -0.28398],
						"1.5": [0, 0, 0],
						"1.7083": [2.52002, 0.14447, -0.28398],
						"1.875": [0, 0, 0],
						"2.0833": [2.52002, 0.14447, -0.28398],
						"2.25": [0, 0, 0],
						"2.4583": [2.52002, 0.14447, -0.28398],
						"2.625": [0, 0, 0],
						"2.8333": [2.52002, 0.14447, -0.28398],
						"3.0": [0, 0, 0]
					}
				},
				"RightLeg": {
					"rotation": {
						"0.0": [-4.89259, 0.0853, 0.99636],
						"0.2083": [-22.95506, 0.0853, 0.99636],
						"0.375": [-4.89259, 0.0853, 0.99636],
						"0.5833": [-22.95506, 0.0853, 0.99636],
						"0.75": [-4.89259, 0.0853, 0.99636],
						"0.9583": [-22.95506, 0.0853, 0.99636],
						"1.125": [-4.89259, 0.0853, 0.99636],
						"1.3333": [-22.95506, 0.0853, 0.99636],
						"1.5": [-4.89259, 0.0853, 0.99636],
						"1.7083": [-22.95506, 0.0853, 0.99636],
						"1.875": [-4.89259, 0.0853, 0.99636],
						"2.0833": [-22.95506, 0.0853, 0.99636],
						"2.25": [-4.89259, 0.0853, 0.99636],
						"2.4583": [-22.95506, 0.0853, 0.99636],
						"2.625": [-4.89259, 0.0853, 0.99636],
						"2.8333": [-22.95506, 0.0853, 0.99636],
						"3.0": [-4.89259, 0.0853, 0.99636]
					},
					"position": {
						"0.0": [0.2, 0, 0],
						"0.375": [0.2, 0, 0],
						"0.75": [0.2, 0, 0],
						"1.125": [0.2, 0, 0],
						"1.5": [0.2, 0, 0],
						"1.875": [0.2, 0, 0],
						"2.25": [0.2, 0, 0],
						"2.625": [0.2, 0, 0],
						"3.0": [0.2, 0, 0]
					}
				},
				"RightLowerLeg": {
					"rotation": {
						"0.0": [10, 0, 0],
						"0.2083": [43.68, 0, 0],
						"0.375": [10, 0, 0],
						"0.5833": [43.68, 0, 0],
						"0.75": [10, 0, 0],
						"0.9583": [43.68, 0, 0],
						"1.125": [10, 0, 0],
						"1.3333": [43.68, 0, 0],
						"1.5": [10, 0, 0],
						"1.7083": [43.68, 0, 0],
						"1.875": [10, 0, 0],
						"2.0833": [43.68, 0, 0],
						"2.25": [10, 0, 0],
						"2.4583": [43.68, 0, 0],
						"2.625": [10, 0, 0],
						"2.8333": [43.68, 0, 0],
						"3.0": [10, 0, 0]
					},
					"position": {
						"0.0": [0, 0, 0],
						"0.375": [0, 0, 0],
						"0.75": [0, 0, 0],
						"1.125": [0, 0, 0],
						"1.5": [0, 0, 0],
						"1.875": [0, 0, 0],
						"2.25": [0, 0, 0],
						"2.625": [0, 0, 0],
						"3.0": [0, 0, 0]
					}
				},
				"rightfoot": {
					"rotation": {
						"0.0": [-5, 0, 0],
						"0.2083": [-22.5, 0, 0],
						"0.375": [-5, 0, 0],
						"0.5833": [-22.5, 0, 0],
						"0.75": [-5, 0, 0],
						"0.9583": [-22.5, 0, 0],
						"1.125": [-5, 0, 0],
						"1.3333": [-22.5, 0, 0],
						"1.5": [-5, 0, 0],
						"1.7083": [-22.5, 0, 0],
						"1.875": [-5, 0, 0],
						"2.0833": [-22.5, 0, 0],
						"2.25": [-5, 0, 0],
						"2.4583": [-22.5, 0, 0],
						"2.625": [-5, 0, 0],
						"2.8333": [-22.5, 0, 0],
						"3.0": [-5, 0, 0]
					},
					"position": {
						"0.0": [0, 0, 0],
						"0.375": [0, 0, 0],
						"0.75": [0, 0, 0],
						"1.125": [0, 0, 0],
						"1.5": [0, 0, 0],
						"1.875": [0, 0, 0],
						"2.25": [0, 0, 0],
						"2.625": [0, 0, 0],
						"3.0": [0, 0, 0]
					}
				},
				"LeftLeg": {
					"rotation": {
						"0.0": [-4.68394, -0.16337, -1.94094],
						"0.2083": [-25.21338, -0.16337, -1.94094],
						"0.375": [-4.68394, -0.16337, -1.94094],
						"0.5833": [-25.21338, -0.16337, -1.94094],
						"0.75": [-4.68394, -0.16337, -1.94094],
						"0.9583": [-25.21338, -0.16337, -1.94094],
						"1.125": [-4.68394, -0.16337, -1.94094],
						"1.3333": [-25.21338, -0.16337, -1.94094],
						"1.5": [-4.68394, -0.16337, -1.94094],
						"1.7083": [-25.21338, -0.16337, -1.94094],
						"1.875": [-4.68394, -0.16337, -1.94094],
						"2.0833": [-25.21338, -0.16337, -1.94094],
						"2.25": [-4.68394, -0.16337, -1.94094],
						"2.4583": [-25.21338, -0.16337, -1.94094],
						"2.625": [-4.68394, -0.16337, -1.94094],
						"2.8333": [-25.21338, -0.16337, -1.94094],
						"3.0": [-4.68394, -0.16337, -1.94094]
					},
					"position": {
						"0.0": [-0.2, 0, 0],
						"0.375": [-0.2, 0, 0],
						"0.75": [-0.2, 0, 0],
						"1.125": [-0.2, 0, 0],
						"1.5": [-0.2, 0, 0],
						"1.875": [-0.2, 0, 0],
						"2.25": [-0.2, 0, 0],
						"2.625": [-0.2, 0, 0],
						"3.0": [-0.2, 0, 0]
					}
				},
				"LeftLowerLeg": {
					"rotation": {
						"0.0": [10, 0, 0],
						"0.2083": [41.18, 0, 0],
						"0.375": [10, 0, 0],
						"0.5833": [41.18, 0, 0],
						"0.75": [10, 0, 0],
						"0.9583": [41.18, 0, 0],
						"1.125": [10, 0, 0],
						"1.3333": [41.18, 0, 0],
						"1.5": [10, 0, 0],
						"1.7083": [41.18, 0, 0],
						"1.875": [10, 0, 0],
						"2.0833": [41.18, 0, 0],
						"2.25": [10, 0, 0],
						"2.4583": [41.18, 0, 0],
						"2.625": [10, 0, 0],
						"2.8333": [41.18, 0, 0],
						"3.0": [10, 0, 0]
					},
					"position": {
						"0.0": [0, 0, 0],
						"0.375": [0, 0, 0],
						"0.75": [0, 0, 0],
						"1.125": [0, 0, 0],
						"1.5": [0, 0, 0],
						"1.875": [0, 0, 0],
						"2.25": [0, 0, 0],
						"2.625": [0, 0, 0],
						"3.0": [0, 0, 0]
					}
				},
				"leftfoot": {
					"rotation": {
						"0.0": [-5.5, 0, 0],
						"0.2083": [-15.5, 0, 0],
						"0.375": [-5.5, 0, 0],
						"0.5833": [-15.5, 0, 0],
						"0.75": [-5.5, 0, 0],
						"0.9583": [-15.5, 0, 0],
						"1.125": [-5.5, 0, 0],
						"1.3333": [-15.5, 0, 0],
						"1.5": [-5.5, 0, 0],
						"1.7083": [-15.5, 0, 0],
						"1.875": [-5.5, 0, 0],
						"2.0833": [-15.5, 0, 0],
						"2.25": [-5.5, 0, 0],
						"2.4583": [-15.5, 0, 0],
						"2.625": [-5.5, 0, 0],
						"2.8333": [-15.5, 0, 0],
						"3.0": [-5.5, 0, 0]
					},
					"position": {
						"0.0": [0, 0, 0],
						"0.375": [0, 0, 0],
						"0.75": [0, 0, 0],
						"1.125": [0, 0, 0],
						"1.5": [0, 0, 0],
						"1.875": [0, 0, 0],
						"2.25": [0, 0, 0],
						"2.625": [0, 0, 0],
						"3.0": [0, 0, 0]
					}
				}
			}
		}
	},
	"geckolib_format_version": 2
}