{
	"format_version": "1.12.0",
	"minecraft:geometry": [
		{
			"description": {
				"identifier": "geometry.unknown",
				"texture_width": 128,
				"texture_height": 128,
				"visible_bounds_width": 8,
				"visible_bounds_height": 5,
				"visible_bounds_offset": [0, 1.5, 0]
			},
			"bones": [
				{
					"name": "root",
					"pivot": [0, 0, 0]
				},
				{
					"name": "AllBody",
					"parent": "root",
					"pivot": [0, 5, 0]
				},
				{
					"name": "DownBody",
					"parent": "AllBody",
					"pivot": [0, 4.25, 0.475],
					"cubes": [
						{
							"origin": [-5, 2.9, -3.95],
							"size": [10, 2.5, 6.95],
							"uv": {
								"north": {"uv": [60, 92], "uv_size": [10, 3]},
								"east": {"uv": [99, 61], "uv_size": [7, 3]},
								"south": {"uv": [92, 64], "uv_size": [10, 3]},
								"west": {"uv": [99, 92], "uv_size": [7, 3]},
								"up": {"uv": [79, 8], "uv_size": [10, 7]},
								"down": {"uv": [79, 22], "uv_size": [10, -7]}
							}
						}
					]
				},
				{
					"name": "cat_DownBody",
					"parent": "DownBody",
					"pivot": [0, 0, 0],
					"cubes": [
						{
							"origin": [-5.05, 2.85, -4],
							"size": [10.1, 2.6, 7.05],
							"uv": {
								"north": {"uv": [92, 67], "uv_size": [10, 3]},
								"east": {"uv": [101, 14], "uv_size": [7, 3]},
								"south": {"uv": [92, 70], "uv_size": [10, 3]},
								"west": {"uv": [101, 17], "uv_size": [7, 3]},
								"up": {"uv": [79, 22], "uv_size": [10, 7]},
								"down": {"uv": [79, 36], "uv_size": [10, -7]}
							}
						}
					]
				},
				{
					"name": "cat_wb",
					"parent": "cat_DownBody",
					"pivot": [0, 4.45, 4.525],
					"cubes": [
						{
							"origin": [-1.05, 3.45, 4],
							"size": [2.1, 2, 3.05],
							"uv": {
								"north": {"uv": [14, 87], "uv_size": [2, 2]},
								"east": {"uv": [11, 87], "uv_size": [3, 2]},
								"south": {"uv": [104, 90], "uv_size": [2, 2]},
								"west": {"uv": [46, 88], "uv_size": [3, 2]},
								"up": {"uv": [89, 40], "uv_size": [2, 3]},
								"down": {"uv": [112, 30], "uv_size": [2, -3]}
							}
						}
					]
				},
				{
					"name": "cat_wb2",
					"parent": "cat_wb",
					"pivot": [0, 4.45, 7.525],
					"cubes": [
						{
							"origin": [-1.05, 3.45, 7],
							"size": [2.1, 2, 3.05],
							"uv": {
								"north": {"uv": [105, 34], "uv_size": [2, 2]},
								"east": {"uv": [49, 88], "uv_size": [3, 2]},
								"south": {"uv": [111, 93], "uv_size": [2, 2]},
								"west": {"uv": [60, 90], "uv_size": [3, 2]},
								"up": {"uv": [112, 41], "uv_size": [2, 3]},
								"down": {"uv": [112, 47], "uv_size": [2, -3]}
							}
						}
					]
				},
				{
					"name": "cat_wb3",
					"parent": "cat_wb2",
					"pivot": [0, 4.45, 10.525],
					"cubes": [
						{
							"origin": [-1.05, 3.45, 10],
							"size": [2.1, 2, 3.05],
							"uv": {
								"north": {"uv": [112, 47], "uv_size": [2, 2]},
								"east": {"uv": [4, 92], "uv_size": [3, 2]},
								"south": {"uv": [112, 79], "uv_size": [2, 2]},
								"west": {"uv": [7, 92], "uv_size": [3, 2]},
								"up": {"uv": [112, 58], "uv_size": [2, 3]},
								"down": {"uv": [112, 76], "uv_size": [2, -3]}
							}
						}
					]
				},
				{
					"name": "cat_wb4",
					"parent": "cat_wb3",
					"pivot": [0, 4.45, 13.525],
					"cubes": [
						{
							"origin": [-1.05, 3.45, 13],
							"size": [2.1, 2, 3.05],
							"uv": {
								"north": {"uv": [112, 104], "uv_size": [2, 2]},
								"east": {"uv": [101, 90], "uv_size": [3, 2]},
								"south": {"uv": [112, 106], "uv_size": [2, 2]},
								"west": {"uv": [102, 80], "uv_size": [3, 2]},
								"up": {"uv": [74, 112], "uv_size": [2, 3]},
								"down": {"uv": [112, 79], "uv_size": [2, -3]}
							}
						}
					]
				},
				{
					"name": "demon_DownBody",
					"parent": "DownBody",
					"pivot": [0, 0, 0],
					"cubes": [
						{
							"origin": [-5.05, 2.85, -4],
							"size": [10.1, 2.6, 7.05],
							"uv": {
								"north": {"uv": [32, 93], "uv_size": [10, 3]},
								"east": {"uv": [101, 20], "uv_size": [7, 3]},
								"south": {"uv": [4, 94], "uv_size": [10, 3]},
								"west": {"uv": [101, 23], "uv_size": [7, 3]},
								"up": {"uv": [79, 36], "uv_size": [10, 7]},
								"down": {"uv": [32, 87], "uv_size": [10, -7]}
							}
						}
					]
				},
				{
					"name": "pgR4",
					"parent": "DownBody",
					"pivot": [-2.325, 4.5, -1.5],
					"cubes": [
						{
							"origin": [-4.95, 4.4, 1],
							"size": [5.05, 2.75, 2.8],
							"pivot": [-2.325, 4.4, 1.5],
							"rotation": [-45.10922, -3.53329, 3.54002],
							"uv": {
								"north": {"uv": [106, 40], "uv_size": [5, 3]},
								"east": {"uv": [11, 110], "uv_size": [3, 3]},
								"south": {"uv": [106, 55], "uv_size": [5, 3]},
								"west": {"uv": [14, 110], "uv_size": [3, 3]},
								"up": {"uv": [106, 86], "uv_size": [5, 3]},
								"down": {"uv": [89, 109], "uv_size": [5, -3]}
							}
						}
					]
				},
				{
					"name": "cat_pgR4",
					"parent": "pgR4",
					"pivot": [-2.325, 4.4, 1.5],
					"cubes": [
						{
							"origin": [-5, 4.35, 0.95],
							"size": [5.15, 2.85, 2.9],
							"pivot": [-2.325, 4.4, 1.5],
							"rotation": [-45.10922, -3.53329, 3.54002],
							"uv": {
								"north": {"uv": [106, 89], "uv_size": [5, 3]},
								"east": {"uv": [17, 110], "uv_size": [3, 3]},
								"south": {"uv": [106, 92], "uv_size": [5, 3]},
								"west": {"uv": [24, 110], "uv_size": [3, 3]},
								"up": {"uv": [107, 43], "uv_size": [5, 3]},
								"down": {"uv": [44, 110], "uv_size": [5, -3]}
							}
						}
					]
				},
				{
					"name": "pgR3",
					"parent": "DownBody",
					"pivot": [2.325, 4.5, -1.5],
					"cubes": [
						{
							"origin": [-0.1, 4.4, 1],
							"size": [5.05, 2.75, 2.8],
							"pivot": [2.325, 4.4, 1.5],
							"rotation": [-45.10922, 3.53329, -3.54002],
							"uv": {
								"north": {"uv": [107, 46], "uv_size": [5, 3]},
								"east": {"uv": [27, 110], "uv_size": [3, 3]},
								"south": {"uv": [107, 58], "uv_size": [5, 3]},
								"west": {"uv": [30, 110], "uv_size": [3, 3]},
								"up": {"uv": [94, 107], "uv_size": [5, 3]},
								"down": {"uv": [99, 110], "uv_size": [5, -3]}
							}
						}
					]
				},
				{
					"name": "cat_pgR3",
					"parent": "pgR3",
					"pivot": [2.325, 4.4, 1.5],
					"cubes": [
						{
							"origin": [-0.15, 4.35, 0.95],
							"size": [5.15, 2.85, 2.9],
							"pivot": [2.325, 4.4, 1.5],
							"rotation": [-45.10922, 3.53329, -3.54002],
							"uv": {
								"north": {"uv": [104, 107], "uv_size": [5, 3]},
								"east": {"uv": [33, 110], "uv_size": [3, 3]},
								"south": {"uv": [108, 14], "uv_size": [5, 3]},
								"west": {"uv": [36, 110], "uv_size": [3, 3]},
								"up": {"uv": [108, 17], "uv_size": [5, 3]},
								"down": {"uv": [108, 23], "uv_size": [5, -3]}
							}
						}
					]
				},
				{
					"name": "RightLeg",
					"parent": "DownBody",
					"pivot": [-2, 4, 0],
					"cubes": [
						{
							"origin": [-4.01, -0.21, -2.06],
							"size": [3.77, 4.42, 4.12],
							"inflate": 0.01,
							"uv": {
								"north": {"uv": [52, 82], "uv_size": [4, 4]},
								"east": {"uv": [102, 51], "uv_size": [4, 4]},
								"south": {"uv": [20, 103], "uv_size": [4, 4]},
								"west": {"uv": [98, 103], "uv_size": [4, 4]},
								"up": {"uv": [104, 36], "uv_size": [4, 4]},
								"down": {"uv": [50, 108], "uv_size": [4, -4]}
							}
						}
					]
				},
				{
					"name": "cat_RightLeg",
					"parent": "RightLeg",
					"pivot": [-2.125, 2, 0],
					"cubes": [
						{
							"origin": [-4.0502, -0.2622, -2.0807],
							"size": [3.8579, 4.5144, 4.1614],
							"inflate": 0.01,
							"uv": {
								"north": {"uv": [24, 101], "uv_size": [4, 5]},
								"east": {"uv": [101, 26], "uv_size": [4, 5]},
								"south": {"uv": [28, 101], "uv_size": [4, 5]},
								"west": {"uv": [101, 31], "uv_size": [4, 5]},
								"up": {"uv": [54, 104], "uv_size": [4, 4]},
								"down": {"uv": [58, 108], "uv_size": [4, -4]}
							}
						}
					]
				},
				{
					"name": "LeftLeg",
					"parent": "DownBody",
					"pivot": [2, 4, 0],
					"cubes": [
						{
							"origin": [0.24, -0.21, -2.06],
							"size": [3.77, 4.42, 4.12],
							"inflate": 0.01,
							"uv": {
								"north": {"uv": [105, 2], "uv_size": [4, 4]},
								"east": {"uv": [105, 6], "uv_size": [4, 4]},
								"south": {"uv": [105, 10], "uv_size": [4, 4]},
								"west": {"uv": [105, 26], "uv_size": [4, 4]},
								"up": {"uv": [105, 30], "uv_size": [4, 4]},
								"down": {"uv": [105, 78], "uv_size": [4, -4]}
							}
						}
					]
				},
				{
					"name": "cat_LeftLeg",
					"parent": "LeftLeg",
					"pivot": [2.125, 2, 0],
					"cubes": [
						{
							"origin": [0.1923, -0.2622, -2.0807],
							"size": [3.8579, 4.5144, 4.1614],
							"inflate": 0.01,
							"uv": {
								"north": {"uv": [32, 101], "uv_size": [4, 5]},
								"east": {"uv": [36, 101], "uv_size": [4, 5]},
								"south": {"uv": [66, 101], "uv_size": [4, 5]},
								"west": {"uv": [70, 101], "uv_size": [4, 5]},
								"up": {"uv": [105, 78], "uv_size": [4, 4]},
								"down": {"uv": [105, 99], "uv_size": [4, -4]}
							}
						}
					]
				},
				{
					"name": "UpBody",
					"parent": "AllBody",
					"pivot": [0, 6.55, -0.2],
					"cubes": [
						{
							"origin": [-5, 4.9, -3.95],
							"size": [10, 3.1, 8.3],
							"uv": {
								"north": {"uv": [92, 73], "uv_size": [10, 3]},
								"east": {"uv": [96, 37], "uv_size": [8, 3]},
								"south": {"uv": [92, 76], "uv_size": [10, 3]},
								"west": {"uv": [82, 97], "uv_size": [8, 3]},
								"up": {"uv": [32, 72], "uv_size": [10, 8]},
								"down": {"uv": [72, 76], "uv_size": [10, -8]}
							}
						}
					]
				},
				{
					"name": "left_ts_wings",
					"parent": "UpBody",
					"pivot": [3.5, 6.9, 6],
					"cubes": [
						{
							"origin": [2.95, 0.75, 6],
							"size": [18.1, 12.3, 0],
							"uv": {
								"north": {"uv": [64, 0], "uv_size": [15, 12]},
								"east": {"uv": [0, 0], "uv_size": [0, 12]},
								"south": {"uv": [109.9, 115.7], "uv_size": [18.1, 12.3]},
								"west": {"uv": [0, 0], "uv_size": [0, 12]},
								"up": {"uv": [0, 0], "uv_size": [15, 0]},
								"down": {"uv": [0, 0], "uv_size": [15, 0]}
							}
						}
					]
				},
				{
					"name": "right_ts_wings",
					"parent": "UpBody",
					"pivot": [-3.5, 6.9, 6],
					"cubes": [
						{
							"origin": [-21.05, 0.75, 6],
							"size": [18.1, 12.3, 0],
							"uv": {
								"north": {"uv": [79, 0], "uv_size": [-15, 12]},
								"east": {"uv": [0, 0], "uv_size": [0, 12]},
								"south": {"uv": [128, 115.7], "uv_size": [-18.1, 12.3]},
								"west": {"uv": [0, 0], "uv_size": [0, 12]},
								"up": {"uv": [15, 0], "uv_size": [-15, 0]},
								"down": {"uv": [15, 0], "uv_size": [-15, 0]}
							}
						}
					]
				},
				{
					"name": "cat_upbody",
					"parent": "UpBody",
					"pivot": [0, 0, 0],
					"cubes": [
						{
							"origin": [-5.05, 4.75, -4],
							"size": [10.1, 3.3, 8.4],
							"uv": {
								"north": {"uv": [92, 79], "uv_size": [10, 3]},
								"east": {"uv": [90, 97], "uv_size": [8, 3]},
								"south": {"uv": [89, 92], "uv_size": [10, 3]},
								"west": {"uv": [98, 40], "uv_size": [8, 3]},
								"up": {"uv": [74, 48], "uv_size": [10, 8]},
								"down": {"uv": [74, 64], "uv_size": [10, -8]}
							}
						}
					]
				},
				{
					"name": "demon_upbody",
					"parent": "UpBody",
					"pivot": [0, 0, 0],
					"cubes": [
						{
							"origin": [-5.05, 4.75, -4],
							"size": [10.1, 3.3, 8.4],
							"uv": {
								"north": {"uv": [14, 94], "uv_size": [10, 3]},
								"east": {"uv": [98, 55], "uv_size": [8, 3]},
								"south": {"uv": [78, 94], "uv_size": [10, 3]},
								"west": {"uv": [99, 58], "uv_size": [8, 3]},
								"up": {"uv": [72, 76], "uv_size": [10, 8]},
								"down": {"uv": [79, 8], "uv_size": [10, -8]}
							}
						}
					]
				},
				{
					"name": "left_demon_wings",
					"parent": "demon_upbody",
					"pivot": [3.5, 6.9, 6],
					"cubes": [
						{
							"origin": [2.95, 0.75, 6],
							"size": [15.1, 12.3, 0],
							"uv": {
								"north": {"uv": [64, 0], "uv_size": [15, 12]},
								"east": {"uv": [0, 0], "uv_size": [0, 12]},
								"south": {"uv": [64, 12], "uv_size": [15, 12]},
								"west": {"uv": [0, 0], "uv_size": [0, 12]},
								"up": {"uv": [0, 0], "uv_size": [15, 0]},
								"down": {"uv": [0, 0], "uv_size": [15, 0]}
							}
						}
					]
				},
				{
					"name": "right_demon_wings",
					"parent": "demon_upbody",
					"pivot": [-3.5, 6.9, 6],
					"cubes": [
						{
							"origin": [-18.05, 0.75, 6],
							"size": [15.1, 12.3, 0],
							"uv": {
								"north": {"uv": [64, 24], "uv_size": [15, 12]},
								"east": {"uv": [0, 0], "uv_size": [0, 12]},
								"south": {"uv": [64, 36], "uv_size": [15, 12]},
								"west": {"uv": [0, 0], "uv_size": [0, 12]},
								"up": {"uv": [0, 0], "uv_size": [15, 0]},
								"down": {"uv": [0, 0], "uv_size": [15, 0]}
							}
						}
					]
				},
				{
					"name": "RightArm",
					"parent": "UpBody",
					"pivot": [-4.4, 7.6, 0],
					"rotation": [0, 0, 10],
					"cubes": [
						{
							"origin": [-6.58831, 3.71777, -1.02],
							"size": [2.04, 4.04, 2.04],
							"inflate": 0.02,
							"uv": {
								"north": {"uv": [87, 110], "uv_size": [2, 4]},
								"east": {"uv": [97, 110], "uv_size": [2, 4]},
								"south": {"uv": [99, 110], "uv_size": [2, 4]},
								"west": {"uv": [101, 110], "uv_size": [2, 4]},
								"up": {"uv": [112, 108], "uv_size": [2, 2]},
								"down": {"uv": [112, 112], "uv_size": [2, -2]}
							}
						}
					]
				},
				{
					"name": "cat_RightArm",
					"parent": "RightArm",
					"pivot": [0, 0, 0],
					"cubes": [
						{
							"origin": [-6.65439, 3.70475, -1.0304],
							"size": [2.1108, 4.1308, 2.0608],
							"inflate": 0.02,
							"uv": {
								"north": {"uv": [103, 110], "uv_size": [2, 4]},
								"east": {"uv": [105, 110], "uv_size": [2, 4]},
								"south": {"uv": [107, 110], "uv_size": [2, 4]},
								"west": {"uv": [111, 34], "uv_size": [2, 4]},
								"up": {"uv": [112, 112], "uv_size": [2, 2]},
								"down": {"uv": [11, 115], "uv_size": [2, -2]}
							}
						}
					]
				},
				{
					"name": "LeftArm",
					"parent": "UpBody",
					"pivot": [4.4, 7.6, 0],
					"rotation": [0, 0, -10],
					"cubes": [
						{
							"origin": [4.54831, 3.71777, -1.02],
							"size": [2.04, 4.04, 2.04],
							"inflate": 0.02,
							"uv": {
								"north": {"uv": [111, 54], "uv_size": [2, 4]},
								"east": {"uv": [111, 85], "uv_size": [2, 4]},
								"south": {"uv": [111, 89], "uv_size": [2, 4]},
								"west": {"uv": [112, 0], "uv_size": [2, 4]},
								"up": {"uv": [13, 113], "uv_size": [2, 2]},
								"down": {"uv": [113, 16], "uv_size": [2, -2]}
							}
						}
					]
				},
				{
					"name": "cat_LeftArm",
					"parent": "LeftArm",
					"pivot": [0, 0, 0],
					"cubes": [
						{
							"origin": [4.54359, 3.70475, -1.0304],
							"size": [2.1108, 4.1308, 2.0608],
							"inflate": 0.02,
							"uv": {
								"north": {"uv": [112, 4], "uv_size": [2, 4]},
								"east": {"uv": [112, 8], "uv_size": [2, 4]},
								"south": {"uv": [20, 112], "uv_size": [2, 4]},
								"west": {"uv": [112, 23], "uv_size": [2, 4]},
								"up": {"uv": [15, 113], "uv_size": [2, 2]},
								"down": {"uv": [113, 18], "uv_size": [2, -2]}
							}
						}
					]
				},
				{
					"name": "headd",
					"parent": "UpBody",
					"pivot": [0, 8, 0]
				},
				{
					"name": "headdd",
					"parent": "headd",
					"pivot": [0, 14.9, 0.25]
				},
				{
					"name": "cat_head",
					"parent": "headdd",
					"pivot": [0, 0, 0],
					"cubes": [
						{
							"origin": [-8, 7.9, -8],
							"size": [16, 13.8, 15.5],
							"uv": {
								"north": {"uv": [16, 32], "uv_size": [16, 14]},
								"east": {"uv": [32, 16], "uv_size": [16, 14]},
								"south": {"uv": [32, 30], "uv_size": [16, 14]},
								"west": {"uv": [32, 44], "uv_size": [16, 14]},
								"up": {"uv": [0, 0], "uv_size": [16, 16]},
								"down": {"uv": [0, 32], "uv_size": [16, -16]}
							}
						},
						{
							"origin": [-0.5, 12.2, -8.05],
							"size": [1, 1, 1],
							"uv": {
								"north": {"uv": [45, 81], "uv_size": [1, 1]},
								"east": {"uv": [38, 92], "uv_size": [1, 1]},
								"south": {"uv": [81, 93], "uv_size": [1, 1]},
								"west": {"uv": [88, 94], "uv_size": [1, 1]},
								"up": {"uv": [3, 96], "uv_size": [1, 1]},
								"down": {"uv": [77, 97], "uv_size": [1, -1]}
							}
						}
					]
				},
				{
					"name": "cat_right_ear",
					"parent": "cat_head",
					"pivot": [-6.57879, 19.101, 0.75],
					"cubes": [
						{
							"origin": [-11.87749, 20.14638, -0.95],
							"size": [3, 5.8, 3.5],
							"pivot": [-10.37749, 21.54638, 0.75],
							"rotation": [0, 0, 20],
							"uv": {
								"north": {"uv": [102, 74], "uv_size": [3, 6]},
								"east": {"uv": [20, 97], "uv_size": [4, 6]},
								"south": {"uv": [78, 102], "uv_size": [3, 6]},
								"west": {"uv": [98, 43], "uv_size": [4, 6]},
								"up": {"uv": [78, 108], "uv_size": [3, 4]},
								"down": {"uv": [109, 4], "uv_size": [3, -4]}
							}
						},
						{
							"origin": [-11.1808, 17.84948, -0.9],
							"size": [5, 3.8, 3.5],
							"pivot": [-9.6808, 18.74948, 0.75],
							"rotation": [0, 0, -25],
							"uv": {
								"north": {"uv": [101, 82], "uv_size": [5, 4]},
								"east": {"uv": [105, 99], "uv_size": [4, 4]},
								"south": {"uv": [101, 86], "uv_size": [5, 4]},
								"west": {"uv": [105, 103], "uv_size": [4, 4]},
								"up": {"uv": [0, 102], "uv_size": [5, 4]},
								"down": {"uv": [5, 106], "uv_size": [5, -4]}
							}
						},
						{
							"origin": [-10.19045, 16.62942, -0.85],
							"size": [4, 3.8, 3.5],
							"pivot": [-8.19045, 18.52942, 0.75],
							"rotation": [0, 0, -70],
							"uv": {
								"north": {"uv": [0, 106], "uv_size": [4, 4]},
								"east": {"uv": [4, 106], "uv_size": [4, 4]},
								"south": {"uv": [8, 106], "uv_size": [4, 4]},
								"west": {"uv": [12, 106], "uv_size": [4, 4]},
								"up": {"uv": [16, 106], "uv_size": [4, 4]},
								"down": {"uv": [24, 110], "uv_size": [4, -4]}
							}
						},
						{
							"origin": [-8, 17.9, -1],
							"size": [3, 8.8, 3.5],
							"pivot": [-8, 21.3, 0.75],
							"rotation": [0, 0, -25],
							"uv": {
								"north": {"uv": [50, 95], "uv_size": [3, 9]},
								"east": {"uv": [42, 72], "uv_size": [4, 9]},
								"south": {"uv": [53, 95], "uv_size": [3, 9]},
								"west": {"uv": [78, 84], "uv_size": [4, 9]},
								"up": {"uv": [109, 4], "uv_size": [3, 4]},
								"down": {"uv": [109, 12], "uv_size": [3, -4]}
							}
						}
					]
				},
				{
					"name": "cat_left_ear",
					"parent": "cat_head",
					"pivot": [6.57879, 19.101, 0.75],
					"cubes": [
						{
							"origin": [8.87749, 20.14638, -0.95],
							"size": [3, 5.8, 3.5],
							"pivot": [10.37749, 21.54638, 0.75],
							"rotation": [0, 0, -20],
							"uv": {
								"north": {"uv": [102, 95], "uv_size": [3, 6]},
								"east": {"uv": [98, 49], "uv_size": [4, 6]},
								"south": {"uv": [102, 101], "uv_size": [3, 6]},
								"west": {"uv": [98, 97], "uv_size": [4, 6]},
								"up": {"uv": [109, 23], "uv_size": [3, 4]},
								"down": {"uv": [109, 31], "uv_size": [3, -4]}
							}
						},
						{
							"origin": [6.1808, 17.84948, -0.9],
							"size": [5, 3.8, 3.5],
							"pivot": [9.6808, 18.74948, 0.75],
							"rotation": [0, 0, 25],
							"uv": {
								"north": {"uv": [10, 102], "uv_size": [5, 4]},
								"east": {"uv": [28, 106], "uv_size": [4, 4]},
								"south": {"uv": [15, 102], "uv_size": [5, 4]},
								"west": {"uv": [32, 106], "uv_size": [4, 4]},
								"up": {"uv": [102, 43], "uv_size": [5, 4]},
								"down": {"uv": [102, 51], "uv_size": [5, -4]}
							}
						},
						{
							"origin": [6.19045, 16.62942, -0.85],
							"size": [4, 3.8, 3.5],
							"pivot": [8.19045, 18.52942, 0.75],
							"rotation": [0, 0, 70],
							"uv": {
								"north": {"uv": [36, 106], "uv_size": [4, 4]},
								"east": {"uv": [40, 106], "uv_size": [4, 4]},
								"south": {"uv": [106, 51], "uv_size": [4, 4]},
								"west": {"uv": [106, 61], "uv_size": [4, 4]},
								"up": {"uv": [62, 106], "uv_size": [4, 4]},
								"down": {"uv": [106, 69], "uv_size": [4, -4]}
							}
						},
						{
							"origin": [5, 17.9, -1],
							"size": [3, 8.8, 3.5],
							"pivot": [8, 21.3, 0.75],
							"rotation": [0, 0, 25],
							"uv": {
								"north": {"uv": [56, 95], "uv_size": [3, 9]},
								"east": {"uv": [28, 85], "uv_size": [4, 9]},
								"south": {"uv": [59, 95], "uv_size": [3, 9]},
								"west": {"uv": [0, 87], "uv_size": [4, 9]},
								"up": {"uv": [109, 73], "uv_size": [3, 4]},
								"down": {"uv": [109, 81], "uv_size": [3, -4]}
							}
						}
					]
				},
				{
					"name": "demon_head",
					"parent": "headdd",
					"pivot": [0, 0, 0],
					"cubes": [
						{
							"origin": [-8, 7.9, -8.03],
							"size": [16, 13.8, 15.5],
							"uv": {
								"north": {"uv": [48, 28], "uv_size": [16, 14]},
								"east": {"uv": [48, 42], "uv_size": [16, 14]},
								"south": {"uv": [48, 56], "uv_size": [16, 14]},
								"west": {"uv": [32, 58], "uv_size": [16, 14]},
								"up": {"uv": [0, 32], "uv_size": [16, 16]},
								"down": {"uv": [32, 16], "uv_size": [16, -16]}
							}
						},
						{
							"origin": [-13.82434, 15.6674, -1.53],
							"size": [4, 5.8, 4],
							"pivot": [-10.66261, 22.4162, 0.49445],
							"rotation": [0, 0, -52.5],
							"uv": {
								"north": {"uv": [42, 100], "uv_size": [4, 6]},
								"east": {"uv": [62, 100], "uv_size": [4, 6]},
								"south": {"uv": [82, 100], "uv_size": [4, 6]},
								"west": {"uv": [86, 100], "uv_size": [4, 6]},
								"up": {"uv": [70, 106], "uv_size": [4, 4]},
								"down": {"uv": [81, 110], "uv_size": [4, -4]}
							}
						},
						{
							"origin": [-12.98, 20.16655, -1.25162],
							"size": [2.75, 4.8, 3.5],
							"pivot": [-10.66261, 22.4162, 0.49445],
							"rotation": [-0.33191, -0.3815, -30.0045],
							"uv": {
								"north": {"uv": [25, 89], "uv_size": [3, 5]},
								"east": {"uv": [46, 102], "uv_size": [4, 5]},
								"south": {"uv": [20, 107], "uv_size": [3, 5]},
								"west": {"uv": [102, 64], "uv_size": [4, 5]},
								"up": {"uv": [109, 101], "uv_size": [3, 4]},
								"down": {"uv": [109, 109], "uv_size": [3, -4]}
							}
						},
						{
							"origin": [-13.56226, 23.55947, -1.00162],
							"size": [2, 4.8, 3],
							"pivot": [-10.66261, 22.4162, 0.49445],
							"rotation": [-0.45264, -0.22545, -7.50472],
							"uv": {
								"north": {"uv": [40, 101], "uv_size": [2, 5]},
								"east": {"uv": [74, 107], "uv_size": [3, 5]},
								"south": {"uv": [5, 110], "uv_size": [2, 5]},
								"west": {"uv": [108, 34], "uv_size": [3, 5]},
								"up": {"uv": [78, 112], "uv_size": [2, 3]},
								"down": {"uv": [89, 115], "uv_size": [2, -3]}
							}
						},
						{
							"origin": [9.82434, 15.6674, -1.53],
							"size": [4, 5.8, 4],
							"pivot": [10.66261, 22.4162, 0.49445],
							"rotation": [0, 0, 52.5],
							"uv": {
								"north": {"uv": [46, 100], "uv_size": [-4, 6]},
								"east": {"uv": [90, 100], "uv_size": [-4, 6]},
								"south": {"uv": [86, 100], "uv_size": [-4, 6]},
								"west": {"uv": [66, 100], "uv_size": [-4, 6]},
								"up": {"uv": [74, 106], "uv_size": [-4, 4]},
								"down": {"uv": [85, 110], "uv_size": [-4, -4]}
							}
						},
						{
							"origin": [10.23, 20.16655, -1.25162],
							"size": [2.75, 4.8, 3.5],
							"pivot": [10.66261, 22.4162, 0.49445],
							"rotation": [-0.33191, 0.3815, 30.0045],
							"uv": {
								"north": {"uv": [28, 89], "uv_size": [-3, 5]},
								"east": {"uv": [106, 64], "uv_size": [-4, 5]},
								"south": {"uv": [23, 107], "uv_size": [-3, 5]},
								"west": {"uv": [50, 102], "uv_size": [-4, 5]},
								"up": {"uv": [112, 101], "uv_size": [-3, 4]},
								"down": {"uv": [112, 109], "uv_size": [-3, -4]}
							}
						},
						{
							"origin": [11.56226, 23.55947, -1.00162],
							"size": [2, 4.8, 3],
							"pivot": [10.66261, 22.4162, 0.49445],
							"rotation": [-0.45264, 0.22545, 7.50472],
							"uv": {
								"north": {"uv": [42, 101], "uv_size": [-2, 5]},
								"east": {"uv": [111, 34], "uv_size": [-3, 5]},
								"south": {"uv": [7, 110], "uv_size": [-2, 5]},
								"west": {"uv": [77, 107], "uv_size": [-3, 5]},
								"up": {"uv": [80, 112], "uv_size": [-2, 3]},
								"down": {"uv": [91, 115], "uv_size": [-2, -3]}
							}
						}
					]
				},
				{
					"name": "common_head",
					"parent": "headdd",
					"pivot": [0, 0, 0],
					"cubes": [
						{
							"origin": [-8, 7.9, -8],
							"size": [16, 13.8, 15.5],
							"uv": {
								"north": {"uv": [16, 46], "uv_size": [16, 14]},
								"east": {"uv": [0, 48], "uv_size": [16, 14]},
								"south": {"uv": [48, 0], "uv_size": [16, 14]},
								"west": {"uv": [48, 14], "uv_size": [16, 14]},
								"up": {"uv": [16, 0], "uv_size": [16, 16]},
								"down": {"uv": [16, 32], "uv_size": [16, -16]}
							}
						}
					]
				},
				{
					"name": "face",
					"parent": "headdd",
					"pivot": [0, 14.9, 0.25]
				},
				{
					"name": "crossbow",
					"parent": "face",
					"pivot": [0, 9.3, -7.75]
				},
				{
					"name": "left_crossbow",
					"parent": "crossbow",
					"pivot": [-4.5, 10.3, -7.75],
					"cubes": [
						{
							"origin": [-9, 6.9, -10],
							"size": [7, 4.8, 4.5],
							"uv": {
								"north": {"uv": [4, 87], "uv_size": [7, 5]},
								"east": {"uv": [79, 43], "uv_size": [5, 5]},
								"south": {"uv": [32, 87], "uv_size": [7, 5]},
								"west": {"uv": [62, 95], "uv_size": [5, 5]},
								"up": {"uv": [64, 87], "uv_size": [7, 5]},
								"down": {"uv": [39, 93], "uv_size": [7, -5]}
							}
						}
					]
				},
				{
					"name": "cat_left_crossbow",
					"parent": "left_crossbow",
					"pivot": [-5.5, 9.3, -7.75],
					"cubes": [
						{
							"origin": [-9.035, 6.876, -10.0225],
							"size": [7.07, 4.848, 4.545],
							"uv": {
								"north": {"uv": [89, 0], "uv_size": [7, 5]},
								"east": {"uv": [96, 2], "uv_size": [5, 5]},
								"south": {"uv": [89, 5], "uv_size": [7, 5]},
								"west": {"uv": [96, 7], "uv_size": [5, 5]},
								"up": {"uv": [89, 10], "uv_size": [7, 5]},
								"down": {"uv": [11, 94], "uv_size": [7, -5]}
							}
						}
					]
				},
				{
					"name": "demon_left_crossbow",
					"parent": "left_crossbow",
					"pivot": [-5.5, 9.3, -7.75],
					"cubes": [
						{
							"origin": [-9.035, 6.876, -10.0225],
							"size": [7.07, 4.848, 4.545],
							"uv": {
								"north": {"uv": [89, 87], "uv_size": [7, 5]},
								"east": {"uv": [5, 97], "uv_size": [5, 5]},
								"south": {"uv": [46, 90], "uv_size": [7, 5]},
								"west": {"uv": [10, 97], "uv_size": [5, 5]},
								"up": {"uv": [53, 90], "uv_size": [7, 5]},
								"down": {"uv": [91, 45], "uv_size": [7, -5]}
							}
						}
					]
				},
				{
					"name": "right_crossbow",
					"parent": "crossbow",
					"pivot": [4.5, 10.3, -7.75],
					"cubes": [
						{
							"origin": [2, 6.9, -10],
							"size": [7, 4.8, 4.5],
							"uv": {
								"north": {"uv": [89, 15], "uv_size": [7, 5]},
								"east": {"uv": [96, 12], "uv_size": [5, 5]},
								"south": {"uv": [18, 89], "uv_size": [7, 5]},
								"west": {"uv": [96, 17], "uv_size": [5, 5]},
								"up": {"uv": [89, 20], "uv_size": [7, 5]},
								"down": {"uv": [89, 30], "uv_size": [7, -5]}
							}
						}
					]
				},
				{
					"name": "cat_right_crossbow",
					"parent": "right_crossbow",
					"pivot": [5.5, 9.3, -7.75],
					"cubes": [
						{
							"origin": [1.965, 6.876, -10.0225],
							"size": [7.07, 4.848, 4.545],
							"uv": {
								"north": {"uv": [89, 30], "uv_size": [7, 5]},
								"east": {"uv": [96, 22], "uv_size": [5, 5]},
								"south": {"uv": [89, 35], "uv_size": [7, 5]},
								"west": {"uv": [96, 27], "uv_size": [5, 5]},
								"up": {"uv": [82, 89], "uv_size": [7, 5]},
								"down": {"uv": [89, 87], "uv_size": [7, -5]}
							}
						}
					]
				},
				{
					"name": "demon_right_crossbow",
					"parent": "right_crossbow",
					"pivot": [5.5, 9.3, -7.75],
					"cubes": [
						{
							"origin": [1.965, 6.876, -10.0225],
							"size": [7.07, 4.848, 4.545],
							"uv": {
								"north": {"uv": [96, 87], "uv_size": [-7, 5]},
								"east": {"uv": [15, 97], "uv_size": [-5, 5]},
								"south": {"uv": [53, 90], "uv_size": [-7, 5]},
								"west": {"uv": [10, 97], "uv_size": [-5, 5]},
								"up": {"uv": [60, 90], "uv_size": [-7, 5]},
								"down": {"uv": [98, 45], "uv_size": [-7, -5]}
							}
						}
					]
				},
				{
					"name": "mos1",
					"parent": "face",
					"pivot": [0, 10.3, -8.05],
					"cubes": [
						{
							"origin": [-2, 8.8, -8.05],
							"size": [4, 3, 0],
							"uv": {
								"north": {"uv": [109, 31], "uv_size": [4, 3]},
								"east": {"uv": [0, 0], "uv_size": [0, 3]},
								"south": {"uv": [89, 109], "uv_size": [4, 3]},
								"west": {"uv": [0, 0], "uv_size": [0, 3]},
								"up": {"uv": [0, 0], "uv_size": [4, 0]},
								"down": {"uv": [0, 0], "uv_size": [4, 0]}
							}
						}
					]
				},
				{
					"name": "mos2",
					"parent": "face",
					"pivot": [0, 10.3, -8.05],
					"cubes": [
						{
							"origin": [-2, 8.8, -8.05],
							"size": [4, 3, 0],
							"uv": {
								"north": {"uv": [109, 95], "uv_size": [4, 3]},
								"east": {"uv": [0, 0], "uv_size": [0, 3]},
								"south": {"uv": [109, 98], "uv_size": [4, 3]},
								"west": {"uv": [0, 0], "uv_size": [0, 3]},
								"up": {"uv": [0, 0], "uv_size": [4, 0]},
								"down": {"uv": [0, 0], "uv_size": [4, 0]}
							}
						}
					]
				},
				{
					"name": "yl",
					"parent": "face",
					"pivot": [5, 13.3, -8.05]
				},
				{
					"name": "left_eye_yl",
					"parent": "yl",
					"pivot": [0, 13.3, -8.05],
					"cubes": [
						{
							"origin": [3, 7.8, -8.05],
							"size": [4, 7, 0],
							"uv": {
								"north": {"uv": [42, 93], "uv_size": [4, 7]},
								"east": {"uv": [0, 0], "uv_size": [0, 7]},
								"south": {"uv": [24, 94], "uv_size": [4, 7]},
								"west": {"uv": [0, 0], "uv_size": [0, 7]},
								"up": {"uv": [0, 0], "uv_size": [4, 0]},
								"down": {"uv": [0, 0], "uv_size": [4, 0]}
							}
						},
						{
							"origin": [-7, 7.8, -8.05],
							"size": [4, 7, 0],
							"uv": {
								"north": {"uv": [28, 94], "uv_size": [4, 7]},
								"east": {"uv": [0, 0], "uv_size": [0, 7]},
								"south": {"uv": [46, 95], "uv_size": [4, 7]},
								"west": {"uv": [0, 0], "uv_size": [0, 7]},
								"up": {"uv": [0, 0], "uv_size": [4, 0]},
								"down": {"uv": [0, 0], "uv_size": [4, 0]}
							}
						}
					]
				},
				{
					"name": "left_eye",
					"parent": "face",
					"pivot": [4.5, 14.3, -8.05],
					"cubes": [
						{
							"origin": [2, 11.8, -8.1],
							"size": [5, 5, 0],
							"uv": {
								"north": {"uv": [32, 96], "uv_size": [5, 5]},
								"east": {"uv": [0, 0], "uv_size": [0, 5]},
								"south": {"uv": [96, 32], "uv_size": [5, 5]},
								"west": {"uv": [0, 0], "uv_size": [0, 5]},
								"up": {"uv": [0, 0], "uv_size": [5, 0]},
								"down": {"uv": [0, 0], "uv_size": [5, 0]}
							}
						}
					]
				},
				{
					"name": "left_red_eye",
					"parent": "left_eye",
					"pivot": [0, 0, 0],
					"cubes": [
						{
							"origin": [2, 11.8, -8.15],
							"size": [5, 5, 0],
							"uv": {
								"north": {"uv": [37, 96], "uv_size": [5, 5]},
								"east": {"uv": [0, 0], "uv_size": [0, 5]},
								"south": {"uv": [67, 96], "uv_size": [5, 5]},
								"west": {"uv": [0, 0], "uv_size": [0, 5]},
								"up": {"uv": [0, 0], "uv_size": [5, 0]},
								"down": {"uv": [0, 0], "uv_size": [5, 0]}
							}
						}
					]
				},
				{
					"name": "right_eye",
					"parent": "face",
					"pivot": [-4.5, 14.3, -8.05],
					"cubes": [
						{
							"origin": [-7, 11.8, -8.1],
							"size": [5, 5, 0],
							"uv": {
								"north": {"uv": [72, 96], "uv_size": [5, 5]},
								"east": {"uv": [0, 0], "uv_size": [0, 5]},
								"south": {"uv": [96, 82], "uv_size": [5, 5]},
								"west": {"uv": [0, 0], "uv_size": [0, 5]},
								"up": {"uv": [0, 0], "uv_size": [5, 0]},
								"down": {"uv": [0, 0], "uv_size": [5, 0]}
							}
						}
					]
				},
				{
					"name": "right_red_eye",
					"parent": "right_eye",
					"pivot": [0, 0, 0],
					"cubes": [
						{
							"origin": [-7, 11.8, -8.15],
							"size": [5, 5, 0],
							"uv": {
								"north": {"uv": [96, 87], "uv_size": [5, 5]},
								"east": {"uv": [0, 0], "uv_size": [0, 5]},
								"south": {"uv": [0, 97], "uv_size": [5, 5]},
								"west": {"uv": [0, 0], "uv_size": [0, 5]},
								"up": {"uv": [0, 0], "uv_size": [5, 0]},
								"down": {"uv": [0, 0], "uv_size": [5, 0]}
							}
						}
					]
				},
				{
					"name": "iron_head",
					"parent": "headdd",
					"pivot": [-0.34773, 21.1713, -4.41539],
					"cubes": [
						{
							"origin": [-4.5, 19.8, -9.25],
							"size": [7, 7, 7],
							"pivot": [-3.5, 24.3, -2.75],
							"rotation": [10, 0, -15],
							"uv": {
								"north": {"uv": [64, 80], "uv_size": [7, 7]},
								"east": {"uv": [82, 82], "uv_size": [7, 7]},
								"south": {"uv": [84, 43], "uv_size": [7, 7]},
								"west": {"uv": [84, 50], "uv_size": [7, 7]},
								"up": {"uv": [84, 57], "uv_size": [7, 7]},
								"down": {"uv": [71, 91], "uv_size": [7, -7]}
							}
						},
						{
							"origin": [-5, 15.95, -8.05],
							"size": [10, 5.8, 9.5],
							"uv": {
								"north": {"uv": [42, 82], "uv_size": [10, 6]},
								"east": {"uv": [82, 64], "uv_size": [10, 6]},
								"south": {"uv": [82, 70], "uv_size": [10, 6]},
								"west": {"uv": [82, 76], "uv_size": [10, 6]},
								"up": {"uv": [64, 48], "uv_size": [10, 10]},
								"down": {"uv": [64, 68], "uv_size": [10, -10]}
							}
						}
					]
				},
				{
					"name": "lhh",
					"parent": "headdd",
					"pivot": [0, 9.9, -8.75]
				},
				{
					"name": "lhhh",
					"parent": "lhh",
					"pivot": [0, 9.9, -12.75],
					"cubes": [
						{
							"origin": [-4, 5.9, -20.75],
							"size": [8, 25, 8],
							"pivot": [0, 9.9, -16.75],
							"rotation": [90, 0, 0],
							"uv": {
								"north": {"uv": [8, 62], "uv_size": [8, 25]},
								"east": {"uv": [8, 62], "uv_size": [8, 25]},
								"south": {"uv": [8, 62], "uv_size": [8, 25]},
								"west": {"uv": [8, 62], "uv_size": [8, 25]},
								"up": {"uv": [56, 86], "uv_size": [8, -8]},
								"down": {"uv": [56, 86], "uv_size": [8, -8]}
							}
						}
					]
				},
				{
					"name": "lhh_hit",
					"parent": "lhh",
					"pivot": [0, 9.9, -39.75]
				},
				{
					"name": "lhh_hit1",
					"parent": "lhh_hit",
					"pivot": [0, 9.9, -39.75],
					"cubes": [
						{
							"origin": [-3, 7.9, -42.75],
							"size": [6, 4, 6],
							"pivot": [0, 9.9, -39.75],
							"rotation": [90, 0, 45],
							"uv": {
								"north": {"uv": [74, 64], "uv_size": [8, 4]},
								"east": {"uv": [16, 85], "uv_size": [12, 4]},
								"south": {"uv": [91, 60], "uv_size": [8, 4]},
								"west": {"uv": [52, 86], "uv_size": [12, 4]},
								"up": {"uv": [64, 68], "uv_size": [8, 12]},
								"down": {"uv": [48, 82], "uv_size": [8, -12]}
							}
						}
					]
				},
				{
					"name": "lhh_hit2",
					"parent": "lhh_hit",
					"pivot": [0, 9.9, -39.75],
					"cubes": [
						{
							"origin": [-3, 7.9, -42.75],
							"size": [6, 4, 6],
							"pivot": [0, 9.9, -39.75],
							"rotation": [90, 0, 45],
							"uv": {
								"north": {"uv": [74, 64], "uv_size": [8, 4]},
								"east": {"uv": [16, 85], "uv_size": [12, 4]},
								"south": {"uv": [91, 60], "uv_size": [8, 4]},
								"west": {"uv": [52, 86], "uv_size": [12, 4]},
								"up": {"uv": [64, 68], "uv_size": [8, 12]},
								"down": {"uv": [48, 82], "uv_size": [8, -12]}
							}
						}
					]
				},
				{
					"name": "lhh_hit3",
					"parent": "lhh_hit",
					"pivot": [0, 9.9, -39.75],
					"cubes": [
						{
							"origin": [-3, 7.9, -42.75],
							"size": [6, 4, 6],
							"pivot": [0, 9.9, -39.75],
							"rotation": [90, 0, 45],
							"uv": {
								"north": {"uv": [74, 64], "uv_size": [8, 4]},
								"east": {"uv": [16, 85], "uv_size": [12, 4]},
								"south": {"uv": [91, 60], "uv_size": [8, 4]},
								"west": {"uv": [52, 86], "uv_size": [12, 4]},
								"up": {"uv": [64, 68], "uv_size": [8, 12]},
								"down": {"uv": [48, 82], "uv_size": [8, -12]}
							}
						}
					]
				},
				{
					"name": "root_item",
					"parent": "root",
					"pivot": [0, 7, 0]
				},
				{
					"name": "in_item",
					"parent": "root_item",
					"pivot": [0, 7, 0],
					"rotation": [-15, 0, 0]
				},
				{
					"name": "mother_kniff",
					"parent": "in_item",
					"pivot": [0, 7.24821, -3.556],
					"cubes": [
						{
							"origin": [-0.5, 5, -9],
							"size": [1, 1, 8],
							"pivot": [0, 8.89623, -1.9722],
							"rotation": [15, 0, 0],
							"uv": {
								"north": {"uv": [66, 100], "uv_size": [1, 1]},
								"east": {"uv": [111, 38], "uv_size": [8, 1]},
								"south": {"uv": [44, 106], "uv_size": [1, 1]},
								"west": {"uv": [111, 40], "uv_size": [8, 1]},
								"up": {"uv": [48, 110], "uv_size": [1, 8]},
								"down": {"uv": [22, 120], "uv_size": [1, -8]}
							}
						},
						{
							"origin": [-0.5, 6, -1],
							"size": [1, 4, 4],
							"pivot": [0, 8.89623, -1.9722],
							"rotation": [15, 0, 0],
							"uv": {
								"north": {"uv": [71, 80], "uv_size": [1, 4]},
								"east": {"uv": [66, 106], "uv_size": [4, 4]},
								"south": {"uv": [70, 92], "uv_size": [1, 4]},
								"west": {"uv": [106, 69], "uv_size": [4, 4]},
								"up": {"uv": [81, 102], "uv_size": [1, 4]},
								"down": {"uv": [76, 116], "uv_size": [1, -4]}
							}
						},
						{
							"origin": [-0.5, 7, 3],
							"size": [1, 2, 1],
							"pivot": [0, 8.89623, -1.9722],
							"rotation": [15, 0, 0],
							"uv": {
								"north": {"uv": [63, 90], "uv_size": [1, 2]},
								"east": {"uv": [10, 92], "uv_size": [1, 2]},
								"south": {"uv": [98, 58], "uv_size": [1, 2]},
								"west": {"uv": [101, 95], "uv_size": [1, 2]},
								"up": {"uv": [45, 106], "uv_size": [1, 1]},
								"down": {"uv": [97, 107], "uv_size": [1, -1]}
							}
						},
						{
							"origin": [-0.5, 9, -14],
							"size": [1, 2, 13],
							"pivot": [0, 8.89623, -1.9722],
							"rotation": [15, 0, 0],
							"uv": {
								"north": {"uv": [107, 34], "uv_size": [1, 2]},
								"east": {"uv": [88, 95], "uv_size": [13, 2]},
								"south": {"uv": [111, 41], "uv_size": [1, 2]},
								"west": {"uv": [96, 0], "uv_size": [13, 2]},
								"up": {"uv": [23, 107], "uv_size": [1, 13]},
								"down": {"uv": [77, 120], "uv_size": [1, -13]}
							}
						},
						{
							"origin": [-0.5, 7, -12],
							"size": [1, 1, 11],
							"pivot": [0, 8.89623, -1.9722],
							"rotation": [15, 0, 0],
							"uv": {
								"north": {"uv": [49, 107], "uv_size": [1, 1]},
								"east": {"uv": [108, 39], "uv_size": [11, 1]},
								"south": {"uv": [110, 54], "uv_size": [1, 1]},
								"west": {"uv": [109, 12], "uv_size": [11, 1]},
								"up": {"uv": [3, 110], "uv_size": [1, 11]},
								"down": {"uv": [4, 121], "uv_size": [1, -11]}
							}
						},
						{
							"origin": [-0.5, 8, -13],
							"size": [1, 1, 12],
							"pivot": [0, 8.89623, -1.9722],
							"rotation": [15, 0, 0],
							"uv": {
								"north": {"uv": [110, 85], "uv_size": [1, 1]},
								"east": {"uv": [107, 49], "uv_size": [12, 1]},
								"south": {"uv": [112, 30], "uv_size": [1, 1]},
								"west": {"uv": [107, 50], "uv_size": [12, 1]},
								"up": {"uv": [61, 108], "uv_size": [1, 12]},
								"down": {"uv": [93, 121], "uv_size": [1, -12]}
							}
						},
						{
							"origin": [-0.5, 6, -11],
							"size": [1, 1, 10],
							"pivot": [0, 8.89623, -1.9722],
							"rotation": [15, 0, 0],
							"uv": {
								"north": {"uv": [113, 69], "uv_size": [1, 1]},
								"east": {"uv": [109, 13], "uv_size": [10, 1]},
								"south": {"uv": [113, 70], "uv_size": [1, 1]},
								"west": {"uv": [109, 81], "uv_size": [10, 1]},
								"up": {"uv": [46, 72], "uv_size": [1, 10]},
								"down": {"uv": [47, 82], "uv_size": [1, -10]}
							}
						}
					]
				},
				{
					"name": "RightHandLocator",
					"parent": "in_item",
					"pivot": [0, 7, 0]
				},
				{
					"name": "armor",
					"parent": "root",
					"pivot": [0, 8, 0]
				},
				{
					"name": "armor1",
					"parent": "armor",
					"pivot": [0, 8, 0],
					"cubes": [
						{
							"origin": [-1, 7, -1],
							"size": [2, 2, 2],
							"uv": {
								"north": {"uv": [17, 113], "uv_size": [2, 2]},
								"east": {"uv": [113, 18], "uv_size": [2, 2]},
								"south": {"uv": [113, 20], "uv_size": [2, 2]},
								"west": {"uv": [24, 113], "uv_size": [2, 2]},
								"up": {"uv": [26, 113], "uv_size": [2, 2]},
								"down": {"uv": [28, 115], "uv_size": [2, -2]}
							}
						},
						{
							"origin": [-4, 6, -0.5],
							"size": [3, 3, 1],
							"pivot": [-2, 8, 0],
							"rotation": [0, 0, 45],
							"uv": {
								"north": {"uv": [39, 110], "uv_size": [3, 3]},
								"east": {"uv": [108, 23], "uv_size": [1, 3]},
								"south": {"uv": [42, 110], "uv_size": [3, 3]},
								"west": {"uv": [80, 112], "uv_size": [1, 3]},
								"up": {"uv": [42, 81], "uv_size": [3, 1]},
								"down": {"uv": [39, 88], "uv_size": [3, -1]}
							}
						},
						{
							"origin": [1, 6, -0.5],
							"size": [3, 3, 1],
							"pivot": [2, 8, 0],
							"rotation": [0, 0, -45],
							"uv": {
								"north": {"uv": [45, 110], "uv_size": [3, 3]},
								"east": {"uv": [19, 113], "uv_size": [1, 3]},
								"south": {"uv": [110, 51], "uv_size": [3, 3]},
								"west": {"uv": [55, 113], "uv_size": [1, 3]},
								"up": {"uv": [32, 92], "uv_size": [3, 1]},
								"down": {"uv": [35, 93], "uv_size": [3, -1]}
							}
						}
					]
				},
				{
					"name": "armor2",
					"parent": "armor",
					"pivot": [0, 8, 0],
					"cubes": [
						{
							"origin": [-1, 7, -1],
							"size": [2, 2, 2],
							"uv": {
								"north": {"uv": [30, 113], "uv_size": [2, 2]},
								"east": {"uv": [113, 30], "uv_size": [2, 2]},
								"south": {"uv": [32, 113], "uv_size": [2, 2]},
								"west": {"uv": [113, 32], "uv_size": [2, 2]},
								"up": {"uv": [34, 113], "uv_size": [2, 2]},
								"down": {"uv": [113, 36], "uv_size": [2, -2]}
							}
						},
						{
							"origin": [-4, 6, -0.5],
							"size": [3, 3, 1],
							"pivot": [-2, 8, 0],
							"rotation": [0, 0, 45],
							"uv": {
								"north": {"uv": [110, 61], "uv_size": [3, 3]},
								"east": {"uv": [113, 55], "uv_size": [1, 3]},
								"south": {"uv": [62, 110], "uv_size": [3, 3]},
								"west": {"uv": [56, 113], "uv_size": [1, 3]},
								"up": {"uv": [78, 93], "uv_size": [3, 1]},
								"down": {"uv": [67, 96], "uv_size": [3, -1]}
							}
						},
						{
							"origin": [1, 6, -0.5],
							"size": [3, 3, 1],
							"pivot": [2, 8, 0],
							"rotation": [0, 0, -45],
							"uv": {
								"north": {"uv": [110, 64], "uv_size": [3, 3]},
								"east": {"uv": [57, 113], "uv_size": [1, 3]},
								"south": {"uv": [65, 110], "uv_size": [3, 3]},
								"west": {"uv": [58, 113], "uv_size": [1, 3]},
								"up": {"uv": [0, 96], "uv_size": [3, 1]},
								"down": {"uv": [101, 37], "uv_size": [3, -1]}
							}
						}
					]
				},
				{
					"name": "armor3",
					"parent": "armor",
					"pivot": [0, 8, 0],
					"cubes": [
						{
							"origin": [-1, 7, -1],
							"size": [2, 2, 2],
							"uv": {
								"north": {"uv": [36, 113], "uv_size": [2, 2]},
								"east": {"uv": [113, 36], "uv_size": [2, 2]},
								"south": {"uv": [38, 113], "uv_size": [2, 2]},
								"west": {"uv": [40, 113], "uv_size": [2, 2]},
								"up": {"uv": [42, 113], "uv_size": [2, 2]},
								"down": {"uv": [44, 115], "uv_size": [2, -2]}
							}
						},
						{
							"origin": [-4, 6, -0.5],
							"size": [3, 3, 1],
							"pivot": [-2, 8, 0],
							"rotation": [0, 0, 45],
							"uv": {
								"north": {"uv": [110, 67], "uv_size": [3, 3]},
								"east": {"uv": [59, 113], "uv_size": [1, 3]},
								"south": {"uv": [68, 110], "uv_size": [3, 3]},
								"west": {"uv": [60, 113], "uv_size": [1, 3]},
								"up": {"uv": [74, 101], "uv_size": [3, 1]},
								"down": {"uv": [106, 74], "uv_size": [3, -1]}
							}
						},
						{
							"origin": [1, 6, -0.5],
							"size": [3, 3, 1],
							"pivot": [2, 8, 0],
							"rotation": [0, 0, -45],
							"uv": {
								"north": {"uv": [110, 70], "uv_size": [3, 3]},
								"east": {"uv": [113, 61], "uv_size": [1, 3]},
								"south": {"uv": [71, 110], "uv_size": [3, 3]},
								"west": {"uv": [62, 113], "uv_size": [1, 3]},
								"up": {"uv": [94, 106], "uv_size": [3, 1]},
								"down": {"uv": [113, 23], "uv_size": [3, -1]}
							}
						}
					]
				},
				{
					"name": "armor4",
					"parent": "armor",
					"pivot": [0, 8, 0],
					"cubes": [
						{
							"origin": [-1, 7, -1],
							"size": [2, 2, 2],
							"uv": {
								"north": {"uv": [46, 113], "uv_size": [2, 2]},
								"east": {"uv": [49, 113], "uv_size": [2, 2]},
								"south": {"uv": [51, 113], "uv_size": [2, 2]},
								"west": {"uv": [113, 51], "uv_size": [2, 2]},
								"up": {"uv": [53, 113], "uv_size": [2, 2]},
								"down": {"uv": [113, 55], "uv_size": [2, -2]}
							}
						},
						{
							"origin": [-4, 6, -0.5],
							"size": [3, 3, 1],
							"pivot": [-2, 8, 0],
							"rotation": [0, 0, 45],
							"uv": {
								"north": {"uv": [81, 110], "uv_size": [3, 3]},
								"east": {"uv": [63, 113], "uv_size": [1, 3]},
								"south": {"uv": [110, 82], "uv_size": [3, 3]},
								"west": {"uv": [64, 113], "uv_size": [1, 3]},
								"up": {"uv": [113, 64], "uv_size": [3, 1]},
								"down": {"uv": [65, 114], "uv_size": [3, -1]}
							}
						},
						{
							"origin": [1, 6, -0.5],
							"size": [3, 3, 1],
							"pivot": [2, 8, 0],
							"rotation": [0, 0, -45],
							"uv": {
								"north": {"uv": [84, 110], "uv_size": [3, 3]},
								"east": {"uv": [113, 65], "uv_size": [1, 3]},
								"south": {"uv": [94, 110], "uv_size": [3, 3]},
								"west": {"uv": [68, 113], "uv_size": [1, 3]},
								"up": {"uv": [113, 68], "uv_size": [3, 1]},
								"down": {"uv": [69, 114], "uv_size": [3, -1]}
							}
						}
					]
				}
			]
		}
	]
}