{
	"pack_name": "{maid_pack.zb0002.name}",
	"model_list": [
		{
			"model_id": "zb0002:00001",
			"is_gecko": true,
			"render_item_scale": 0.6,
			"render_entity_scale": 0.6,
			"animation": ["zb0002:animation/zb0002.00001.main.animation.json"]
		},
		{
			"model_id": "zb0002:00002",
			"is_gecko": true,
			"render_item_scale": 0.6,
			"render_entity_scale": 0.6,
			"animation": ["zb0002:animation/zb0002.00002.main.animation.json"]
		}
	],
	"version": "1.0.0",
	"author": ["纸板/木宁苒"],
	"description": ["{maid_pack.zb0002.desc}"],
	"icon": "zb0002:textures/maid_icon.png"
}