{
	"format_version": "1.12.0",
	"minecraft:geometry": [
		{
			"description": {
				"identifier": "geometry.unknown",
				"texture_width": 128,
				"texture_height": 128,
				"visible_bounds_width": 4,
				"visible_bounds_height": 4.5,
				"visible_bounds_offset": [0, 1.75, 0]
			},
			"bones": [
				{
					"name": "Arm",
					"pivot": [0, 31.2, 0]
				},
				{
					"name": "LeftArm",
					"parent": "Arm",
					"pivot": [4.25, 29.9, 0],
					"rotation": [0, 0, -15],
					"cubes": [
						{"origin": [2.95, 24.15, -1.6], "size": [3.25, 7, 3.3], "uv": [24, 56]}
					]
				},
				{
					"name": "LupperSleeve2",
					"parent": "LeftArm",
					"pivot": [5.2327, 25.36078, -0.07878],
					"rotation": [0, 180, 0],
					"cubes": [
						{"origin": [4.2, 24.125, -1.9], "size": [3.35, 7.1, 3.5], "uv": [33, 76]},
						{"origin": [5.1, 24.025, -2], "size": [2.45, 1.2, 3.7], "inflate": -0.01, "uv": [48, 75]},
						{"origin": [4.2, 23.925, -2.1], "size": [3.25, 1.1, 3.9], "pivot": [4.375, 24.325, -0.15], "rotation": [0, 0, -15], "uv": [78, 16]},
						{
							"origin": [4, 25.325, -1.3],
							"size": [0.25, 1.1, 3.1],
							"pivot": [4.175, 25.725, -0.15],
							"rotation": [-88.05936, -0.48375, -1.00819],
							"uv": {
								"north": {"uv": [4.032, 2.032], "uv_size": [0.5305, 0.936]},
								"east": {"uv": [0.032, 25.032], "uv_size": [2.936, 0.936]},
								"south": {"uv": [5.032, 0.032], "uv_size": [0.5305, 0.936]},
								"west": {"uv": [0.032, 27.032], "uv_size": [2.936, 0.936]},
								"up": {"uv": [29.032, 34.032], "uv_size": [0.5305, 2.936]},
								"down": {"uv": [35.032, 2.968], "uv_size": [0.5305, -2.936]}
							}
						},
						{
							"origin": [3.92115, 23.47924, -0.60691],
							"size": [0.35, 1.7, 1.3],
							"pivot": [4.09615, 24.32924, 0.04309],
							"rotation": [-88.05936, -0.48375, -1.00819],
							"uv": {
								"north": {"uv": [27.032, 25.032], "uv_size": [0.31175, 1.6555]},
								"east": {"uv": [25.032, 25.032], "uv_size": [1.2805, 1.6555]},
								"south": {"uv": [35.032, 4.032], "uv_size": [0.31175, 1.6555]},
								"west": {"uv": [0.032, 36.032], "uv_size": [1.2805, 1.6555]},
								"up": {"uv": [2.032, 36.032], "uv_size": [0.31175, 1.2805]},
								"down": {"uv": [3.032, 37.3125], "uv_size": [0.31175, -1.2805]}
							}
						},
						{"origin": [4.13943, 8.95633, -2.16626], "size": [4.3, 15.9, 0.05], "inflate": 0.02, "pivot": [6.71475, 24.54076, -2.22903], "rotation": [-7.35257, -0.12867, -10.45495], "uv": [6, 87]}
					]
				},
				{
					"name": "LeftUpperCloak",
					"parent": "LupperSleeve2",
					"pivot": [10.5, 0.1, -0.2],
					"cubes": [
						{"origin": [5.4, 25.525, -3], "size": [1.25, 6.2, 5.5], "pivot": [4.975, 27.975, 0.15], "rotation": [0, 0, -6], "uv": [83, 50]},
						{"origin": [6.7, 21.425, 2.3], "size": [1.25, 4.4, 0.1], "pivot": [6.275, 22.275, 0.05], "rotation": [0, 0, -17], "uv": [91, 86]},
						{
							"origin": [3.35942, 15.173, -3.1],
							"size": [5.05, 15.5, 0.1],
							"pivot": [7.38442, 28.473, -3.05],
							"rotation": [-6, 0, 8],
							"uv": {
								"north": {"uv": [45.032, 79.032], "uv_size": [4.936, 15.468]},
								"east": {"uv": [50.968, 79.032], "uv_size": [0, 15.468]},
								"south": {"uv": [84.032, 79.032], "uv_size": [4.936, 15.468]},
								"west": {"uv": [51.968, 79.032], "uv_size": [0, 15.468]},
								"up": {"uv": [10.032, 38.032], "uv_size": [4.936, 0]},
								"down": {"uv": [38.032, 38.968], "uv_size": [4.936, 0]}
							}
						},
						{
							"origin": [3.65942, 15.173, -2.8],
							"size": [5.05, 15.5, 0.1],
							"pivot": [7.68442, 28.473, -2.75],
							"rotation": [-5.82302, -1.44903, -5.9263],
							"uv": {
								"north": {"uv": [35.032, 86.032], "uv_size": [4.936, 15.468]},
								"east": {"uv": [23.968, 76.032], "uv_size": [0, 15.468]},
								"south": {"uv": [0.032, 87.032], "uv_size": [4.936, 15.468]},
								"west": {"uv": [25.968, 76.032], "uv_size": [0, 15.468]},
								"up": {"uv": [31.032, 24.032], "uv_size": [4.936, 0]},
								"down": {"uv": [19.032, 36.968], "uv_size": [4.936, 0]}
							}
						},
						{"origin": [3.6, 25.925, -2.9], "size": [1.95, 3.2, 5.3], "pivot": [3.875, 27.975, 0.15], "rotation": [0, 0, -71], "uv": [78, 20]},
						{"origin": [3.7, 24.225, -2.9], "size": [1.95, 3.2, 5.3], "inflate": 0.01, "pivot": [3.975, 26.275, 0.15], "rotation": [0, 0, -91], "uv": [80, 71]},
						{"origin": [3.7, 25.525, -2.7], "size": [1.75, 5.7, 4.9], "pivot": [3.475, 27.975, 0.15], "rotation": [0, 0, -6], "uv": [74, 82]}
					]
				},
				{
					"name": "Gnosis",
					"parent": "LeftUpperCloak",
					"pivot": [5.69521, 31.16777, 4.85],
					"rotation": [0, 0, -47],
					"cubes": [
						{
							"origin": [5.5, 30.525, 2.5],
							"size": [0.25, 0.3, 0.1],
							"pivot": [5.075, 28.075, 1.15],
							"rotation": [0, 0, -6],
							"uv": {
								"north": {"uv": [34.03125, 87.5625], "uv_size": [0.25, 0.3125]},
								"east": {"uv": [18.78125, 89.65625], "uv_size": [0.18675, 0.3125]},
								"south": {"uv": [15.09375, 89.5], "uv_size": [0.25, 0.3125]},
								"west": {"uv": [22.46875, 89.65625], "uv_size": [0.25, 0.3125]},
								"up": {"uv": [25.5625, 89.03125], "uv_size": [0.25, 0.09375]},
								"down": {"uv": [29.5625, 88.34375], "uv_size": [0.25, -0.09375]}
							}
						},
						{
							"origin": [4.71421, 29.97815, 2.6],
							"size": [0.55, 0.6, 0.1],
							"inflate": 0.01,
							"pivot": [5.03921, 30.32815, 2.65],
							"rotation": [0, 0, -1],
							"uv": {
								"north": {"uv": [3.032, 4.032], "uv_size": [0.4055, 0.468]},
								"east": {"uv": [3.968, 4.032], "uv_size": [0, 0.468]},
								"south": {"uv": [4.032, 3.032], "uv_size": [0.4055, 0.468]},
								"west": {"uv": [4.968, 1.032], "uv_size": [0, 0.468]},
								"up": {"uv": [6.032, 18.032], "uv_size": [0.4055, 0]},
								"down": {"uv": [7.032, 17.968], "uv_size": [0.4055, 0]}
							}
						}
					]
				},
				{
					"name": "GnosisRing",
					"parent": "Gnosis",
					"pivot": [4, 29.3, 1.2],
					"rotation": [0, 90, 0],
					"cubes": [
						{
							"origin": [2.5, 28.67868, -0.3],
							"size": [0.2, 1.24264, 0.4],
							"pivot": [4, 29.3, 1.2],
							"rotation": [-45, 0, 0],
							"uv": {
								"north": {"uv": [3.032, 25.032], "uv_size": [0.1555, 0.37425]},
								"east": {"uv": [3.032, 25.032], "uv_size": [0.1555, 0.37425]},
								"south": {"uv": [3.032, 25.032], "uv_size": [0.1555, 0.37425]},
								"west": {"uv": [3.032, 25.032], "uv_size": [0.1555, 0.37425]},
								"up": {"uv": [3.032, 25.032], "uv_size": [0.1555, 0.37425]},
								"down": {"uv": [3.032, 25.40625], "uv_size": [0.1555, -0.37425]}
							}
						},
						{
							"origin": [2.5, 28.67868, -0.3],
							"size": [0.2, 1.24264, 0.4],
							"uv": {
								"north": {"uv": [3.032, 25.032], "uv_size": [0.1555, 0.37425]},
								"east": {"uv": [3.032, 25.032], "uv_size": [0.1555, 0.37425]},
								"south": {"uv": [3.032, 25.032], "uv_size": [0.1555, 0.37425]},
								"west": {"uv": [3.032, 25.032], "uv_size": [0.1555, 0.37425]},
								"up": {"uv": [3.032, 25.032], "uv_size": [0.1555, 0.37425]},
								"down": {"uv": [3.032, 25.40625], "uv_size": [0.1555, -0.37425]}
							}
						},
						{
							"origin": [2.5, 28.67868, 2.3],
							"size": [0.2, 1.24264, 0.4],
							"pivot": [4, 29.3, 1.2],
							"rotation": [-45, 0, 0],
							"uv": {
								"north": {"uv": [3.032, 25.032], "uv_size": [0.1555, 0.37425]},
								"east": {"uv": [3.032, 25.032], "uv_size": [0.1555, 0.37425]},
								"south": {"uv": [3.032, 25.032], "uv_size": [0.1555, 0.37425]},
								"west": {"uv": [3.032, 25.032], "uv_size": [0.1555, 0.37425]},
								"up": {"uv": [3.032, 25.032], "uv_size": [0.1555, 0.37425]},
								"down": {"uv": [3.032, 25.40625], "uv_size": [0.1555, -0.37425]}
							}
						},
						{
							"origin": [2.5, 28.67868, 2.3],
							"size": [0.2, 1.24264, 0.4],
							"uv": {
								"north": {"uv": [3.032, 25.032], "uv_size": [0.1555, 0.37425]},
								"east": {"uv": [3.032, 25.032], "uv_size": [0.1555, 0.37425]},
								"south": {"uv": [3.032, 25.032], "uv_size": [0.1555, 0.37425]},
								"west": {"uv": [3.032, 25.032], "uv_size": [0.1555, 0.37425]},
								"up": {"uv": [3.032, 25.032], "uv_size": [0.1555, 0.37425]},
								"down": {"uv": [3.032, 25.40625], "uv_size": [0.1555, -0.37425]}
							}
						},
						{
							"origin": [2.5, 27.8, 0.57868],
							"size": [0.2, 0.4, 1.24264],
							"pivot": [4, 29.3, 1.2],
							"rotation": [-45, 0, 0],
							"uv": {
								"north": {"uv": [3.032, 25.032], "uv_size": [0.1555, 0.37425]},
								"east": {"uv": [3.032, 25.032], "uv_size": [0.1555, 0.37425]},
								"south": {"uv": [3.032, 25.032], "uv_size": [0.1555, 0.37425]},
								"west": {"uv": [3.032, 25.032], "uv_size": [0.1555, 0.37425]},
								"up": {"uv": [3.032, 25.032], "uv_size": [0.1555, 0.37425]},
								"down": {"uv": [3.032, 25.40625], "uv_size": [0.1555, -0.37425]}
							}
						},
						{
							"origin": [2.5, 27.8, 0.57868],
							"size": [0.2, 0.4, 1.24264],
							"uv": {
								"north": {"uv": [3.032, 25.032], "uv_size": [0.1555, 0.37425]},
								"east": {"uv": [3.032, 25.032], "uv_size": [0.1555, 0.37425]},
								"south": {"uv": [3.032, 25.032], "uv_size": [0.1555, 0.37425]},
								"west": {"uv": [3.032, 25.032], "uv_size": [0.1555, 0.37425]},
								"up": {"uv": [3.032, 25.032], "uv_size": [0.1555, 0.37425]},
								"down": {"uv": [3.032, 25.40625], "uv_size": [0.1555, -0.37425]}
							}
						},
						{
							"origin": [2.5, 30.4, 0.57868],
							"size": [0.2, 0.4, 1.24264],
							"pivot": [4, 29.3, 1.2],
							"rotation": [-45, 0, 0],
							"uv": {
								"north": {"uv": [3.032, 25.032], "uv_size": [0.1555, 0.37425]},
								"east": {"uv": [3.032, 25.032], "uv_size": [0.1555, 0.37425]},
								"south": {"uv": [3.032, 25.032], "uv_size": [0.1555, 0.37425]},
								"west": {"uv": [3.032, 25.032], "uv_size": [0.1555, 0.37425]},
								"up": {"uv": [3.032, 25.032], "uv_size": [0.1555, 0.37425]},
								"down": {"uv": [3.032, 25.40625], "uv_size": [0.1555, -0.37425]}
							}
						},
						{
							"origin": [2.5, 30.4, 0.57868],
							"size": [0.2, 0.4, 1.24264],
							"uv": {
								"north": {"uv": [3.032, 25.032], "uv_size": [0.1555, 0.37425]},
								"east": {"uv": [3.032, 25.032], "uv_size": [0.1555, 0.37425]},
								"south": {"uv": [3.032, 25.032], "uv_size": [0.1555, 0.37425]},
								"west": {"uv": [3.032, 25.032], "uv_size": [0.1555, 0.37425]},
								"up": {"uv": [3.032, 25.032], "uv_size": [0.1555, 0.37425]},
								"down": {"uv": [3.032, 25.40625], "uv_size": [0.1555, -0.37425]}
							}
						},
						{
							"origin": [2.5, 28.4, -0.12132],
							"size": [0.2, 1.7, 1.64264],
							"inflate": -0.01,
							"pivot": [2.6, 28.8, 0.7],
							"rotation": [-46, 0, 0],
							"uv": {
								"north": {"uv": [0.032, 26.032], "uv_size": [0.1555, 0.37425]},
								"east": {"uv": [0.032, 26.032], "uv_size": [0.1555, 0.37425]},
								"south": {"uv": [0.032, 26.032], "uv_size": [0.1555, 0.37425]},
								"west": {"uv": [0.032, 26.032], "uv_size": [0.1555, 0.37425]},
								"up": {"uv": [3.032, 26.032], "uv_size": [0.1555, 1.218]},
								"down": {"uv": [10.032, 37.25], "uv_size": [0.1555, -1.218]}
							}
						},
						{
							"origin": [2.4, 27.98683, -0.09663],
							"size": [0.2, 0.4, 0.44265],
							"pivot": [2.5, 28.18683, 0.0747],
							"rotation": [6, 0, 0],
							"uv": {
								"north": {"uv": [0.032, 28.032], "uv_size": [0.1555, 0.37425]},
								"east": {"uv": [0.032, 28.032], "uv_size": [0.1555, 0.37425]},
								"south": {"uv": [0.032, 28.032], "uv_size": [0.1555, 0.37425]},
								"west": {"uv": [0.032, 28.032], "uv_size": [0.1555, 0.37425]},
								"up": {"uv": [1.032, 26.032], "uv_size": [0.1555, 0.49925]},
								"down": {"uv": [2.032, 26.53125], "uv_size": [0.1555, -0.49925]}
							}
						},
						{
							"origin": [2.4, 27.38683, -0.59663],
							"size": [0.2, 0.5, 0.54265],
							"pivot": [2.5, 27.68683, -0.3253],
							"rotation": [7, 0, 0],
							"uv": {
								"north": {"uv": [3.032, 28.032], "uv_size": [0.1555, 0.468]},
								"east": {"uv": [3.032, 28.032], "uv_size": [0.1555, 0.468]},
								"south": {"uv": [3.032, 28.032], "uv_size": [0.1555, 0.468]},
								"west": {"uv": [3.032, 28.032], "uv_size": [0.1555, 0.468]},
								"up": {"uv": [1.032, 28.032], "uv_size": [0.1555, 0.49925]},
								"down": {"uv": [2.032, 28.53125], "uv_size": [0.1555, -0.49925]}
							}
						},
						{
							"origin": [2.4, 26.68683, -1.19663],
							"size": [0.2, 0.6, 0.64265],
							"pivot": [2.5, 26.98683, -0.9253],
							"rotation": [7, 0, 0],
							"uv": {
								"north": {"uv": [29.032, 24.032], "uv_size": [0.1555, 0.468]},
								"east": {"uv": [29.032, 24.032], "uv_size": [0.1555, 0.468]},
								"south": {"uv": [29.032, 24.032], "uv_size": [0.1555, 0.468]},
								"west": {"uv": [29.032, 24.032], "uv_size": [0.1555, 0.468]},
								"up": {"uv": [28.032, 21.032], "uv_size": [0.1555, 0.49925]},
								"down": {"uv": [28.032, 24.53125], "uv_size": [0.1555, -0.49925]}
							}
						},
						{
							"origin": [2.4, 26.48683, -1.39663],
							"size": [0.2, 0.6, 0.64265],
							"inflate": -0.01,
							"pivot": [2.5, 26.78683, -1.1253],
							"rotation": [7, 0, 0],
							"uv": {
								"north": {"uv": [30.032, 13.032], "uv_size": [0.1555, 0.56175]},
								"east": {"uv": [30.032, 13.032], "uv_size": [0.1555, 0.56175]},
								"south": {"uv": [30.032, 13.032], "uv_size": [0.1555, 0.56175]},
								"west": {"uv": [30.032, 13.032], "uv_size": [0.1555, 0.56175]},
								"up": {"uv": [30.032, 0.032], "uv_size": [0.1555, 0.62425]},
								"down": {"uv": [30.032, 5.65625], "uv_size": [0.1555, -0.62425]}
							}
						},
						{
							"origin": [2.4, 26.28683, -1.59663],
							"size": [0.2, 0.6, 0.64265],
							"inflate": -0.02,
							"pivot": [2.5, 26.58683, -1.3253],
							"rotation": [7, 0, 0],
							"uv": {
								"north": {"uv": [31.032, 0.032], "uv_size": [0.1555, 0.56175]},
								"east": {"uv": [31.032, 0.032], "uv_size": [0.1555, 0.56175]},
								"south": {"uv": [31.032, 0.032], "uv_size": [0.1555, 0.56175]},
								"west": {"uv": [31.032, 0.032], "uv_size": [0.1555, 0.56175]},
								"up": {"uv": [30.032, 15.032], "uv_size": [0.1555, 0.62425]},
								"down": {"uv": [30.032, 24.65625], "uv_size": [0.1555, -0.62425]}
							}
						}
					]
				},
				{
					"name": "ysmGlowGnosisGem",
					"parent": "GnosisRing",
					"pivot": [2.6, 28.8, 0.7],
					"cubes": [
						{
							"origin": [2.6, 28.5, 0.07868],
							"size": [0.1, 1.5, 1.24264],
							"inflate": -0.01,
							"pivot": [2.6, 28.8, 0.7],
							"rotation": [-46, 0, 0],
							"uv": {
								"north": {"uv": [11.032, 36.032], "uv_size": [0.1555, 1.6555]},
								"east": {"uv": [11.032, 36.032], "uv_size": [0.1555, 1.6555]},
								"south": {"uv": [11.032, 36.032], "uv_size": [0.1555, 1.6555]},
								"west": {"uv": [11.032, 36.032], "uv_size": [0.1555, 1.6555]},
								"up": {"uv": [12.032, 36.032], "uv_size": [0.1555, 1.62425]},
								"down": {"uv": [13.032, 37.65625], "uv_size": [0.1555, -1.62425]}
							}
						}
					]
				},
				{
					"name": "LeftForeArm",
					"parent": "LeftArm",
					"pivot": [4.475, 24.25, 0.025],
					"cubes": [
						{"origin": [2.975, 17.225, -1.575], "size": [3.2, 8, 3.3], "uv": [0, 49]}
					]
				},
				{
					"name": "LeftHand",
					"parent": "LeftForeArm",
					"pivot": [4.575, 18.725, 0.025]
				},
				{
					"name": "LeftHandLocator",
					"parent": "LeftHand",
					"pivot": [4.575, 18.725, 0.025],
					"cubes": [
						{"origin": [4.075, 18.225, -0.475], "size": [1, 1, 1], "uv": [36, 74]}
					]
				},
				{
					"name": "LArmsleeve2",
					"parent": "LeftForeArm",
					"pivot": [10.5, 0, -0.3],
					"cubes": [
						{"origin": [2.825, 19, -1.675], "size": [3.4, 6, 3.5], "uv": [78, 5]},
						{"origin": [2.825, 17.1, -1.675], "size": [3.4, 1.9, 3.5], "pivot": [4.525, 18.05, 0.075], "rotation": [0, 180, 0], "uv": [71, 76]}
					]
				},
				{
					"name": "RightArm",
					"parent": "Arm",
					"pivot": [-4.25, 29.775, 0],
					"rotation": [0, 0, 15],
					"cubes": [
						{"origin": [-6.2, 24.025, -1.6], "size": [3.25, 7, 3.3], "uv": [36, 56]}
					]
				},
				{
					"name": "RupperSleeve",
					"parent": "RightArm",
					"pivot": [0, 0.1, 0],
					"cubes": [
						{"origin": [-6.3, 24.125, -1.7], "size": [3.35, 7.1, 3.5], "uv": [33, 76]},
						{"origin": [-5.4, 24.025, -1.8], "size": [2.45, 1.2, 3.7], "inflate": -0.01, "uv": [48, 75]},
						{"origin": [-6.3, 23.925, -1.9], "size": [3.25, 1.1, 3.9], "pivot": [-6.125, 24.325, 0.05], "rotation": [0, 0, -15], "uv": [78, 16]},
						{
							"origin": [-6.5, 25.325, -1.1],
							"size": [0.25, 1.1, 3.1],
							"pivot": [-6.325, 25.725, 0.05],
							"rotation": [-88.05936, -0.48375, -1.00819],
							"uv": {
								"north": {"uv": [4.032, 2.032], "uv_size": [0.5305, 0.936]},
								"east": {"uv": [0.032, 25.032], "uv_size": [2.936, 0.936]},
								"south": {"uv": [5.032, 0.032], "uv_size": [0.5305, 0.936]},
								"west": {"uv": [0.032, 27.032], "uv_size": [2.936, 0.936]},
								"up": {"uv": [29.032, 34.032], "uv_size": [0.5305, 2.936]},
								"down": {"uv": [35.032, 2.968], "uv_size": [0.5305, -2.936]}
							}
						},
						{
							"origin": [-6.57885, 23.47924, -0.40691],
							"size": [0.35, 1.7, 1.3],
							"pivot": [-6.40385, 24.32924, 0.24309],
							"rotation": [-88.05936, -0.48375, -1.00819],
							"uv": {
								"north": {"uv": [27.032, 25.032], "uv_size": [0.31175, 1.6555]},
								"east": {"uv": [25.032, 25.032], "uv_size": [1.2805, 1.6555]},
								"south": {"uv": [35.032, 4.032], "uv_size": [0.31175, 1.6555]},
								"west": {"uv": [0.032, 36.032], "uv_size": [1.2805, 1.6555]},
								"up": {"uv": [2.032, 36.032], "uv_size": [0.31175, 1.2805]},
								"down": {"uv": [3.032, 37.3125], "uv_size": [0.31175, -1.2805]}
							}
						},
						{"origin": [-6.16057, 9.45633, 1.93374], "size": [4.3, 15.7, 0.05], "inflate": 0.02, "pivot": [-3.58525, 24.84076, 1.87097], "rotation": [4.94394, -3.20575, -9.50071], "uv": [6, 87]}
					]
				},
				{
					"name": "RightForeArm",
					"parent": "RightArm",
					"pivot": [-4.475, 24.225, 0.025],
					"cubes": [
						{"origin": [-6.175, 17.2, -1.575], "size": [3.2, 8, 3.3], "uv": [12, 56]}
					]
				},
				{
					"name": "RArmsleeve",
					"parent": "RightForeArm",
					"pivot": [0, 0, 0],
					"cubes": [
						{"origin": [-6.275, 19, -1.675], "size": [3.4, 6, 3.5], "uv": [78, 5]},
						{"origin": [-6.275, 17.1, -1.675], "size": [3.4, 1.9, 3.5], "uv": [71, 76]}
					]
				},
				{
					"name": "RightHand",
					"parent": "RightForeArm",
					"pivot": [-4.575, 18.825, 0.025],
					"cubes": [
						{"origin": [-5.075, 18.325, -0.475], "size": [1, 1, 1], "uv": [74, 48]}
					]
				},
				{
					"name": "RightHandLocator",
					"parent": "RightHand",
					"pivot": [-4.575, 18.825, 0.025],
					"cubes": [
						{"origin": [-5.075, 18.325, -0.475], "size": [1, 1, 1], "uv": [74, 50]}
					]
				}
			]
		}
	]
}