{
	"format_version": "1.12.0",
	"minecraft:geometry": [
		{
			"description": {
				"identifier": "geometry.unknown",
				"texture_width": 128,
				"texture_height": 128,
				"visible_bounds_width": 4,
				"visible_bounds_height": 4.5,
				"visible_bounds_offset": [0, 1.75, 0]
			},
			"bones": [
				{
					"name": "Root",
					"pivot": [0, 0, 0]
				},
				{
					"name": "AllBody",
					"parent": "Root",
					"pivot": [0, 20, 0]
				},
				{
					"name": "UpBody",
					"parent": "AllBody",
					"pivot": [0, 24, 0],
					"cubes": [
						{
							"origin": [0.35, 22.82247, -2.15834],
							"size": [0.7, 0.7, 0.7],
							"pivot": [0.5, 23.42247, -1.73334],
							"rotation": [-7.5, 0, 0],
							"uv": {
								"north": {"uv": [0.032, 0.032], "uv_size": [-0.064, -0.064]},
								"east": {"uv": [0.032, 0.032], "uv_size": [-0.064, -0.064]},
								"south": {"uv": [0.032, 0.032], "uv_size": [-0.064, -0.064]},
								"west": {"uv": [0.032, 0.032], "uv_size": [-0.064, -0.064]},
								"up": {"uv": [-0.032, -0.032], "uv_size": [0.064, 0.064]},
								"down": {"uv": [-0.032, -0.032], "uv_size": [0.064, 0.064]}
							}
						},
						{"origin": [-0.95, 22.82247, -2.15834], "size": [0.7, 0.7, 0.7], "pivot": [-0.4, 23.42247, -1.73334], "rotation": [-7.5, 0, 0], "uv": [0, 0]},
						{"origin": [0.35, 24.97247, -2.08334], "size": [0.7, 0.7, 0.7], "uv": [0, 0]},
						{
							"origin": [-4, 30.575, -1.9],
							"size": [8, 0.9, 4.2],
							"inflate": 0.01,
							"uv": {
								"north": {"uv": [20.032, 22.032], "uv_size": [7.936, 0.87425]},
								"east": {"uv": [20.032, 25.032], "uv_size": [4.1555, 0.87425]},
								"south": {"uv": [20.032, 23.032], "uv_size": [7.936, 0.87425]},
								"west": {"uv": [20.032, 26.032], "uv_size": [4.1555, 0.87425]},
								"up": {"uv": [22.032, 3.032], "uv_size": [7.936, 4.1555]},
								"down": {"uv": [28.032, 20.1875], "uv_size": [7.936, -4.1555]}
							}
						},
						{"origin": [-0.85, 24.97247, -2.08334], "size": [0.7, 0.7, 0.7], "uv": [0, 0]},
						{"origin": [-4, 23.75, -2.325], "size": [8, 7, 4.65], "uv": [0, 25]}
					]
				},
				{
					"name": "Upperrobes",
					"parent": "UpBody",
					"pivot": [0, 0, 0],
					"cubes": [
						{"origin": [-1.8, 28, -2.6], "size": [3.6, 3.4, 0.1], "uv": [27, 79]}
					]
				},
				{
					"name": "Robes",
					"parent": "Upperrobes",
					"pivot": [-0.4, 23.675, -0.2],
					"rotation": [0, 0, 17],
					"cubes": [
						{
							"origin": [-3.3, 21.175, -2.5],
							"size": [7.6, 2.5, 5],
							"inflate": 0.02,
							"pivot": [0.3, 22.925, -0.2],
							"rotation": [0, 0, -36],
							"uv": {
								"north": {"uv": [27.032, 1.032], "uv_size": [7.936, 1.468]},
								"east": {"uv": [44.032, 2.032], "uv_size": [4.56175, 1.468]},
								"south": {"uv": [20.032, 27.032], "uv_size": [7.936, 1.468]},
								"west": {"uv": [44.032, 4.032], "uv_size": [4.56175, 1.468]},
								"up": {"uv": [36.032, 15.032], "uv_size": [7.936, 4.56175]},
								"down": {"uv": [38.032, 38.59375], "uv_size": [7.936, -4.56175]}
							}
						},
						{
							"origin": [-3.3, 20.675, -2.4],
							"size": [7.6, 2.2, 4.8],
							"inflate": 0.03,
							"pivot": [0.3, 22.425, -0.3],
							"rotation": [0, 0, -14],
							"uv": {
								"north": {"uv": [43.032, 9.032], "uv_size": [7.936, 1.1555]},
								"east": {"uv": [30.032, 9.032], "uv_size": [4.56175, 1.1555]},
								"south": {"uv": [44.032, 25.032], "uv_size": [7.936, 1.1555]},
								"west": {"uv": [44.032, 39.032], "uv_size": [4.56175, 1.1555]},
								"up": {"uv": [44.032, 16.032], "uv_size": [7.936, 4.56175]},
								"down": {"uv": [74.032, 60.59375], "uv_size": [7.936, -4.56175]}
							}
						},
						{
							"origin": [-3.6, 21.375, -2.5],
							"size": [7.4, 2.5, 5],
							"inflate": 0.01,
							"pivot": [-0.2, 23.125, -0.2],
							"rotation": [0, 0, 4],
							"uv": {
								"north": {"uv": [22.032, 38.032], "uv_size": [7.7805, 1.468]},
								"east": {"uv": [30.032, 11.032], "uv_size": [4.56175, 1.468]},
								"south": {"uv": [24.032, 43.032], "uv_size": [7.7805, 1.468]},
								"west": {"uv": [24.032, 34.032], "uv_size": [4.56175, 1.468]},
								"up": {"uv": [75.032, 66.032], "uv_size": [7.7805, 4.56175]},
								"down": {"uv": [76.032, 4.59375], "uv_size": [7.7805, -4.56175]}
							}
						},
						{
							"origin": [-3.6, 21.375, -2.6],
							"size": [5.9, 1.8, 5],
							"inflate": 0.01,
							"pivot": [-0.2, 23.125, -0.3],
							"rotation": [0, 0, 4],
							"uv": {
								"north": {"uv": [19.032, 36.032], "uv_size": [6.2805, 0.7805]},
								"east": {"uv": [30.032, 3.032], "uv_size": [4.56175, 0.7805]},
								"south": {"uv": [36.032, 20.032], "uv_size": [6.2805, 0.7805]},
								"west": {"uv": [30.032, 4.032], "uv_size": [4.56175, 0.7805]},
								"up": {"uv": [53.032, 34.032], "uv_size": [6.2805, 4.56175]},
								"down": {"uv": [57.032, 25.59375], "uv_size": [6.2805, -4.56175]}
							}
						},
						{"origin": [-6.1, 21.25, -2.525], "size": [3.1, 10.3, 5.25], "inflate": 0.02, "pivot": [-2.1, 28.05, -0.2], "rotation": [-1.03662, -0.0773, -21.99045], "uv": [76, 29]},
						{"origin": [-0.2, 22.85, -2.525], "size": [3.1, 10.3, 5.25], "inflate": 0.02, "pivot": [3.8, 29.65, -0.2], "rotation": [-1.03902, 0.03148, -15.99144], "uv": [55, 76]}
					]
				},
				{
					"name": "Undershirt",
					"parent": "Upperrobes",
					"pivot": [0, 0, 0],
					"cubes": [
						{"origin": [-4, 23.65, -2.325], "size": [8, 7.1, 4.65], "inflate": 0.02, "uv": [0, 76]},
						{
							"origin": [-4.1, 30.575, -2.2],
							"size": [8.2, 1, 4.6],
							"inflate": 0.01,
							"uv": {
								"north": {"uv": [20.032, 21.032], "uv_size": [7.936, 0.87425]},
								"east": {"uv": [22.032, 1.032], "uv_size": [4.1555, 0.87425]},
								"south": {"uv": [22.032, 0.032], "uv_size": [7.936, 0.87425]},
								"west": {"uv": [22.032, 2.032], "uv_size": [4.1555, 0.87425]},
								"up": {"uv": [0.032, 19.032], "uv_size": [7.936, 4.1555]},
								"down": {"uv": [20.032, 20.1875], "uv_size": [7.936, -4.1555]}
							}
						}
					]
				},
				{
					"name": "AllHead",
					"parent": "UpBody",
					"pivot": [0, 31.2, 0],
					"cubes": [
						{"origin": [-1.5, 30.925, -1.525], "size": [3, 2, 3], "uv": [48, 56]},
						{"origin": [-1.6, 30.85, -1.6], "size": [3.2, 2, 3.2], "inflate": 0.01, "uv": [56, 50]}
					]
				},
				{
					"name": "Head",
					"parent": "AllHead",
					"pivot": [0, 32, 0],
					"cubes": [
						{"origin": [-3.5, 32.05, -4], "size": [7, 8, 8], "uv": [0, 0]},
						{"origin": [-4.57678, 33.25, -1.67678], "size": [2, 2.3, 1], "pivot": [-3.6, 34.75, -1], "rotation": [8.64388, 29.7174, 4.30963], "uv": [68, 67]},
						{"origin": [2.57678, 33.25, -1.67678], "size": [2, 2.3, 1], "pivot": [3.6, 34.75, -1], "rotation": [8.64388, -29.7174, -4.30963], "uv": [70, 39]},
						{"origin": [-1.5, 30.85, -1.5], "size": [3, 2, 3], "inflate": 0.01, "uv": [56, 50]},
						{"origin": [-1.5, 32.03223, -0.73223], "size": [3, 2.12132, 2.12132], "pivot": [0, 33.15355, 0.76777], "rotation": [45, 0, 0], "uv": [48, 30]},
						{"origin": [-1.5, 29.73934, -0.56066], "size": [3, 2.12132, 2.12132], "pivot": [0, 30.8, 0.5], "rotation": [45, 0, 0], "uv": [60, 39]}
					]
				},
				{
					"name": "Face",
					"parent": "Head",
					"pivot": [0, 32, 0]
				},
				{
					"name": "Eyes",
					"parent": "Face",
					"pivot": [0, 34.075, -0.5]
				},
				{
					"name": "Eyebrow",
					"parent": "Eyes",
					"pivot": [2.875, 34.875, -3.625]
				},
				{
					"name": "LeftEyebrow",
					"parent": "Eyebrow",
					"pivot": [2.875, 34.875, -3.625],
					"cubes": [
						{
							"origin": [1.275, 34.875, -4.125],
							"size": [2.25, 0.5, 1],
							"uv": {
								"north": {"uv": [3.032, 17.032], "uv_size": [2.218, 0.468]},
								"east": {"uv": [7.032, 1.032], "uv_size": [0.936, 0.468]},
								"south": {"uv": [0.032, 18.032], "uv_size": [2.218, 0.468]},
								"west": {"uv": [7.032, 2.032], "uv_size": [0.936, 0.468]},
								"up": {"uv": [3.032, 16.032], "uv_size": [2.218, 0.936]},
								"down": {"uv": [0.032, 17.968], "uv_size": [2.218, -0.936]}
							}
						},
						{
							"origin": [2.975, 34.475, -4.025],
							"size": [0.85, 0.6, 1],
							"inflate": 0.01,
							"uv": {
								"north": {"uv": [7.032, 7.032], "uv_size": [0.81175, 0.56175]},
								"east": {"uv": [7.032, 5.032], "uv_size": [0.936, 0.56175]},
								"south": {"uv": [6.032, 16.032], "uv_size": [0.81175, 0.56175]},
								"west": {"uv": [7.032, 6.032], "uv_size": [0.936, 0.56175]},
								"up": {"uv": [7.032, 3.032], "uv_size": [0.81175, 0.936]},
								"down": {"uv": [7.032, 4.968], "uv_size": [0.81175, -0.936]}
							}
						},
						{
							"origin": [0.975, 34.675, -4.025],
							"size": [0.85, 0.6, 1],
							"inflate": 0.01,
							"uv": {
								"north": {"uv": [7.032, 7.032], "uv_size": [0.81175, 0.56175]},
								"east": {"uv": [7.032, 5.032], "uv_size": [0.936, 0.56175]},
								"south": {"uv": [6.032, 16.032], "uv_size": [0.81175, 0.56175]},
								"west": {"uv": [7.032, 6.032], "uv_size": [0.936, 0.56175]},
								"up": {"uv": [7.032, 3.032], "uv_size": [0.81175, 0.936]},
								"down": {"uv": [7.032, 4.968], "uv_size": [0.81175, -0.936]}
							}
						}
					]
				},
				{
					"name": "RightEyebrow",
					"parent": "Eyebrow",
					"pivot": [-2.875, 34.875, -3.625],
					"cubes": [
						{
							"origin": [-3.525, 34.875, -4.125],
							"size": [2.25, 0.6, 1],
							"uv": {
								"north": {"uv": [4.032, 7.032], "uv_size": [2.218, 0.56175]},
								"east": {"uv": [6.032, 0.032], "uv_size": [0.936, 0.56175]},
								"south": {"uv": [0.032, 16.032], "uv_size": [2.218, 0.56175]},
								"west": {"uv": [6.032, 1.032], "uv_size": [0.936, 0.56175]},
								"up": {"uv": [3.032, 6.032], "uv_size": [2.218, 0.936]},
								"down": {"uv": [1.032, 7.968], "uv_size": [2.218, -0.936]}
							}
						},
						{
							"origin": [-3.725, 34.475, -4.125],
							"size": [0.85, 0.6, 1],
							"uv": {
								"north": {"uv": [6.032, 6.032], "uv_size": [0.81175, 0.56175]},
								"east": {"uv": [6.032, 4.032], "uv_size": [0.936, 0.56175]},
								"south": {"uv": [7.032, 0.032], "uv_size": [0.81175, 0.56175]},
								"west": {"uv": [6.032, 5.032], "uv_size": [0.936, 0.56175]},
								"up": {"uv": [6.032, 2.032], "uv_size": [0.81175, 0.936]},
								"down": {"uv": [6.032, 3.968], "uv_size": [0.81175, -0.936]}
							}
						},
						{
							"origin": [-1.525, 34.675, -4.125],
							"size": [0.55, 0.6, 1],
							"uv": {
								"north": {"uv": [6.032, 6.032], "uv_size": [0.81175, 0.56175]},
								"east": {"uv": [6.032, 4.032], "uv_size": [0.936, 0.56175]},
								"south": {"uv": [7.032, 0.032], "uv_size": [0.81175, 0.56175]},
								"west": {"uv": [6.032, 5.032], "uv_size": [0.936, 0.56175]},
								"up": {"uv": [6.032, 2.032], "uv_size": [0.81175, 0.936]},
								"down": {"uv": [6.032, 3.968], "uv_size": [0.81175, -0.936]}
							}
						}
					]
				},
				{
					"name": "Eyelid",
					"parent": "Eyes",
					"pivot": [0, 34.775, -0.3]
				},
				{
					"name": "LeftEyelid",
					"parent": "Eyelid",
					"pivot": [2.5, 33.075, -3.525],
					"cubes": [
						{"origin": [1.4, 33.075, -4.025], "size": [2, 2, 1], "uv": [70, 42]}
					]
				},
				{
					"name": "LeftEyesBase",
					"parent": "LeftEyelid",
					"pivot": [2.325, 33.075, -3.525],
					"cubes": [
						{"origin": [1.525, 33.075, -4.05], "size": [1.4, 2, 1], "uv": [56, 61]},
						{"origin": [2.275, 34.075, -4.45], "size": [1.2, 1.05, 1], "inflate": -0.35, "uv": [70, 48]}
					]
				},
				{
					"name": "LeftPupil",
					"parent": "LeftEyesBase",
					"pivot": [2.225, 34.075, -3.575],
					"cubes": [
						{
							"origin": [1.925, 33.575, -4.075],
							"size": [0.6, 1, 1],
							"uv": {
								"north": {"uv": [7.032, 17.032], "uv_size": [0.56175, 0.936]},
								"east": {"uv": [7.032, 16.032], "uv_size": [0.936, 0.936]},
								"south": {"uv": [3.032, 18.032], "uv_size": [0.56175, 0.936]},
								"west": {"uv": [6.032, 17.032], "uv_size": [0.936, 0.936]},
								"up": {"uv": [4.032, 18.032], "uv_size": [0.56175, 0.936]},
								"down": {"uv": [5.032, 18.968], "uv_size": [0.56175, -0.936]}
							}
						}
					]
				},
				{
					"name": "RightEyelid",
					"parent": "Eyelid",
					"pivot": [-2.5, 33.075, -3.525],
					"cubes": [
						{"origin": [-3.4, 33.075, -4.025], "size": [2, 2, 1], "uv": [70, 45]}
					]
				},
				{
					"name": "RightEyesBase",
					"parent": "RightEyelid",
					"pivot": [-2.325, 33.075, -3.525],
					"cubes": [
						{"origin": [-2.925, 33.075, -4.05], "size": [1.4, 2, 1], "uv": [72, 18]},
						{"origin": [-2.25, 34.075, -4.45], "size": [1.2, 1.05, 1], "inflate": -0.35, "uv": [72, 37]}
					]
				},
				{
					"name": "RightPupil",
					"parent": "RightEyesBase",
					"pivot": [-2.225, 34.075, -3.575],
					"cubes": [
						{
							"origin": [-2.525, 33.575, -4.075],
							"size": [0.6, 1, 1],
							"uv": {
								"north": {"uv": [5.032, 3.032], "uv_size": [0.56175, 0.936]},
								"east": {"uv": [5.032, 2.032], "uv_size": [0.936, 0.936]},
								"south": {"uv": [4.032, 5.032], "uv_size": [0.56175, 0.936]},
								"west": {"uv": [3.032, 5.032], "uv_size": [0.936, 0.936]},
								"up": {"uv": [5.032, 4.032], "uv_size": [0.56175, 0.936]},
								"down": {"uv": [5.032, 5.968], "uv_size": [0.56175, -0.936]}
							}
						}
					]
				},
				{
					"name": "Hair",
					"parent": "Head",
					"pivot": [-0.14783, 37.09457, 0.39674],
					"cubes": [
						{"origin": [-1.5, 38.15, -4.85], "size": [3, 1, 1], "uv": [66, 55]},
						{"origin": [-3.83999, 35.18427, -5.20911], "size": [1, 4.2, 1], "pivot": [-2.88999, 37.25927, -5.03411], "rotation": [2.56644, 3.94257, 20.34246], "uv": [6, 68]},
						{"origin": [-2.94072, 35.68761, -5.21646], "size": [1, 3.1, 1], "pivot": [-2.49072, 37.38761, -4.46646], "rotation": [2.83532, 3.75401, 24.34705], "uv": [46, 71]},
						{"origin": [-0.66894, 36.87878, -4.59281], "size": [1, 2, 1], "pivot": [0.33106, 37.57878, -3.79281], "rotation": [7.65761, 0.79191, -2.41522], "uv": [72, 70]},
						{"origin": [0.33106, 36.87878, -4.59281], "size": [1, 2, 1], "pivot": [0.33106, 37.57878, -3.79281], "rotation": [7.65761, 0.79191, -2.41522], "uv": [4, 73]},
						{"origin": [-2.5, 38.15, -4.975], "size": [1, 1, 1], "pivot": [-2.5, 37.35, -4.425], "rotation": [-5, 0, 0], "uv": [74, 12]},
						{"origin": [-4.4625, 36.05, -4.125], "size": [1, 3, 3], "uv": [48, 61]},
						{"origin": [3.4625, 35.05, -4.225], "size": [1, 4, 3], "uv": [14, 36]},
						{"origin": [-3, 33.075, 3.675], "size": [6, 6.9, 1], "uv": [56, 43]},
						{"origin": [-4.225, 32.65, 0.05], "size": [0.8, 7.3, 2.4], "uv": [61, 30]},
						{"origin": [-4.425, 34.95, -0.95], "size": [1, 5, 1], "uv": [42, 66]},
						{"origin": [-4.425, 35.3, 2.05], "size": [1, 4, 1], "uv": [70, 57]},
						{"origin": [-4.425, 35.95, -1.95], "size": [1, 3, 1], "uv": [50, 71]},
						{"origin": [3.425, 35.95, -1.95], "size": [1, 3, 1], "uv": [54, 71]},
						{"origin": [3.425, 34.95, -0.95], "size": [1, 5, 1], "uv": [66, 57]},
						{"origin": [3.425, 32.35, 0.05], "size": [0.9, 7.6, 2.6], "uv": [60, 55]},
						{"origin": [3.425, 35.3, 2.05], "size": [1, 4, 1], "uv": [68, 70]},
						{"origin": [-4.34366, 32.25192, -4.06743], "size": [1, 4.4, 1], "pivot": [-4.09789, 35.03609, -3.43507], "rotation": [-4.95744, 0.65182, -2.52822], "uv": [10, 71]},
						{"origin": [3.0106, 33.52438, -3.9], "size": [1, 3, 2], "pivot": [3.5106, 35.02438, -2.825], "rotation": [0, 0, 10], "uv": [66, 29]},
						{"origin": [-3, 38.15, -4.75], "size": [6, 2, 1], "uv": [28, 21]},
						{"origin": [-3, 39.95, -4.225], "size": [6, 1, 8.4], "uv": [0, 16]},
						{"origin": [-2, 40.95, -2.825], "size": [4, 1, 5], "uv": [30, 9]},
						{"origin": [-3, 40.95, -1.825], "size": [1, 1, 3], "uv": [66, 6]},
						{"origin": [2, 40.95, -1.825], "size": [1, 1, 3], "uv": [66, 10]},
						{"origin": [-4, 38.775, -4.025], "size": [1, 2, 7.6], "uv": [44, 34]},
						{"origin": [3, 38.775, -4.125], "size": [1, 2, 7.7], "uv": [48, 21]},
						{"origin": [-3.5, 37.15, -4.55], "size": [1, 2, 1], "pivot": [-2.5, 37.45, -4.425], "rotation": [-5, 0, 0], "uv": [62, 73]}
					]
				},
				{
					"name": "CeFa",
					"parent": "Hair",
					"pivot": [2.69443, 37.34639, -4.425],
					"rotation": [-0.39002, -3.59934, 27.36488],
					"cubes": [
						{"origin": [2.71619, 35.3745, -4.76485], "size": [1, 3, 1], "pivot": [2.87263, 36.73528, -4.41768], "rotation": [1.0771, -1.74006, -73.17342], "uv": [58, 71]},
						{"origin": [3.48003, 34.99532, -4.82044], "size": [1, 3, 1], "pivot": [3.32791, 36.73584, -4.425], "rotation": [0, 0, -50], "uv": [0, 72]},
						{"origin": [2.48003, 37.99532, -4.82044], "size": [2, 2, 1], "pivot": [3.32791, 36.73584, -4.425], "rotation": [0, 0, -50], "uv": [14, 71]}
					]
				},
				{
					"name": "MaWei_Left",
					"parent": "Hair",
					"pivot": [-1, 16, 0]
				},
				{
					"name": "MaWei_A3",
					"parent": "MaWei_Left",
					"pivot": [3.8, 38.875, 3.325],
					"rotation": [-2.70666, 55.20491, -3.08078],
					"cubes": [
						{"origin": [2.66424, 34.44461, 2.811], "size": [2, 5.7, 1], "uv": [66, 14]},
						{"origin": [3.95716, 32.88397, 3.91109], "size": [1.025, 1, 1], "pivot": [3.51171, 35.07693, 3.80072], "rotation": [82.02922, 66.97135, 81.747], "uv": [14, 74]},
						{"origin": [3.68319, 33.60562, 2.88609], "size": [1.025, 1, 2], "pivot": [3.51171, 35.07693, 3.80072], "rotation": [73.14394, 79.21788, 72.51488], "uv": [30, 71]}
					]
				},
				{
					"name": "CeFaB13",
					"parent": "MaWei_A3",
					"pivot": [-1.28671, 35.25193, -0.54928],
					"rotation": [168.33566, -33.18888, -159.36232],
					"cubes": [
						{"origin": [-2.64695, 32.45647, -1.63335], "size": [1.025, 2, 2], "pivot": [-1.28671, 33.85193, -0.54928], "rotation": [18.51271, 7.70439, -0.17525], "uv": [42, 21]},
						{"origin": [-2.90062, 31.76847, -0.60835], "size": [1.025, 1, 1], "pivot": [-1.28671, 33.85193, -0.54928], "rotation": [16.49015, 11.47771, -12.26406], "uv": [74, 21]},
						{"origin": [-2.64695, 32.25647, -2.63335], "size": [1.025, 2, 2], "pivot": [-1.28671, 33.65193, -1.54928], "rotation": [6.4077, 7.49862, -1.78241], "uv": [68, 50]},
						{"origin": [-2.90062, 31.56847, -1.60835], "size": [1.025, 1, 1], "pivot": [-1.28671, 33.65193, -1.54928], "rotation": [4.62934, 8.7056, -14.35019], "uv": [74, 54]},
						{"origin": [-2.38346, 32.26522, -6.21258], "size": [1.025, 2, 2], "pivot": [-1.49187, 32.56356, -5.09205], "rotation": [-13.84182, -5.83672, -4.84116], "uv": [66, 63]},
						{"origin": [-2.41078, 31.44978, -6.23758], "size": [1.025, 1, 1], "pivot": [-1.49187, 32.56356, -5.09205], "rotation": [-12.28549, -8.67308, -17.11505], "uv": [74, 23]},
						{"origin": [-2.58346, 32.16522, -4.21258], "size": [1.025, 2, 2], "pivot": [-1.69187, 32.46356, -3.09205], "rotation": [1.14837, -4.38737, -6.18456], "uv": [0, 68]},
						{"origin": [-2.61078, 31.34978, -4.23758], "size": [1.025, 1, 1], "pivot": [-1.69187, 32.46356, -3.09205], "rotation": [2.07205, -4.03472, -18.71356], "uv": [74, 52]}
					]
				},
				{
					"name": "MaWei_Right",
					"parent": "Hair",
					"pivot": [1, 16, 0]
				},
				{
					"name": "MaWei_A5",
					"parent": "MaWei_Right",
					"pivot": [-3.8, 38.875, 3.325],
					"rotation": [-2.70666, -55.20491, 3.08078],
					"cubes": [
						{"origin": [-4.56424, 34.54461, 2.811], "size": [2, 5.6, 1], "uv": [24, 66]},
						{"origin": [-4.94745, 33.00476, 3.94377], "size": [1.025, 1, 1], "pivot": [-3.48671, 35.20193, 3.82572], "rotation": [91.65311, -67.22195, -90.61535], "uv": [74, 25]},
						{"origin": [-4.6728, 33.72861, 2.91877], "size": [1.025, 1, 2], "pivot": [-3.48671, 35.20193, 3.82572], "rotation": [93.58505, -79.71075, -92.61864], "uv": [36, 71]}
					]
				},
				{
					"name": "Right_CeFaA",
					"parent": "Hair",
					"pivot": [-3.6625, 38.5704, -2.47915],
					"rotation": [-5.45323, 0.71681, 7.46586],
					"cubes": [
						{"origin": [-4.175, 36.0704, -3.47915], "size": [1.025, 2, 1], "uv": [72, 73]},
						{"origin": [-4.41561, 32.52773, -3.05415], "size": [1.025, 3.8, 1], "pivot": [-3.62301, 34.93479, -3.09192], "rotation": [12.5, 0, -11.5], "uv": [72, 14]}
					]
				},
				{
					"name": "CeFaB6",
					"parent": "Right_CeFaA",
					"pivot": [-4.0375, 39.0704, -1.47915],
					"rotation": [0, 0, 7.5],
					"cubes": [
						{"origin": [-4.77732, 36.09621, -3.37961], "size": [1.025, 3, 2], "uv": [30, 66]},
						{"origin": [-4.475, 32.825, -3.375], "size": [1.025, 3.4, 2], "pivot": [-3.95378, 34.52519, -2.6125], "rotation": [0, 0, -10], "uv": [10, 67]}
					]
				},
				{
					"name": "Left_CeFaA",
					"parent": "Hair",
					"pivot": [3.6625, 37.5704, -2.47915],
					"rotation": [-5.45323, -0.71681, -7.46586],
					"cubes": [
						{"origin": [3.15, 35.0704, -3.47915], "size": [1.025, 2, 1], "uv": [74, 6]},
						{"origin": [3.18633, 32.13846, -3.45415], "size": [1.025, 3, 1], "pivot": [4.0775, 35.2469, -2.64745], "rotation": [0, 0, 7.5], "uv": [24, 72]},
						{"origin": [3.88633, 33.13846, -3.27915], "size": [1.025, 3, 1], "pivot": [4.0775, 35.2469, -2.64745], "rotation": [0, 0, 7.5], "uv": [72, 29]},
						{"origin": [3.92163, 35.19402, -3.22915], "size": [1.025, 3, 1], "pivot": [4.43413, 35.49402, -2.77915], "rotation": [0, 0, -10], "uv": [72, 33]}
					]
				},
				{
					"name": "CeFaB7",
					"parent": "Left_CeFaA",
					"pivot": [4.0375, 39.0704, -1.47915],
					"rotation": [0, 0, -7.5],
					"cubes": [
						{"origin": [3.45, 34.225, -3.375], "size": [1.025, 2, 2], "pivot": [3.95378, 34.52519, -2.6125], "rotation": [0, 0, 10], "uv": [16, 67]},
						{"origin": [3.43809, 33.32567, -3.35], "size": [1.025, 1, 1], "pivot": [3.95378, 34.52519, -2.6125], "rotation": [0, 0, 12.5], "uv": [74, 27]},
						{"origin": [3.75232, 36.09621, -3.37961], "size": [1.025, 3, 2], "uv": [66, 34]}
					]
				},
				{
					"name": "CeFaB14",
					"parent": "Hair",
					"pivot": [0.25362, 36.72772, 5.77854],
					"rotation": [104.00291, 75.60765, 90.38668],
					"cubes": [
						{"origin": [0.73361, 35.39039, 4.62878], "size": [1.025, 2, 2], "pivot": [-0.34098, 37.06549, 5.79408], "rotation": [-12.23516, 2.5792, 11.72352], "uv": [46, 67]},
						{"origin": [1.16608, 35.34829, 4.60378], "size": [1.025, 1, 1.025], "pivot": [-0.34098, 37.06549, 5.79408], "rotation": [-10.29284, 7.13136, 34.3569], "uv": [28, 74]},
						{"origin": [0.71153, 36.95203, 4.62417], "size": [1.025, 2, 2], "pivot": [-0.34098, 37.06549, 5.79408], "rotation": [-12.5, 0, 0], "uv": [52, 67]}
					]
				},
				{
					"name": "CeFaB4",
					"parent": "Hair",
					"pivot": [4.0375, 38.6954, -1.70415],
					"rotation": [0, 0, -12],
					"cubes": [
						{"origin": [3.30708, 33.76443, -3.49457], "size": [1.025, 2, 2], "pivot": [3.95378, 35.15019, -2.8375], "rotation": [0, 0, 10], "uv": [58, 67]},
						{"origin": [3.34266, 32.8599, -3.46957], "size": [1.025, 1, 1], "pivot": [3.95378, 35.15019, -2.8375], "rotation": [0, 0, 12.5], "uv": [32, 74]},
						{"origin": [3.42307, 35.67696, -3.49918], "size": [1.025, 3, 2], "uv": [36, 66]}
					]
				},
				{
					"name": "QianFa",
					"parent": "Hair",
					"pivot": [0.6411, 38.37938, -4.81882],
					"rotation": [-5, 0, -9.5],
					"cubes": [
						{
							"origin": [-0.81808, 35.09199, -5.72914],
							"size": [0.7, 1.6, 1],
							"pivot": [-0.02003, 36.70657, -5.18513],
							"rotation": [-2.36486, 0.53757, -41.63398],
							"uv": {
								"north": {"uv": [0.032, 2.032], "uv_size": [0.6555, 1.56175]},
								"east": {"uv": [0.032, 0.032], "uv_size": [0.936, 1.56175]},
								"south": {"uv": [2.032, 0.032], "uv_size": [0.6555, 1.56175]},
								"west": {"uv": [1.032, 0.032], "uv_size": [0.936, 1.56175]},
								"up": {"uv": [1.032, 2.032], "uv_size": [0.6555, 0.936]},
								"down": {"uv": [2.032, 2.968], "uv_size": [0.6555, -0.936]}
							}
						},
						{
							"origin": [-0.80463, 36.10694, -5.73344],
							"size": [0.8, 4, 1],
							"pivot": [-0.32003, 36.70657, -5.18513],
							"rotation": [-3.02196, 3.16356, -22.98573],
							"uv": {
								"north": {"uv": [2.032, 3.032], "uv_size": [0.7805, 3.936]},
								"east": {"uv": [3.032, 0.032], "uv_size": [0.936, 3.936]},
								"south": {"uv": [0.032, 4.032], "uv_size": [0.7805, 3.936]},
								"west": {"uv": [1.032, 3.032], "uv_size": [0.936, 3.936]},
								"up": {"uv": [4.032, 0.032], "uv_size": [0.7805, 0.936]},
								"down": {"uv": [4.032, 1.968], "uv_size": [0.7805, -0.936]}
							}
						},
						{"origin": [-1.75709, 36.15526, -5.53569], "size": [1, 3.5, 1], "pivot": [-1.26387, 37.45656, -5.01392], "rotation": [-2.27318, 1.5788, -17.21325], "uv": [42, 72]},
						{"origin": [1.11211, 35.25407, -5.2382], "size": [1, 2.5, 1], "pivot": [1.26387, 37.45656, -5.01392], "rotation": [-0.84221, -2.63626, -20.2987], "uv": [74, 9]},
						{"origin": [0.16385, 35.13353, -5.58629], "size": [1, 5, 1], "pivot": [-0.02003, 36.70657, -5.18513], "rotation": [-0.98966, 2.27014, -31.46719], "uv": [64, 67]},
						{"origin": [1.04777, 36.38462, -5.38199], "size": [1, 4, 1], "pivot": [1.13062, 37.59238, -4.86565], "rotation": [-1.79065, -1.71084, -31.77568], "uv": [20, 71]},
						{"origin": [-0.0832, 37.23568, -5.35621], "size": [1, 3, 1], "pivot": [1.13062, 37.59238, -4.86565], "rotation": [-1.79065, -1.71084, -31.77568], "uv": [72, 62]}
					]
				},
				{
					"name": "LeftShoulderLocator",
					"parent": "Head",
					"pivot": [3, 41.5, 0]
				},
				{
					"name": "RightShoulderLocator",
					"parent": "Head",
					"pivot": [-3, 41.5, 0]
				},
				{
					"name": "Arm",
					"parent": "UpBody",
					"pivot": [0, 31.2, 0]
				},
				{
					"name": "LeftArm",
					"parent": "Arm",
					"pivot": [4.25, 29.9, 0],
					"rotation": [0, 0, -15],
					"cubes": [
						{"origin": [2.95, 24.15, -1.6], "size": [3.25, 7, 3.3], "uv": [24, 56]}
					]
				},
				{
					"name": "LupperSleeve2",
					"parent": "LeftArm",
					"pivot": [5.2327, 25.36078, -0.07878],
					"rotation": [0, 180, 0],
					"cubes": [
						{"origin": [4.2, 24.125, -1.9], "size": [3.35, 7.1, 3.5], "uv": [33, 76]},
						{"origin": [5.1, 24.025, -2], "size": [2.45, 1.2, 3.7], "inflate": -0.01, "uv": [48, 75]},
						{"origin": [4.2, 23.925, -2.1], "size": [3.25, 1.1, 3.9], "pivot": [4.375, 24.325, -0.15], "rotation": [0, 0, -15], "uv": [78, 16]},
						{
							"origin": [4, 25.325, -1.3],
							"size": [0.25, 1.1, 3.1],
							"pivot": [4.175, 25.725, -0.15],
							"rotation": [-88.05936, -0.48375, -1.00819],
							"uv": {
								"north": {"uv": [4.032, 2.032], "uv_size": [0.5305, 0.936]},
								"east": {"uv": [0.032, 25.032], "uv_size": [2.936, 0.936]},
								"south": {"uv": [5.032, 0.032], "uv_size": [0.5305, 0.936]},
								"west": {"uv": [0.032, 27.032], "uv_size": [2.936, 0.936]},
								"up": {"uv": [29.032, 34.032], "uv_size": [0.5305, 2.936]},
								"down": {"uv": [35.032, 2.968], "uv_size": [0.5305, -2.936]}
							}
						},
						{
							"origin": [3.92115, 23.47924, -0.60691],
							"size": [0.35, 1.7, 1.3],
							"pivot": [4.09615, 24.32924, 0.04309],
							"rotation": [-88.05936, -0.48375, -1.00819],
							"uv": {
								"north": {"uv": [27.032, 25.032], "uv_size": [0.31175, 1.6555]},
								"east": {"uv": [25.032, 25.032], "uv_size": [1.2805, 1.6555]},
								"south": {"uv": [35.032, 4.032], "uv_size": [0.31175, 1.6555]},
								"west": {"uv": [0.032, 36.032], "uv_size": [1.2805, 1.6555]},
								"up": {"uv": [2.032, 36.032], "uv_size": [0.31175, 1.2805]},
								"down": {"uv": [3.032, 37.3125], "uv_size": [0.31175, -1.2805]}
							}
						},
						{"origin": [4.13943, 8.95633, -2.16626], "size": [4.3, 15.9, 0.05], "inflate": 0.02, "pivot": [6.71475, 24.54076, -2.22903], "rotation": [-7.35257, -0.12867, -10.45495], "uv": [6, 87]}
					]
				},
				{
					"name": "LeftUpperCloak",
					"parent": "LupperSleeve2",
					"pivot": [10.5, 0.1, -0.2],
					"cubes": [
						{"origin": [5.4, 25.525, -3], "size": [1.25, 6.2, 5.5], "pivot": [4.975, 27.975, 0.15], "rotation": [0, 0, -6], "uv": [83, 50]},
						{"origin": [6.7, 21.425, 2.3], "size": [1.25, 4.4, 0.1], "pivot": [6.275, 22.275, 0.05], "rotation": [0, 0, -17], "uv": [91, 86]},
						{
							"origin": [3.35942, 15.173, -3.1],
							"size": [5.05, 15.5, 0.1],
							"pivot": [7.38442, 28.473, -3.05],
							"rotation": [-6, 0, 8],
							"uv": {
								"north": {"uv": [45.032, 79.032], "uv_size": [4.936, 15.468]},
								"east": {"uv": [50.968, 79.032], "uv_size": [0, 15.468]},
								"south": {"uv": [84.032, 79.032], "uv_size": [4.936, 15.468]},
								"west": {"uv": [51.968, 79.032], "uv_size": [0, 15.468]},
								"up": {"uv": [10.032, 38.032], "uv_size": [4.936, 0]},
								"down": {"uv": [38.032, 38.968], "uv_size": [4.936, 0]}
							}
						},
						{
							"origin": [3.65942, 15.173, -2.8],
							"size": [5.05, 15.5, 0.1],
							"pivot": [7.68442, 28.473, -2.75],
							"rotation": [-5.82302, -1.44903, -5.9263],
							"uv": {
								"north": {"uv": [35.032, 86.032], "uv_size": [4.936, 15.468]},
								"east": {"uv": [23.968, 76.032], "uv_size": [0, 15.468]},
								"south": {"uv": [0.032, 87.032], "uv_size": [4.936, 15.468]},
								"west": {"uv": [25.968, 76.032], "uv_size": [0, 15.468]},
								"up": {"uv": [31.032, 24.032], "uv_size": [4.936, 0]},
								"down": {"uv": [19.032, 36.968], "uv_size": [4.936, 0]}
							}
						},
						{"origin": [3.6, 25.925, -2.9], "size": [1.95, 3.2, 5.3], "pivot": [3.875, 27.975, 0.15], "rotation": [0, 0, -71], "uv": [78, 20]},
						{"origin": [3.7, 24.225, -2.9], "size": [1.95, 3.2, 5.3], "inflate": 0.01, "pivot": [3.975, 26.275, 0.15], "rotation": [0, 0, -91], "uv": [80, 71]},
						{"origin": [3.7, 25.525, -2.7], "size": [1.75, 5.7, 4.9], "pivot": [3.475, 27.975, 0.15], "rotation": [0, 0, -6], "uv": [74, 82]}
					]
				},
				{
					"name": "Gnosis",
					"parent": "LeftUpperCloak",
					"pivot": [5.69521, 31.16777, 4.85],
					"rotation": [0, 0, -47],
					"cubes": [
						{
							"origin": [5.5, 30.525, 2.5],
							"size": [0.25, 0.3, 0.1],
							"pivot": [5.075, 28.075, 1.15],
							"rotation": [0, 0, -6],
							"uv": {
								"north": {"uv": [34.03125, 87.5625], "uv_size": [0.25, 0.3125]},
								"east": {"uv": [18.78125, 89.65625], "uv_size": [0.18675, 0.3125]},
								"south": {"uv": [15.09375, 89.5], "uv_size": [0.25, 0.3125]},
								"west": {"uv": [22.46875, 89.65625], "uv_size": [0.25, 0.3125]},
								"up": {"uv": [25.5625, 89.03125], "uv_size": [0.25, 0.09375]},
								"down": {"uv": [29.5625, 88.34375], "uv_size": [0.25, -0.09375]}
							}
						},
						{
							"origin": [4.71421, 29.97815, 2.6],
							"size": [0.55, 0.6, 0.1],
							"inflate": 0.01,
							"pivot": [5.03921, 30.32815, 2.65],
							"rotation": [0, 0, -1],
							"uv": {
								"north": {"uv": [3.032, 4.032], "uv_size": [0.4055, 0.468]},
								"east": {"uv": [3.968, 4.032], "uv_size": [0, 0.468]},
								"south": {"uv": [4.032, 3.032], "uv_size": [0.4055, 0.468]},
								"west": {"uv": [4.968, 1.032], "uv_size": [0, 0.468]},
								"up": {"uv": [6.032, 18.032], "uv_size": [0.4055, 0]},
								"down": {"uv": [7.032, 17.968], "uv_size": [0.4055, 0]}
							}
						}
					]
				},
				{
					"name": "GnosisRing",
					"parent": "Gnosis",
					"pivot": [4, 29.3, 1.2],
					"rotation": [0, 90, 0],
					"cubes": [
						{
							"origin": [2.5, 28.67868, -0.3],
							"size": [0.2, 1.24264, 0.4],
							"pivot": [4, 29.3, 1.2],
							"rotation": [-45, 0, 0],
							"uv": {
								"north": {"uv": [3.032, 25.032], "uv_size": [0.1555, 0.37425]},
								"east": {"uv": [3.032, 25.032], "uv_size": [0.1555, 0.37425]},
								"south": {"uv": [3.032, 25.032], "uv_size": [0.1555, 0.37425]},
								"west": {"uv": [3.032, 25.032], "uv_size": [0.1555, 0.37425]},
								"up": {"uv": [3.032, 25.032], "uv_size": [0.1555, 0.37425]},
								"down": {"uv": [3.032, 25.40625], "uv_size": [0.1555, -0.37425]}
							}
						},
						{
							"origin": [2.5, 28.67868, -0.3],
							"size": [0.2, 1.24264, 0.4],
							"uv": {
								"north": {"uv": [3.032, 25.032], "uv_size": [0.1555, 0.37425]},
								"east": {"uv": [3.032, 25.032], "uv_size": [0.1555, 0.37425]},
								"south": {"uv": [3.032, 25.032], "uv_size": [0.1555, 0.37425]},
								"west": {"uv": [3.032, 25.032], "uv_size": [0.1555, 0.37425]},
								"up": {"uv": [3.032, 25.032], "uv_size": [0.1555, 0.37425]},
								"down": {"uv": [3.032, 25.40625], "uv_size": [0.1555, -0.37425]}
							}
						},
						{
							"origin": [2.5, 28.67868, 2.3],
							"size": [0.2, 1.24264, 0.4],
							"pivot": [4, 29.3, 1.2],
							"rotation": [-45, 0, 0],
							"uv": {
								"north": {"uv": [3.032, 25.032], "uv_size": [0.1555, 0.37425]},
								"east": {"uv": [3.032, 25.032], "uv_size": [0.1555, 0.37425]},
								"south": {"uv": [3.032, 25.032], "uv_size": [0.1555, 0.37425]},
								"west": {"uv": [3.032, 25.032], "uv_size": [0.1555, 0.37425]},
								"up": {"uv": [3.032, 25.032], "uv_size": [0.1555, 0.37425]},
								"down": {"uv": [3.032, 25.40625], "uv_size": [0.1555, -0.37425]}
							}
						},
						{
							"origin": [2.5, 28.67868, 2.3],
							"size": [0.2, 1.24264, 0.4],
							"uv": {
								"north": {"uv": [3.032, 25.032], "uv_size": [0.1555, 0.37425]},
								"east": {"uv": [3.032, 25.032], "uv_size": [0.1555, 0.37425]},
								"south": {"uv": [3.032, 25.032], "uv_size": [0.1555, 0.37425]},
								"west": {"uv": [3.032, 25.032], "uv_size": [0.1555, 0.37425]},
								"up": {"uv": [3.032, 25.032], "uv_size": [0.1555, 0.37425]},
								"down": {"uv": [3.032, 25.40625], "uv_size": [0.1555, -0.37425]}
							}
						},
						{
							"origin": [2.5, 27.8, 0.57868],
							"size": [0.2, 0.4, 1.24264],
							"pivot": [4, 29.3, 1.2],
							"rotation": [-45, 0, 0],
							"uv": {
								"north": {"uv": [3.032, 25.032], "uv_size": [0.1555, 0.37425]},
								"east": {"uv": [3.032, 25.032], "uv_size": [0.1555, 0.37425]},
								"south": {"uv": [3.032, 25.032], "uv_size": [0.1555, 0.37425]},
								"west": {"uv": [3.032, 25.032], "uv_size": [0.1555, 0.37425]},
								"up": {"uv": [3.032, 25.032], "uv_size": [0.1555, 0.37425]},
								"down": {"uv": [3.032, 25.40625], "uv_size": [0.1555, -0.37425]}
							}
						},
						{
							"origin": [2.5, 27.8, 0.57868],
							"size": [0.2, 0.4, 1.24264],
							"uv": {
								"north": {"uv": [3.032, 25.032], "uv_size": [0.1555, 0.37425]},
								"east": {"uv": [3.032, 25.032], "uv_size": [0.1555, 0.37425]},
								"south": {"uv": [3.032, 25.032], "uv_size": [0.1555, 0.37425]},
								"west": {"uv": [3.032, 25.032], "uv_size": [0.1555, 0.37425]},
								"up": {"uv": [3.032, 25.032], "uv_size": [0.1555, 0.37425]},
								"down": {"uv": [3.032, 25.40625], "uv_size": [0.1555, -0.37425]}
							}
						},
						{
							"origin": [2.5, 30.4, 0.57868],
							"size": [0.2, 0.4, 1.24264],
							"pivot": [4, 29.3, 1.2],
							"rotation": [-45, 0, 0],
							"uv": {
								"north": {"uv": [3.032, 25.032], "uv_size": [0.1555, 0.37425]},
								"east": {"uv": [3.032, 25.032], "uv_size": [0.1555, 0.37425]},
								"south": {"uv": [3.032, 25.032], "uv_size": [0.1555, 0.37425]},
								"west": {"uv": [3.032, 25.032], "uv_size": [0.1555, 0.37425]},
								"up": {"uv": [3.032, 25.032], "uv_size": [0.1555, 0.37425]},
								"down": {"uv": [3.032, 25.40625], "uv_size": [0.1555, -0.37425]}
							}
						},
						{
							"origin": [2.5, 30.4, 0.57868],
							"size": [0.2, 0.4, 1.24264],
							"uv": {
								"north": {"uv": [3.032, 25.032], "uv_size": [0.1555, 0.37425]},
								"east": {"uv": [3.032, 25.032], "uv_size": [0.1555, 0.37425]},
								"south": {"uv": [3.032, 25.032], "uv_size": [0.1555, 0.37425]},
								"west": {"uv": [3.032, 25.032], "uv_size": [0.1555, 0.37425]},
								"up": {"uv": [3.032, 25.032], "uv_size": [0.1555, 0.37425]},
								"down": {"uv": [3.032, 25.40625], "uv_size": [0.1555, -0.37425]}
							}
						},
						{
							"origin": [2.5, 28.4, -0.12132],
							"size": [0.2, 1.7, 1.64264],
							"inflate": -0.01,
							"pivot": [2.6, 28.8, 0.7],
							"rotation": [-46, 0, 0],
							"uv": {
								"north": {"uv": [0.032, 26.032], "uv_size": [0.1555, 0.37425]},
								"east": {"uv": [0.032, 26.032], "uv_size": [0.1555, 0.37425]},
								"south": {"uv": [0.032, 26.032], "uv_size": [0.1555, 0.37425]},
								"west": {"uv": [0.032, 26.032], "uv_size": [0.1555, 0.37425]},
								"up": {"uv": [3.032, 26.032], "uv_size": [0.1555, 1.218]},
								"down": {"uv": [10.032, 37.25], "uv_size": [0.1555, -1.218]}
							}
						},
						{
							"origin": [2.4, 27.98683, -0.09663],
							"size": [0.2, 0.4, 0.44265],
							"pivot": [2.5, 28.18683, 0.0747],
							"rotation": [6, 0, 0],
							"uv": {
								"north": {"uv": [0.032, 28.032], "uv_size": [0.1555, 0.37425]},
								"east": {"uv": [0.032, 28.032], "uv_size": [0.1555, 0.37425]},
								"south": {"uv": [0.032, 28.032], "uv_size": [0.1555, 0.37425]},
								"west": {"uv": [0.032, 28.032], "uv_size": [0.1555, 0.37425]},
								"up": {"uv": [1.032, 26.032], "uv_size": [0.1555, 0.49925]},
								"down": {"uv": [2.032, 26.53125], "uv_size": [0.1555, -0.49925]}
							}
						},
						{
							"origin": [2.4, 27.38683, -0.59663],
							"size": [0.2, 0.5, 0.54265],
							"pivot": [2.5, 27.68683, -0.3253],
							"rotation": [7, 0, 0],
							"uv": {
								"north": {"uv": [3.032, 28.032], "uv_size": [0.1555, 0.468]},
								"east": {"uv": [3.032, 28.032], "uv_size": [0.1555, 0.468]},
								"south": {"uv": [3.032, 28.032], "uv_size": [0.1555, 0.468]},
								"west": {"uv": [3.032, 28.032], "uv_size": [0.1555, 0.468]},
								"up": {"uv": [1.032, 28.032], "uv_size": [0.1555, 0.49925]},
								"down": {"uv": [2.032, 28.53125], "uv_size": [0.1555, -0.49925]}
							}
						},
						{
							"origin": [2.4, 26.68683, -1.19663],
							"size": [0.2, 0.6, 0.64265],
							"pivot": [2.5, 26.98683, -0.9253],
							"rotation": [7, 0, 0],
							"uv": {
								"north": {"uv": [29.032, 24.032], "uv_size": [0.1555, 0.468]},
								"east": {"uv": [29.032, 24.032], "uv_size": [0.1555, 0.468]},
								"south": {"uv": [29.032, 24.032], "uv_size": [0.1555, 0.468]},
								"west": {"uv": [29.032, 24.032], "uv_size": [0.1555, 0.468]},
								"up": {"uv": [28.032, 21.032], "uv_size": [0.1555, 0.49925]},
								"down": {"uv": [28.032, 24.53125], "uv_size": [0.1555, -0.49925]}
							}
						},
						{
							"origin": [2.4, 26.48683, -1.39663],
							"size": [0.2, 0.6, 0.64265],
							"inflate": -0.01,
							"pivot": [2.5, 26.78683, -1.1253],
							"rotation": [7, 0, 0],
							"uv": {
								"north": {"uv": [30.032, 13.032], "uv_size": [0.1555, 0.56175]},
								"east": {"uv": [30.032, 13.032], "uv_size": [0.1555, 0.56175]},
								"south": {"uv": [30.032, 13.032], "uv_size": [0.1555, 0.56175]},
								"west": {"uv": [30.032, 13.032], "uv_size": [0.1555, 0.56175]},
								"up": {"uv": [30.032, 0.032], "uv_size": [0.1555, 0.62425]},
								"down": {"uv": [30.032, 5.65625], "uv_size": [0.1555, -0.62425]}
							}
						},
						{
							"origin": [2.4, 26.28683, -1.59663],
							"size": [0.2, 0.6, 0.64265],
							"inflate": -0.02,
							"pivot": [2.5, 26.58683, -1.3253],
							"rotation": [7, 0, 0],
							"uv": {
								"north": {"uv": [31.032, 0.032], "uv_size": [0.1555, 0.56175]},
								"east": {"uv": [31.032, 0.032], "uv_size": [0.1555, 0.56175]},
								"south": {"uv": [31.032, 0.032], "uv_size": [0.1555, 0.56175]},
								"west": {"uv": [31.032, 0.032], "uv_size": [0.1555, 0.56175]},
								"up": {"uv": [30.032, 15.032], "uv_size": [0.1555, 0.62425]},
								"down": {"uv": [30.032, 24.65625], "uv_size": [0.1555, -0.62425]}
							}
						}
					]
				},
				{
					"name": "ysmGlowGnosisGem",
					"parent": "GnosisRing",
					"pivot": [2.6, 28.8, 0.7],
					"cubes": [
						{
							"origin": [2.6, 28.5, 0.07868],
							"size": [0.1, 1.5, 1.24264],
							"inflate": -0.01,
							"pivot": [2.6, 28.8, 0.7],
							"rotation": [-46, 0, 0],
							"uv": {
								"north": {"uv": [11.032, 36.032], "uv_size": [0.1555, 1.6555]},
								"east": {"uv": [11.032, 36.032], "uv_size": [0.1555, 1.6555]},
								"south": {"uv": [11.032, 36.032], "uv_size": [0.1555, 1.6555]},
								"west": {"uv": [11.032, 36.032], "uv_size": [0.1555, 1.6555]},
								"up": {"uv": [12.032, 36.032], "uv_size": [0.1555, 1.62425]},
								"down": {"uv": [13.032, 37.65625], "uv_size": [0.1555, -1.62425]}
							}
						}
					]
				},
				{
					"name": "LeftForeArm",
					"parent": "LeftArm",
					"pivot": [4.475, 24.25, 0.025],
					"cubes": [
						{"origin": [2.975, 17.225, -1.575], "size": [3.2, 8, 3.3], "uv": [0, 49]}
					]
				},
				{
					"name": "LeftHand",
					"parent": "LeftForeArm",
					"pivot": [4.575, 18.725, 0.025]
				},
				{
					"name": "LeftHandLocator",
					"parent": "LeftHand",
					"pivot": [4.575, 18.725, 0.025],
					"cubes": [
						{"origin": [4.075, 18.225, -0.475], "size": [1, 1, 1], "uv": [36, 74]}
					]
				},
				{
					"name": "LArmsleeve2",
					"parent": "LeftForeArm",
					"pivot": [10.5, 0, -0.3],
					"cubes": [
						{"origin": [2.825, 19, -1.675], "size": [3.4, 6, 3.5], "uv": [78, 5]},
						{"origin": [2.825, 17.1, -1.675], "size": [3.4, 1.9, 3.5], "pivot": [4.525, 18.05, 0.075], "rotation": [0, 180, 0], "uv": [71, 76]}
					]
				},
				{
					"name": "RightArm",
					"parent": "Arm",
					"pivot": [-4.25, 29.775, 0],
					"rotation": [0, 0, 15],
					"cubes": [
						{"origin": [-6.2, 24.025, -1.6], "size": [3.25, 7, 3.3], "uv": [36, 56]}
					]
				},
				{
					"name": "RupperSleeve",
					"parent": "RightArm",
					"pivot": [0, 0.1, 0],
					"cubes": [
						{"origin": [-6.3, 24.125, -1.7], "size": [3.35, 7.1, 3.5], "uv": [33, 76]},
						{"origin": [-5.4, 24.025, -1.8], "size": [2.45, 1.2, 3.7], "inflate": -0.01, "uv": [48, 75]},
						{"origin": [-6.3, 23.925, -1.9], "size": [3.25, 1.1, 3.9], "pivot": [-6.125, 24.325, 0.05], "rotation": [0, 0, -15], "uv": [78, 16]},
						{
							"origin": [-6.5, 25.325, -1.1],
							"size": [0.25, 1.1, 3.1],
							"pivot": [-6.325, 25.725, 0.05],
							"rotation": [-88.05936, -0.48375, -1.00819],
							"uv": {
								"north": {"uv": [4.032, 2.032], "uv_size": [0.5305, 0.936]},
								"east": {"uv": [0.032, 25.032], "uv_size": [2.936, 0.936]},
								"south": {"uv": [5.032, 0.032], "uv_size": [0.5305, 0.936]},
								"west": {"uv": [0.032, 27.032], "uv_size": [2.936, 0.936]},
								"up": {"uv": [29.032, 34.032], "uv_size": [0.5305, 2.936]},
								"down": {"uv": [35.032, 2.968], "uv_size": [0.5305, -2.936]}
							}
						},
						{
							"origin": [-6.57885, 23.47924, -0.40691],
							"size": [0.35, 1.7, 1.3],
							"pivot": [-6.40385, 24.32924, 0.24309],
							"rotation": [-88.05936, -0.48375, -1.00819],
							"uv": {
								"north": {"uv": [27.032, 25.032], "uv_size": [0.31175, 1.6555]},
								"east": {"uv": [25.032, 25.032], "uv_size": [1.2805, 1.6555]},
								"south": {"uv": [35.032, 4.032], "uv_size": [0.31175, 1.6555]},
								"west": {"uv": [0.032, 36.032], "uv_size": [1.2805, 1.6555]},
								"up": {"uv": [2.032, 36.032], "uv_size": [0.31175, 1.2805]},
								"down": {"uv": [3.032, 37.3125], "uv_size": [0.31175, -1.2805]}
							}
						},
						{"origin": [-6.16057, 9.45633, 1.93374], "size": [4.3, 15.7, 0.05], "inflate": 0.02, "pivot": [-3.58525, 24.84076, 1.87097], "rotation": [4.94394, -3.20575, -9.50071], "uv": [6, 87]}
					]
				},
				{
					"name": "RightForeArm",
					"parent": "RightArm",
					"pivot": [-4.475, 24.225, 0.025],
					"cubes": [
						{"origin": [-6.175, 17.2, -1.575], "size": [3.2, 8, 3.3], "uv": [12, 56]}
					]
				},
				{
					"name": "RArmsleeve",
					"parent": "RightForeArm",
					"pivot": [0, 0, 0],
					"cubes": [
						{"origin": [-6.275, 19, -1.675], "size": [3.4, 6, 3.5], "uv": [78, 5]},
						{"origin": [-6.275, 17.1, -1.675], "size": [3.4, 1.9, 3.5], "uv": [71, 76]}
					]
				},
				{
					"name": "RightHand",
					"parent": "RightForeArm",
					"pivot": [-4.575, 18.825, 0.025],
					"cubes": [
						{"origin": [-5.075, 18.325, -0.475], "size": [1, 1, 1], "uv": [74, 48]}
					]
				},
				{
					"name": "RightHandLocator",
					"parent": "RightHand",
					"pivot": [-4.575, 18.825, 0.025],
					"cubes": [
						{"origin": [-5.075, 18.325, -0.475], "size": [1, 1, 1], "uv": [74, 50]}
					]
				},
				{
					"name": "RifleLocator",
					"parent": "UpBody",
					"pivot": [0, 25.15, 2.3],
					"rotation": [0, 0, 45]
				},
				{
					"name": "PistolLocator",
					"parent": "UpBody",
					"pivot": [-4, 24.75, -1.6],
					"rotation": [-30, 0, 0]
				},
				{
					"name": "ElytraLocator",
					"parent": "UpBody",
					"pivot": [0, 31.65, 2]
				},
				{
					"name": "RightWaistLocator",
					"parent": "UpBody",
					"pivot": [-4, 21, 0],
					"rotation": [-5, 0, 0]
				},
				{
					"name": "LeftWaistLocator",
					"parent": "UpBody",
					"pivot": [4, 21, 0],
					"rotation": [-20, 0, 0]
				},
				{
					"name": "DownBody",
					"parent": "AllBody",
					"pivot": [0, 24, 0]
				},
				{
					"name": "Skirt",
					"parent": "DownBody",
					"pivot": [0, 22.85, 0.475],
					"cubes": [
						{
							"origin": [-4.3, 18.25, -2.625],
							"size": [8.675, 2.525, 5.5],
							"inflate": 0.01,
							"uv": {
								"north": {"uv": [0.032, 60.032], "uv_size": [5.24925, 4.2805]},
								"east": {"uv": [24.032, 29.032], "uv_size": [0.7805, 4.2805]},
								"south": {"uv": [6.032, 60.032], "uv_size": [5.24925, 4.2805]},
								"west": {"uv": [25.032, 29.032], "uv_size": [0.7805, 4.2805]},
								"up": {"uv": [28.032, 25.032], "uv_size": [5.24925, 0.7805]},
								"down": {"uv": [28.032, 26.8125], "uv_size": [5.24925, -0.7805]}
							}
						},
						{
							"origin": [-4.5, 18.95, -2.825],
							"size": [9.075, 1.225, 5.8],
							"uv": {
								"north": {"uv": [44.032, 0.032], "uv_size": [8.936, 1.18675]},
								"east": {"uv": [28.032, 27.032], "uv_size": [5.7805, 1.18675]},
								"south": {"uv": [56.032, 30.032], "uv_size": [8.936, 1.18675]},
								"west": {"uv": [26.032, 29.032], "uv_size": [5.7805, 1.18675]},
								"up": {"uv": [34.032, 25.032], "uv_size": [8.936, 5.7805]},
								"down": {"uv": [78.032, 49.8125], "uv_size": [8.936, -5.7805]}
							}
						},
						{
							"origin": [-1.7, 19.75, -3.125],
							"size": [1.775, 0.825, 0.5],
							"pivot": [-0.8125, 20.1625, -2.875],
							"rotation": [0, 0, 15],
							"uv": {
								"north": {"uv": [31.032, 5.032], "uv_size": [1.74925, 0.7805]},
								"east": {"uv": [28.032, 31.032], "uv_size": [0.468, 0.7805]},
								"south": {"uv": [31.032, 13.032], "uv_size": [1.74925, 0.7805]},
								"west": {"uv": [29.032, 31.032], "uv_size": [0.468, 0.7805]},
								"up": {"uv": [31.032, 15.032], "uv_size": [1.74925, 0.468]},
								"down": {"uv": [26.032, 31.5], "uv_size": [1.74925, -0.468]}
							}
						},
						{
							"origin": [-1.7, 19.45, -3.125],
							"size": [1.775, 0.825, 0.5],
							"inflate": -0.01,
							"pivot": [-0.8125, 19.8625, -2.875],
							"rotation": [0, 0, -7],
							"uv": {
								"north": {"uv": [31.032, 5.032], "uv_size": [1.74925, 0.7805]},
								"east": {"uv": [28.032, 31.032], "uv_size": [0.468, 0.7805]},
								"south": {"uv": [31.032, 13.032], "uv_size": [1.74925, 0.7805]},
								"west": {"uv": [29.032, 31.032], "uv_size": [0.468, 0.7805]},
								"up": {"uv": [31.032, 15.032], "uv_size": [1.74925, 0.468]},
								"down": {"uv": [26.032, 31.5], "uv_size": [1.74925, -0.468]}
							}
						},
						{
							"origin": [-1.3, 18.75, -3.025],
							"size": [1.775, 0.525, 0.5],
							"inflate": -0.01,
							"pivot": [-0.4125, 18.8625, -2.775],
							"rotation": [0, 0, -85],
							"uv": {
								"north": {"uv": [32.032, 30.032], "uv_size": [1.74925, 0.7805]},
								"east": {"uv": [33.032, 13.032], "uv_size": [0.468, 0.7805]},
								"south": {"uv": [31.032, 32.032], "uv_size": [1.74925, 0.7805]},
								"west": {"uv": [33.032, 15.032], "uv_size": [0.468, 0.7805]},
								"up": {"uv": [32.032, 31.032], "uv_size": [1.74925, 0.468]},
								"down": {"uv": [33.032, 5.5], "uv_size": [1.74925, -0.468]}
							}
						},
						{
							"origin": [-0.9, 18.45, -3.025],
							"size": [1.775, 0.525, 0.5],
							"inflate": -0.01,
							"pivot": [-0.0125, 18.8625, -2.775],
							"rotation": [0, 0, -100],
							"uv": {
								"north": {"uv": [32.032, 30.032], "uv_size": [1.74925, 0.7805]},
								"east": {"uv": [33.032, 13.032], "uv_size": [0.468, 0.7805]},
								"south": {"uv": [31.032, 32.032], "uv_size": [1.74925, 0.7805]},
								"west": {"uv": [33.032, 15.032], "uv_size": [0.468, 0.7805]},
								"up": {"uv": [32.032, 31.032], "uv_size": [1.74925, 0.468]},
								"down": {"uv": [33.032, 5.5], "uv_size": [1.74925, -0.468]}
							}
						},
						{
							"origin": [-0.4, 19.55, -3.125],
							"size": [1.775, 0.825, 0.5],
							"inflate": -0.01,
							"pivot": [0.4875, 19.9625, -2.875],
							"rotation": [180, 0, -173],
							"uv": {
								"north": {"uv": [31.032, 5.032], "uv_size": [1.74925, 0.7805]},
								"east": {"uv": [28.032, 31.032], "uv_size": [0.468, 0.7805]},
								"south": {"uv": [31.032, 13.032], "uv_size": [1.74925, 0.7805]},
								"west": {"uv": [29.032, 31.032], "uv_size": [0.468, 0.7805]},
								"up": {"uv": [31.032, 15.032], "uv_size": [1.74925, 0.468]},
								"down": {"uv": [26.032, 31.5], "uv_size": [1.74925, -0.468]}
							}
						},
						{
							"origin": [-0.4, 19.85, -3.125],
							"size": [1.775, 0.825, 0.5],
							"inflate": 0.01,
							"pivot": [0.4875, 20.2625, -2.875],
							"rotation": [-180, 0, 165],
							"uv": {
								"north": {"uv": [31.032, 5.032], "uv_size": [1.74925, 0.7805]},
								"east": {"uv": [28.032, 31.032], "uv_size": [0.468, 0.7805]},
								"south": {"uv": [31.032, 13.032], "uv_size": [1.74925, 0.7805]},
								"west": {"uv": [29.032, 31.032], "uv_size": [0.468, 0.7805]},
								"up": {"uv": [31.032, 15.032], "uv_size": [1.74925, 0.468]},
								"down": {"uv": [26.032, 31.5], "uv_size": [1.74925, -0.468]}
							}
						},
						{
							"origin": [-0.57785, 19.48177, -3.125],
							"size": [0.575, 1.125, 0.6],
							"inflate": 0.01,
							"pivot": [-0.24035, 19.99427, -2.875],
							"rotation": [-180, 0, 179],
							"uv": {
								"north": {"uv": [30.032, 31.032], "uv_size": [1.74925, 0.7805]},
								"east": {"uv": [32.032, 29.032], "uv_size": [0.468, 0.7805]},
								"south": {"uv": [32.032, 0.032], "uv_size": [1.74925, 0.7805]},
								"west": {"uv": [30.032, 32.032], "uv_size": [0.468, 0.7805]},
								"up": {"uv": [26.032, 32.032], "uv_size": [1.74925, 0.468]},
								"down": {"uv": [28.032, 32.5], "uv_size": [1.74925, -0.468]}
							}
						},
						{"origin": [-4.3, 17.65, -2.625], "size": [8.6, 3.6, 5.45], "uv": [30, 31]},
						{"origin": [-1.5, 17.95, -1.925], "size": [3, 1, 4.05], "uv": [52, 16]}
					]
				},
				{
					"name": "LeftLeg",
					"parent": "DownBody",
					"pivot": [2.15, 18.95, -1],
					"rotation": [0, 0, -2.5],
					"cubes": [
						{"origin": [0.17862, 11.69905, -2], "size": [3.99, 9, 4], "uv": [0, 36]},
						{"origin": [0.29362, 10.74905, -1.325], "size": [3.675, 2, 2], "pivot": [-0.60638, 11.74905, -0.325], "rotation": [30, 0, 0], "uv": [64, 21]}
					]
				},
				{
					"name": "ShortsLeft",
					"parent": "LeftLeg",
					"pivot": [2.22638, 16.39905, -0.2],
					"rotation": [0, 0, -6],
					"cubes": [
						{"origin": [0.13138, 11.89905, -2.6], "size": [4.39, 9, 4.8], "pivot": [2.22638, 16.39905, -0.2], "rotation": [0, 0, 1], "uv": [90, 6]},
						{"origin": [2.03138, 11.89905, -4.2], "size": [1.79, 5.9, 1], "pivot": [2.82638, 16.39905, -1.8], "rotation": [-83.6578, 80.94473, -82.64904], "uv": [80, 80]},
						{"origin": [3.23138, 11.89905, -4.2], "size": [1.79, 5.5, 1], "pivot": [4.02638, 16.39905, -1.8], "rotation": [-83.6578, 80.94473, -82.64904], "uv": [96, 67]},
						{"origin": [4.43138, 11.89905, -4.1], "size": [1.79, 5.9, 1], "pivot": [5.22638, 16.39905, -1.7], "rotation": [-83.6578, 80.94473, -82.64904], "uv": [27, 82]},
						{"origin": [5.33138, 12.09905, -3.9], "size": [1.89, 5.9, 1], "pivot": [6.12638, 16.59905, -1.5], "rotation": [-55.89645, 86.56018, -60.78646], "uv": [96, 67]},
						{"origin": [5.33138, 12.09905, -2.3], "size": [1.89, 5.9, 1], "pivot": [6.12638, 16.59905, 0.1], "rotation": [48.10918, 87.11204, 43.30331], "uv": [96, 67]},
						{"origin": [1.33138, 11.69905, -4], "size": [1.89, 5.9, 1], "pivot": [2.12638, 16.19905, -1.6], "rotation": [-67.89645, 86.56018, -60.78646], "uv": [96, 67]},
						{"origin": [1.33138, 11.69905, -2], "size": [1.89, 5.9, 1], "pivot": [2.12638, 16.19905, 0.4], "rotation": [-42.54413, 88.24397, -35.41154], "uv": [96, 67]},
						{"origin": [1.53138, 11.69905, -0.3], "size": [1.89, 5.9, 1], "pivot": [2.32638, 16.19905, 2.1], "rotation": [65.28599, 86.9045, 72.46373], "uv": [96, 67]},
						{"origin": [2.43138, 11.89905, -0.3], "size": [1.89, 5.9, 1], "pivot": [3.22638, 16.39905, 2.1], "rotation": [71.28599, 86.9045, 72.46373], "uv": [87, 28]},
						{"origin": [3.63138, 11.89905, -0.3], "size": [1.89, 5.9, 1], "pivot": [4.42638, 16.39905, 2.1], "rotation": [71.28599, 86.9045, 72.46373], "uv": [96, 67]},
						{"origin": [4.83138, 11.99905, -0.4], "size": [1.89, 5.9, 1], "pivot": [5.62638, 16.49905, 2], "rotation": [71.28599, 86.9045, 72.46373], "uv": [87, 61]},
						{"origin": [5.53138, 12.19905, -0.7], "size": [1.89, 5.9, 1], "pivot": [6.32638, 16.69905, 1.7], "rotation": [77.28599, 86.9045, 72.46373], "uv": [96, 67]}
					]
				},
				{
					"name": "LeftLowerLeg",
					"parent": "LeftLeg",
					"pivot": [1.99362, 11.84905, -0.3],
					"cubes": [
						{"origin": [0.19362, 2.54905, -1.975], "size": [3.95, 9.2, 4], "uv": [14, 43]},
						{"origin": [0.09362, 2.54905, -2], "size": [4.15, 5.7, 4.2], "uv": [50, 0]},
						{"origin": [0.29362, 2.54905, -1.9], "size": [3.85, 4, 3.9], "inflate": -0.01, "uv": [94, 22]}
					]
				},
				{
					"name": "LeftFoot",
					"parent": "LeftLowerLeg",
					"pivot": [2.1875, 2.5, 0.1375],
					"cubes": [
						{"origin": [0.04362, -0.12595, -4], "size": [4.225, 3, 6.175], "uv": [30, 0]},
						{"origin": [0.14362, -0.02595, -4.6], "size": [4.025, 2.8, 6.675], "uv": [91, 45]},
						{"origin": [0.21862, 2.27405, -3], "size": [3.875, 1.1, 2.075], "pivot": [2.48112, 2.87405, -2.4125], "rotation": [35, 0, 0], "uv": [56, 64]},
						{"origin": [0.24362, 2.37405, -1.45], "size": [3.825, 1.75, 2.425], "uv": [0, 65]}
					]
				},
				{
					"name": "RightLeg",
					"parent": "DownBody",
					"pivot": [-2.15, 18.95, -1],
					"rotation": [0, 0, 2.5],
					"cubes": [
						{"origin": [-4.16862, 11.69905, -2], "size": [3.99, 9, 4], "uv": [28, 43]},
						{"origin": [-3.96862, 10.74905, -1.325], "size": [3.675, 2, 2], "pivot": [0.60638, 11.74905, -0.325], "rotation": [30, 0, 0], "uv": [64, 25]}
					]
				},
				{
					"name": "ShortsRight",
					"parent": "RightLeg",
					"pivot": [-2.17362, 16.19905, -0.1],
					"cubes": [
						{"origin": [-4.26862, 11.69905, -2.5], "size": [4.39, 9, 4.8], "pivot": [-2.17362, 16.19905, -0.1], "rotation": [0, 0, 1], "uv": [90, 63]},
						{"origin": [-2.36862, 11.69905, -4.1], "size": [1.89, 5.9, 1], "pivot": [-1.57362, 16.19905, -1.7], "rotation": [-83.6578, 80.94473, -82.64904], "uv": [66, 75]},
						{"origin": [-1.16862, 11.69905, -4.1], "size": [1.89, 5.9, 1], "pivot": [-0.37362, 16.19905, -1.7], "rotation": [-83.6578, 80.94473, -82.64904], "uv": [96, 67]},
						{"origin": [0.03138, 11.69905, -4], "size": [1.89, 5.9, 1], "pivot": [0.82638, 16.19905, -1.6], "rotation": [-83.6578, 80.94473, -82.64904], "uv": [78, 50]},
						{"origin": [0.93138, 11.89905, -3.8], "size": [1.89, 5.9, 1], "pivot": [1.72638, 16.39905, -1.4], "rotation": [-55.89645, 86.56018, -60.78646], "uv": [71, 80]},
						{"origin": [-3.06862, 11.49905, -3.9], "size": [1.89, 5.9, 1], "pivot": [-2.27362, 15.99905, -1.5], "rotation": [-67.89645, 86.56018, -60.78646], "uv": [96, 67]},
						{"origin": [-3.06862, 11.49905, -1.9], "size": [1.89, 5.9, 1], "pivot": [-2.27362, 15.99905, 0.5], "rotation": [-42.54413, 88.24397, -35.41154], "uv": [96, 67]},
						{"origin": [-2.86862, 11.49905, -0.2], "size": [1.89, 5.9, 1], "pivot": [-2.07362, 15.99905, 2.2], "rotation": [65.28599, 86.9045, 72.46373], "uv": [83, 61]},
						{"origin": [-1.96862, 11.69905, -0.2], "size": [1.89, 5.9, 1], "pivot": [-1.17362, 16.19905, 2.2], "rotation": [71.28599, 86.9045, 72.46373], "uv": [96, 67]},
						{"origin": [-0.76862, 11.69905, -0.2], "size": [1.89, 5.9, 1], "pivot": [0.02638, 16.19905, 2.2], "rotation": [71.28599, 86.9045, 72.46373], "uv": [41, 86]},
						{"origin": [0.43138, 11.79905, -0.3], "size": [1.89, 5.9, 1], "pivot": [1.22638, 16.29905, 2.1], "rotation": [71.28599, 86.9045, 72.46373], "uv": [96, 67]},
						{"origin": [1.13138, 11.99905, -0.6], "size": [1.89, 5.9, 1], "pivot": [1.92638, 16.49905, 1.8], "rotation": [77.28599, 86.9045, 72.46373], "uv": [87, 0]}
					]
				},
				{
					"name": "RightLowerLeg",
					"parent": "RightLeg",
					"pivot": [-1.99362, 11.84905, -0.3],
					"cubes": [
						{"origin": [-4.14362, 2.54905, -1.975], "size": [3.95, 9.2, 4], "uv": [42, 43]},
						{"origin": [-4.34362, 2.54905, -2.1], "size": [4.35, 5.7, 4.4], "uv": [50, 8]},
						{"origin": [-4.14362, 2.54905, -2], "size": [3.95, 4, 4], "inflate": -0.01, "uv": [92, 91]}
					]
				},
				{
					"name": "RightFoot",
					"parent": "RightLowerLeg",
					"pivot": [-2.1875, 2.5, 0.1375],
					"cubes": [
						{"origin": [-4.26862, -0.12595, -4], "size": [4.225, 3, 6.275], "uv": [24, 34]},
						{"origin": [-4.16862, -0.02595, -4.7], "size": [4.025, 2.8, 6.875], "uv": [53, 91]},
						{"origin": [-4.09362, 2.27405, -3], "size": [3.875, 1.1, 2.075], "pivot": [-2.48112, 2.87405, -2.4125], "rotation": [35, 0, 0], "uv": [66, 0]},
						{"origin": [-4.06862, 2.37405, -1.45], "size": [3.825, 1.75, 2.425], "uv": [66, 3]}
					]
				}
			]
		}
	]
}