{
	"format_version": "1.12.0",
	"minecraft:geometry": [
		{
			"description": {
				"identifier": "geometry.unknown",
				"texture_width": 16,
				"texture_height": 16,
				"visible_bounds_width": 3,
				"visible_bounds_height": 3.5,
				"visible_bounds_offset": [0, 1.25, 0]
			},
			"bones": [
				{
					"name": "RightArm",
					"pivot": [-1.25, 26.115, 2.1],
					"cubes": [
						{
							"origin": [-4.76402, 25.175, -1.02899],
							"size": [5.082, 7.502, 5.082],
							"uv": {
								"north": {"uv": [2.875, 6], "uv_size": [0.53125, 0.78125]},
								"east": {"uv": [6, 4], "uv_size": [0.53125, 0.78125]},
								"south": {"uv": [6.125, 0], "uv_size": [0.53125, 0.78125]},
								"west": {"uv": [6.125, 0.875], "uv_size": [0.53125, 0.78125]},
								"up": {"uv": [5.875, 8], "uv_size": [0.53125, 0.53125]},
								"down": {"uv": [0, 8.65625], "uv_size": [0.53125, -0.53125]}
							}
						}
					]
				},
				{
					"name": "RightSleeve",
					"parent": "RightArm",
					"pivot": [-1.25, 26.115, 2.1]
				},
				{
					"name": "RightForeArm",
					"parent": "RightArm",
					"pivot": [-2.46, 21.275, 2.1],
					"cubes": [
						{
							"origin": [-4.76402, 21.061, -1.02899],
							"size": [5.082, 4.114, 5.082],
							"uv": {
								"north": {"uv": [8.875, 0], "uv_size": [0.53125, 0.4375]},
								"east": {"uv": [8.875, 0.5], "uv_size": [0.53125, 0.4375]},
								"south": {"uv": [2, 8.875], "uv_size": [0.53125, 0.4375]},
								"west": {"uv": [2.625, 8.875], "uv_size": [0.53125, 0.4375]},
								"up": {"uv": [8.125, 2.5], "uv_size": [0.53125, 0.53125]},
								"down": {"uv": [8.125, 3.65625], "uv_size": [0.53125, -0.53125]}
							}
						},
						{
							"origin": [-4.74478, 19.246, -1.02899],
							"size": [5.082, 1.815, 5.082],
							"uv": {
								"north": {"uv": [10.5, 8.875], "uv_size": [0.53125, 0.1875]},
								"east": {"uv": [10.5, 9.125], "uv_size": [0.53125, 0.1875]},
								"south": {"uv": [9.25, 10.5], "uv_size": [0.53125, 0.1875]},
								"west": {"uv": [10.625, 0], "uv_size": [0.53125, 0.1875]},
								"up": {"uv": [0.625, 8.125], "uv_size": [0.53125, 0.53125]},
								"down": {"uv": [8.125, 2.40625], "uv_size": [0.53125, -0.53125]}
							}
						},
						{
							"origin": [-4.74478, 17.673, -1.02899],
							"size": [3.146, 1.573, 5.082],
							"uv": {
								"north": {"uv": [12.375, 3.75], "uv_size": [0.3125, 0.15625]},
								"east": {"uv": [11.125, 0.25], "uv_size": [0.53125, 0.15625]},
								"south": {"uv": [3.875, 12.375], "uv_size": [0.3125, 0.15625]},
								"west": {"uv": [11.125, 0.5], "uv_size": [0.53125, 0.15625]},
								"up": {"uv": [9.75, 0], "uv_size": [0.3125, 0.53125]},
								"down": {"uv": [9.75, 1.15625], "uv_size": [0.3125, -0.53125]}
							}
						},
						{
							"origin": [-4.88502, 21.061, -1.14999],
							"size": [5.324, 1.089, 5.324],
							"uv": {
								"north": {"uv": [8.875, 7.375], "uv_size": [0.5625, 0.125]},
								"east": {"uv": [11.25, 0.125], "uv_size": [0.5625, 0.125]},
								"south": {"uv": [11.25, 7.75], "uv_size": [0.5625, 0.125]},
								"west": {"uv": [11.25, 7.875], "uv_size": [0.5625, 0.125]},
								"up": {"uv": [7.75, 0], "uv_size": [0.5625, 0.5625]},
								"down": {"uv": [7.75, 1.1875], "uv_size": [0.5625, -0.5625]}
							}
						},
						{
							"origin": [-4.5729, 17.794, -0.88186],
							"size": [4.84, 7.26, 4.84],
							"uv": {
								"north": {"uv": [6.75, 0], "uv_size": [0.5, 0.75]},
								"east": {"uv": [6.75, 0.75], "uv_size": [0.5, 0.75]},
								"south": {"uv": [6.75, 4.875], "uv_size": [0.5, 0.75]},
								"west": {"uv": [6.875, 1.5], "uv_size": [0.5, 0.75]},
								"up": {"uv": [5.375, 4.75], "uv_size": [0.5, 0.5]},
								"down": {"uv": [8.375, 1.125], "uv_size": [0.5, -0.5]}
							}
						}
					]
				},
				{
					"name": "rightForeSleeve",
					"parent": "RightForeArm",
					"pivot": [-1.25, 18.25, 2.1]
				},
				{
					"name": "RightHand",
					"parent": "RightForeArm",
					"pivot": [-2.46, 21.275, 2.1],
					"cubes": [
						{
							"origin": [-2.2054, 18.4675, 0.27564],
							"size": [1.315, 1.315, 2.525],
							"inflate": 0.25,
							"uv": {
								"north": {"uv": [11.375, 1], "uv_size": [0.125, 0.125]},
								"east": {"uv": [10.625, 5.125], "uv_size": [0.25, 0.125]},
								"south": {"uv": [10.25, 11.5], "uv_size": [0.125, 0.125]},
								"west": {"uv": [10.75, 4.875], "uv_size": [0.25, 0.125]},
								"up": {"uv": [4.625, 9.375], "uv_size": [0.125, 0.25]},
								"down": {"uv": [8.25, 10.125], "uv_size": [0.125, -0.25]}
							}
						}
					]
				},
				{
					"name": "RightHandLocator",
					"parent": "RightHand",
					"pivot": [-2.46, 15.225, 2.1]
				},
				{
					"name": "RightItem",
					"parent": "RightArm",
					"pivot": [-2.46, 17.645, 3.31]
				},
				{
					"name": "RightArm2",
					"parent": "RightArm",
					"pivot": [-16.98, 22.26228, 3.80386],
					"cubes": [
						{
							"origin": [-4.5729, 25.175, -0.88186],
							"size": [4.84, 7.26, 4.84],
							"uv": {
								"north": {"uv": [7.625, 2.25], "uv_size": [0.5, 0.75]},
								"east": {"uv": [2.375, 7.625], "uv_size": [0.5, 0.75]},
								"south": {"uv": [2.875, 7.625], "uv_size": [0.5, 0.75]},
								"west": {"uv": [7.625, 3], "uv_size": [0.5, 0.75]},
								"up": {"uv": [5.5, 8.625], "uv_size": [0.5, 0.5]},
								"down": {"uv": [6, 9.125], "uv_size": [0.5, -0.5]}
							}
						},
						{
							"origin": [-4.6334, 20.85059, -0.2523],
							"size": [4.68875, 2.3595, 1.05875],
							"pivot": [-16.98, 23.42275, 2.342],
							"rotation": [-68.5, 0, 0],
							"uv": {
								"north": {"uv": [2.875, 10], "uv_size": [0.5, 0.25]},
								"east": {"uv": [2.875, 13.125], "uv_size": [0.125, 0.25]},
								"south": {"uv": [3.375, 10], "uv_size": [0.5, 0.25]},
								"west": {"uv": [3, 13.125], "uv_size": [0.125, 0.25]},
								"up": {"uv": [11.875, 8.375], "uv_size": [0.5, 0.125]},
								"down": {"uv": [11.875, 8.625], "uv_size": [0.5, -0.125]}
							}
						},
						{
							"origin": [-4.6334, 21.93242, 2.9817],
							"size": [4.68875, 2.2385, 1.05875],
							"pivot": [-16.98, 23.42275, 1.858],
							"rotation": [68.5, 0, 0],
							"uv": {
								"north": {"uv": [6.125, 10.25], "uv_size": [0.5, 0.21875]},
								"east": {"uv": [8.375, 13.25], "uv_size": [0.125, 0.21875]},
								"south": {"uv": [10.25, 6.25], "uv_size": [0.5, 0.21875]},
								"west": {"uv": [8.5, 13.25], "uv_size": [0.125, 0.21875]},
								"up": {"uv": [11.875, 8.625], "uv_size": [0.5, 0.125]},
								"down": {"uv": [11.875, 8.875], "uv_size": [0.5, -0.125]}
							}
						},
						{
							"origin": [-4.6334, 24.8483, -1.00286],
							"size": [4.68875, 1.1495, 1.05875],
							"uv": {
								"north": {"uv": [11.875, 8.875], "uv_size": [0.5, 0.125]},
								"east": {"uv": [7.5, 13.625], "uv_size": [0.125, 0.125]},
								"south": {"uv": [11.875, 9], "uv_size": [0.5, 0.125]},
								"west": {"uv": [13.625, 7.5], "uv_size": [0.125, 0.125]},
								"up": {"uv": [11.875, 9.125], "uv_size": [0.5, 0.125]},
								"down": {"uv": [9.25, 12], "uv_size": [0.5, -0.125]}
							}
						},
						{
							"origin": [-4.6334, 24.8483, 2.99014],
							"size": [4.68875, 1.1495, 1.05875],
							"uv": {
								"north": {"uv": [11.875, 9.25], "uv_size": [0.5, 0.125]},
								"east": {"uv": [7.625, 13.625], "uv_size": [0.125, 0.125]},
								"south": {"uv": [11.875, 9.375], "uv_size": [0.5, 0.125]},
								"west": {"uv": [13.625, 7.625], "uv_size": [0.125, 0.125]},
								"up": {"uv": [11.875, 9.5], "uv_size": [0.5, 0.125]},
								"down": {"uv": [11.875, 9.75], "uv_size": [0.5, -0.125]}
							}
						},
						{
							"origin": [-4.6334, 22.60087, 2.70184],
							"size": [4.68875, 2.2385, 1.05875],
							"pivot": [-16.98, 23.15232, 2.32356],
							"rotation": [51, 0, 0],
							"uv": {
								"north": {"uv": [6.625, 10.25], "uv_size": [0.5, 0.21875]},
								"east": {"uv": [8.625, 13.25], "uv_size": [0.125, 0.21875]},
								"south": {"uv": [10.25, 7.125], "uv_size": [0.5, 0.21875]},
								"west": {"uv": [8.75, 13.25], "uv_size": [0.125, 0.21875]},
								"up": {"uv": [9.75, 11.875], "uv_size": [0.5, 0.125]},
								"down": {"uv": [10.25, 12], "uv_size": [0.5, -0.125]}
							}
						},
						{
							"origin": [-4.6334, 21.72757, -0.26777],
							"size": [4.68875, 2.3595, 1.05875],
							"pivot": [-16.98, 23.15232, 1.87644],
							"rotation": [-51, 0, 0],
							"uv": {
								"north": {"uv": [3.875, 10], "uv_size": [0.5, 0.25]},
								"east": {"uv": [3.125, 13.125], "uv_size": [0.125, 0.25]},
								"south": {"uv": [5.125, 10], "uv_size": [0.5, 0.25]},
								"west": {"uv": [3.375, 13.125], "uv_size": [0.125, 0.25]},
								"up": {"uv": [10.75, 11.875], "uv_size": [0.5, 0.125]},
								"down": {"uv": [11.875, 11.125], "uv_size": [0.5, -0.125]}
							}
						},
						{
							"origin": [-4.6334, 22.85468, 0.04182],
							"size": [4.68875, 2.3595, 1.05875],
							"pivot": [-16.98, 22.85752, 0.72375],
							"rotation": [-21, 0, 0],
							"uv": {
								"north": {"uv": [5.625, 10], "uv_size": [0.5, 0.25]},
								"east": {"uv": [3.5, 13.125], "uv_size": [0.125, 0.25]},
								"south": {"uv": [6.125, 10], "uv_size": [0.5, 0.25]},
								"west": {"uv": [3.625, 13.125], "uv_size": [0.125, 0.25]},
								"up": {"uv": [11.875, 11.125], "uv_size": [0.5, 0.125]},
								"down": {"uv": [11.875, 11.625], "uv_size": [0.5, -0.125]}
							}
						},
						{
							"origin": [-4.6334, 23.25739, 2.05034],
							"size": [4.68875, 2.2385, 1.05875],
							"pivot": [-16.98, 22.85752, 3.47625],
							"rotation": [21, 0, 0],
							"uv": {
								"north": {"uv": [10.25, 7.375], "uv_size": [0.5, 0.21875]},
								"east": {"uv": [8.875, 13.25], "uv_size": [0.125, 0.21875]},
								"south": {"uv": [10.25, 7.625], "uv_size": [0.5, 0.21875]},
								"west": {"uv": [9, 13.25], "uv_size": [0.125, 0.21875]},
								"up": {"uv": [11.875, 11.625], "uv_size": [0.5, 0.125]},
								"down": {"uv": [11.875, 11.875], "uv_size": [0.5, -0.125]}
							}
						},
						{
							"origin": [-4.6334, 22.71983, 0.943],
							"size": [4.68875, 3.2065, 1.05875],
							"uv": {
								"north": {"uv": [7.875, 9.5], "uv_size": [0.5, 0.34375]},
								"east": {"uv": [2, 12.625], "uv_size": [0.125, 0.34375]},
								"south": {"uv": [2.375, 9.625], "uv_size": [0.5, 0.34375]},
								"west": {"uv": [2.125, 12.625], "uv_size": [0.125, 0.34375]},
								"up": {"uv": [11.875, 11.875], "uv_size": [0.5, 0.125]},
								"down": {"uv": [0, 12.125], "uv_size": [0.5, -0.125]}
							}
						}
					]
				},
				{
					"name": "LeftArm",
					"pivot": [4.65, 27.115, 0.5],
					"cubes": [
						{
							"origin": [-0.00258, 24.175, -0.86301],
							"size": [4.84, 7.26, 4.84],
							"uv": {
								"north": {"uv": [2.5, 6.875], "uv_size": [0.5, 0.75]},
								"east": {"uv": [3, 6.875], "uv_size": [0.5, 0.75]},
								"south": {"uv": [6.875, 5.625], "uv_size": [0.5, 0.75]},
								"west": {"uv": [1.875, 7], "uv_size": [0.5, 0.75]},
								"up": {"uv": [2, 8.375], "uv_size": [0.5, 0.5]},
								"down": {"uv": [2.5, 8.875], "uv_size": [0.5, -0.5]}
							}
						},
						{
							"origin": [-0.19371, 24.175, -1.01014],
							"size": [5.082, 7.502, 5.082],
							"uv": {
								"north": {"uv": [3.5, 6.125], "uv_size": [0.53125, 0.78125]},
								"east": {"uv": [4.125, 6.125], "uv_size": [0.53125, 0.78125]},
								"south": {"uv": [6.125, 4.875], "uv_size": [0.53125, 0.78125]},
								"west": {"uv": [6.25, 1.75], "uv_size": [0.53125, 0.78125]},
								"up": {"uv": [8.25, 6.25], "uv_size": [0.53125, 0.53125]},
								"down": {"uv": [8.25, 7.40625], "uv_size": [0.53125, -0.53125]}
							}
						}
					]
				},
				{
					"name": "LeftSleeve",
					"parent": "LeftArm",
					"pivot": [4.65, 27.115, 0.5]
				},
				{
					"name": "LeftForeArm",
					"parent": "LeftArm",
					"pivot": [5.86, 22.275, 0.5],
					"cubes": [
						{
							"origin": [1.86329, 16.673, -1.01014],
							"size": [3.025, 1.573, 5.082],
							"uv": {
								"north": {"uv": [3.125, 12.375], "uv_size": [0.3125, 0.15625]},
								"east": {"uv": [10.375, 11], "uv_size": [0.53125, 0.15625]},
								"south": {"uv": [12.375, 3.5], "uv_size": [0.3125, 0.15625]},
								"west": {"uv": [11, 11], "uv_size": [0.53125, 0.15625]},
								"up": {"uv": [4.375, 9.625], "uv_size": [0.3125, 0.53125]},
								"down": {"uv": [9.625, 9.40625], "uv_size": [0.3125, -0.53125]}
							}
						},
						{
							"origin": [-0.07271, 18.246, -1.01014],
							"size": [4.961, 1.815, 5.082],
							"uv": {
								"north": {"uv": [9.875, 10.5], "uv_size": [0.5, 0.1875]},
								"east": {"uv": [10.5, 4.25], "uv_size": [0.53125, 0.1875]},
								"south": {"uv": [0, 10.625], "uv_size": [0.5, 0.1875]},
								"west": {"uv": [6.125, 10.5], "uv_size": [0.53125, 0.1875]},
								"up": {"uv": [8.25, 8.25], "uv_size": [0.5, 0.53125]},
								"down": {"uv": [8.375, 0.53125], "uv_size": [0.5, -0.53125]}
							}
						},
						{
							"origin": [-0.31471, 20.061, -1.13114],
							"size": [5.324, 1.089, 5.324],
							"uv": {
								"north": {"uv": [11.5, 2.875], "uv_size": [0.53125, 0.125]},
								"east": {"uv": [11.375, 1.125], "uv_size": [0.5625, 0.125]},
								"south": {"uv": [11.5, 3], "uv_size": [0.53125, 0.125]},
								"west": {"uv": [11.375, 4.875], "uv_size": [0.5625, 0.125]},
								"up": {"uv": [1.5, 7.75], "uv_size": [0.53125, 0.5625]},
								"down": {"uv": [3.375, 8.3125], "uv_size": [0.53125, -0.5625]}
							}
						},
						{
							"origin": [-0.19371, 20.061, -1.01014],
							"size": [5.082, 4.114, 5.082],
							"uv": {
								"north": {"uv": [3.25, 8.875], "uv_size": [0.53125, 0.4375]},
								"east": {"uv": [8.875, 3.5], "uv_size": [0.53125, 0.4375]},
								"south": {"uv": [8.875, 4], "uv_size": [0.53125, 0.4375]},
								"west": {"uv": [8.875, 5.375], "uv_size": [0.53125, 0.4375]},
								"up": {"uv": [8.25, 3.75], "uv_size": [0.53125, 0.53125]},
								"down": {"uv": [8.25, 6.15625], "uv_size": [0.53125, -0.53125]}
							}
						},
						{
							"origin": [-0.00258, 16.794, -0.86301],
							"size": [4.84, 7.26, 4.84],
							"uv": {
								"north": {"uv": [3.5, 7], "uv_size": [0.5, 0.75]},
								"east": {"uv": [4, 7], "uv_size": [0.5, 0.75]},
								"south": {"uv": [7.125, 2.25], "uv_size": [0.5, 0.75]},
								"west": {"uv": [7.125, 3], "uv_size": [0.5, 0.75]},
								"up": {"uv": [3, 8.375], "uv_size": [0.5, 0.5]},
								"down": {"uv": [3.5, 8.875], "uv_size": [0.5, -0.5]}
							}
						}
					]
				},
				{
					"name": "LeftHand",
					"parent": "LeftForeArm",
					"pivot": [5.86, 22.275, 0.5]
				},
				{
					"name": "LeftHandLocator",
					"parent": "LeftHand",
					"pivot": [5.86, 16.225, 0.5]
				},
				{
					"name": "LeftForeSleeve",
					"parent": "LeftForeArm",
					"pivot": [4.65, 19.25, 0.5]
				},
				{
					"name": "LeftItem",
					"parent": "LeftArm",
					"pivot": [5.86, 18.645, 1.71]
				},
				{
					"name": "LeftArm2",
					"parent": "LeftArm",
					"pivot": [-8.66, 23.26228, 2.20386],
					"cubes": [
						{
							"origin": [0.05792, 22.6238, 0.60185],
							"size": [4.68875, 2.3595, 1.05875],
							"pivot": [-8.66, 24.42275, 0.742],
							"rotation": [-68.5, 0, 0],
							"uv": {
								"north": {"uv": [4, 7.75], "uv_size": [0.5, 0.25]},
								"east": {"uv": [2.25, 13.125], "uv_size": [0.125, 0.25]},
								"south": {"uv": [7.75, 9.875], "uv_size": [0.5, 0.25]},
								"west": {"uv": [2.375, 13.125], "uv_size": [0.125, 0.25]},
								"up": {"uv": [11.75, 1], "uv_size": [0.5, 0.125]},
								"down": {"uv": [11.875, 0.25], "uv_size": [0.5, -0.125]}
							}
						},
						{
							"origin": [0.05792, 20.69321, 0.11418],
							"size": [4.68875, 2.2385, 1.05875],
							"pivot": [-8.66, 24.42275, 0.258],
							"rotation": [68.5, 0, 0],
							"uv": {
								"north": {"uv": [4.125, 10.25], "uv_size": [0.5, 0.21875]},
								"east": {"uv": [13.25, 7.5], "uv_size": [0.125, 0.21875]},
								"south": {"uv": [10.25, 4.5], "uv_size": [0.5, 0.21875]},
								"west": {"uv": [7.75, 13.25], "uv_size": [0.125, 0.21875]},
								"up": {"uv": [2.25, 11.875], "uv_size": [0.5, 0.125]},
								"down": {"uv": [11.875, 3.75], "uv_size": [0.5, -0.125]}
							}
						},
						{
							"origin": [0.05792, 23.8483, -0.98401],
							"size": [4.68875, 1.1495, 1.05875],
							"uv": {
								"north": {"uv": [11.875, 5.5], "uv_size": [0.5, 0.125]},
								"east": {"uv": [13.625, 7.125], "uv_size": [0.125, 0.125]},
								"south": {"uv": [11.875, 5.625], "uv_size": [0.5, 0.125]},
								"west": {"uv": [7.25, 13.625], "uv_size": [0.125, 0.125]},
								"up": {"uv": [11.875, 5.75], "uv_size": [0.5, 0.125]},
								"down": {"uv": [11.875, 6], "uv_size": [0.5, -0.125]}
							}
						},
						{
							"origin": [0.05792, 23.8483, 3.00899],
							"size": [4.68875, 1.1495, 1.05875],
							"uv": {
								"north": {"uv": [11.875, 6], "uv_size": [0.5, 0.125]},
								"east": {"uv": [13.625, 7.25], "uv_size": [0.125, 0.125]},
								"south": {"uv": [11.875, 7.75], "uv_size": [0.5, 0.125]},
								"west": {"uv": [7.375, 13.625], "uv_size": [0.125, 0.125]},
								"up": {"uv": [11.875, 7.875], "uv_size": [0.5, 0.125]},
								"down": {"uv": [11.875, 8.375], "uv_size": [0.5, -0.125]}
							}
						},
						{
							"origin": [0.05792, 21.08414, 0.56632],
							"size": [4.68875, 2.2385, 1.05875],
							"pivot": [-8.66, 24.15232, 0.72356],
							"rotation": [51, 0, 0],
							"uv": {
								"north": {"uv": [10.25, 4.75], "uv_size": [0.5, 0.21875]},
								"east": {"uv": [13.25, 7.75], "uv_size": [0.125, 0.21875]},
								"south": {"uv": [5.125, 10.25], "uv_size": [0.5, 0.21875]},
								"west": {"uv": [7.875, 13.25], "uv_size": [0.125, 0.21875]},
								"up": {"uv": [11.875, 3.75], "uv_size": [0.5, 0.125]},
								"down": {"uv": [11.875, 4], "uv_size": [0.5, -0.125]}
							}
						},
						{
							"origin": [0.05792, 22.72701, 0.7053],
							"size": [4.68875, 2.3595, 1.05875],
							"pivot": [-8.66, 24.15232, 0.27644],
							"rotation": [-51, 0, 0],
							"uv": {
								"north": {"uv": [9.875, 9.5], "uv_size": [0.5, 0.25]},
								"east": {"uv": [13.125, 2.375], "uv_size": [0.125, 0.25]},
								"south": {"uv": [9.875, 9.75], "uv_size": [0.5, 0.25]},
								"west": {"uv": [2.5, 13.125], "uv_size": [0.125, 0.25]},
								"up": {"uv": [11.875, 4], "uv_size": [0.5, 0.125]},
								"down": {"uv": [11.875, 4.25], "uv_size": [0.5, -0.125]}
							}
						},
						{
							"origin": [0.05792, 22.56767, 0.66989],
							"size": [4.68875, 2.3595, 1.05875],
							"pivot": [-8.66, 23.85752, -0.87625],
							"rotation": [-21, 0, 0],
							"uv": {
								"north": {"uv": [0.5, 10], "uv_size": [0.5, 0.25]},
								"east": {"uv": [2.625, 13.125], "uv_size": [0.125, 0.25]},
								"south": {"uv": [2.375, 10], "uv_size": [0.5, 0.25]},
								"west": {"uv": [2.75, 13.125], "uv_size": [0.125, 0.25]},
								"up": {"uv": [11.875, 4.25], "uv_size": [0.5, 0.125]},
								"down": {"uv": [11.875, 5.25], "uv_size": [0.5, -0.125]}
							}
						},
						{
							"origin": [0.05792, 21.81008, 1.24493],
							"size": [4.68875, 2.2385, 1.05875],
							"pivot": [-8.66, 23.85752, 1.87625],
							"rotation": [21, 0, 0],
							"uv": {
								"north": {"uv": [5.625, 10.25], "uv_size": [0.5, 0.21875]},
								"east": {"uv": [8, 13.25], "uv_size": [0.125, 0.21875]},
								"south": {"uv": [10.25, 6], "uv_size": [0.5, 0.21875]},
								"west": {"uv": [13.25, 8], "uv_size": [0.125, 0.21875]},
								"up": {"uv": [11.875, 5.25], "uv_size": [0.5, 0.125]},
								"down": {"uv": [11.875, 5.5], "uv_size": [0.5, -0.125]}
							}
						},
						{
							"origin": [0.05792, 21.71983, 0.96185],
							"size": [4.56775, 3.2065, 1.05875],
							"uv": {
								"north": {"uv": [9.75, 7.125], "uv_size": [0.46875, 0.34375]},
								"east": {"uv": [1.75, 12.625], "uv_size": [0.125, 0.34375]},
								"south": {"uv": [9.75, 7.5], "uv_size": [0.46875, 0.34375]},
								"west": {"uv": [1.875, 12.625], "uv_size": [0.125, 0.34375]},
								"up": {"uv": [12, 7.625], "uv_size": [0.46875, 0.125]},
								"down": {"uv": [12, 8.125], "uv_size": [0.46875, -0.125]}
							}
						}
					]
				}
			]
		}
	]
}