{
	"format_version": "1.12.0",
	"minecraft:geometry": [
		{
			"description": {
				"identifier": "geometry.unknown",
				"texture_width": 128,
				"texture_height": 128,
				"visible_bounds_width": 3,
				"visible_bounds_height": 3.5,
				"visible_bounds_offset": [0, 1.25, 0]
			},
			"bones": [
				{
					"name": "LeftArm",
					"pivot": [1, 22, 0],
					"cubes": [
						{
							"origin": [0, 12, -2],
							"size": [3, 12, 4],
							"uv": {
								"north": {"uv": [36, 52], "uv_size": [3, 12]},
								"east": {"uv": [32, 52], "uv_size": [4, 12]},
								"south": {"uv": [43, 52], "uv_size": [3, 12]},
								"west": {"uv": [39, 52], "uv_size": [4, 12]},
								"up": {"uv": [36, 48], "uv_size": [3, 4]},
								"down": {"uv": [39, 52], "uv_size": [3, -4]}
							}
						},
						{
							"origin": [0, 12, -2],
							"size": [3, 12, 4],
							"inflate": 0.25,
							"uv": {
								"north": {"uv": [52, 52], "uv_size": [3, 12]},
								"east": {"uv": [48, 52], "uv_size": [4, 12]},
								"south": {"uv": [59, 52], "uv_size": [3, 12]},
								"west": {"uv": [55, 52], "uv_size": [4, 12]},
								"up": {"uv": [52, 48], "uv_size": [3, 4]},
								"down": {"uv": [55, 52], "uv_size": [3, -4]}
							}
						}
					]
				},
				{
					"name": "RightArm",
					"pivot": [-1, 22, 0],
					"cubes": [
						{
							"origin": [-3, 12, -2],
							"size": [3, 12, 4],
							"uv": {
								"north": {"uv": [44, 20], "uv_size": [3, 12]},
								"east": {"uv": [40, 20], "uv_size": [4, 12]},
								"south": {"uv": [51, 20], "uv_size": [3, 12]},
								"west": {"uv": [47, 20], "uv_size": [4, 12]},
								"up": {"uv": [44, 16], "uv_size": [3, 4]},
								"down": {"uv": [47, 20], "uv_size": [3, -4]}
							}
						},
						{
							"origin": [-3, 12, -2],
							"size": [3, 12, 4],
							"inflate": 0.25,
							"uv": {
								"north": {"uv": [44, 36], "uv_size": [3, 12]},
								"east": {"uv": [40, 36], "uv_size": [4, 12]},
								"south": {"uv": [51, 36], "uv_size": [3, 12]},
								"west": {"uv": [47, 36], "uv_size": [4, 12]},
								"up": {"uv": [44, 32], "uv_size": [3, 4]},
								"down": {"uv": [47, 36], "uv_size": [3, -4]}
							}
						}
					]
				}
			]
		}
	]
}