{
	"format_version": "1.12.0",
	"minecraft:geometry": [
		{
			"description": {
				"identifier": "geometry.unknown",
				"texture_width": 128,
				"texture_height": 128,
				"visible_bounds_width": 3,
				"visible_bounds_height": 3.5,
				"visible_bounds_offset": [0, 1.25, 0]
			},
			"bones": [
				{
					"name": "root",
					"pivot": [0, 0, 0]
				},
				{
					"name": "Body",
					"parent": "root",
					"pivot": [0, 24, 0],
					"cubes": [
						{
							"origin": [-4, 12, -2],
							"size": [8, 12, 4],
							"uv": {
								"north": {"uv": [20, 20], "uv_size": [8, 12]},
								"east": {"uv": [16, 20], "uv_size": [4, 12]},
								"south": {"uv": [32, 20], "uv_size": [8, 12]},
								"west": {"uv": [28, 20], "uv_size": [4, 12]},
								"up": {"uv": [20, 16], "uv_size": [8, 4]},
								"down": {"uv": [28, 20], "uv_size": [8, -4]}
							}
						},
						{
							"origin": [-4, 12, -2],
							"size": [8, 12, 4],
							"inflate": 0.25,
							"uv": {
								"north": {"uv": [20, 36], "uv_size": [8, 12]},
								"east": {"uv": [16, 36], "uv_size": [4, 12]},
								"south": {"uv": [32, 36], "uv_size": [8, 12]},
								"west": {"uv": [28, 36], "uv_size": [4, 12]},
								"up": {"uv": [20, 32], "uv_size": [8, 4]},
								"down": {"uv": [28, 36], "uv_size": [8, -4]}
							}
						}
					]
				},
				{
					"name": "Booba",
					"parent": "Body",
					"pivot": [0, 23, -2],
					"cubes": [
						{"origin": [-4, 19, -2], "size": [8, 4, 2], "inflate": -0.001, "pivot": [0, 23, -2], "rotation": [-17, 0, 0], "uv": [38, 0]},
						{"origin": [-4, 19, -2], "size": [8, 4, 2], "inflate": 0.25, "pivot": [0, 23, -2], "rotation": [-17, 0, 0], "uv": [38, 6]}
					]
				},
				{
					"name": "Skirt",
					"parent": "Body",
					"pivot": [0, 15, 0]
				},
				{
					"name": "Front",
					"parent": "Skirt",
					"pivot": [0, 15, 0]
				},
				{
					"name": "Left",
					"parent": "Front",
					"pivot": [2, 14.75, -1.65],
					"rotation": [-20, 0, 0],
					"cubes": [
						{"origin": [1.58579, 7.75, -1.23579], "size": [2, 7, 2], "pivot": [4, 14.75, -1.65], "rotation": [0, -45, 0], "uv": [10, 1]}
					]
				},
				{
					"name": "Left2",
					"parent": "Front",
					"pivot": [4, 14.75, -1.65],
					"rotation": [-15, 0, -8],
					"cubes": [
						{"origin": [2.25, 7.75, -2.15], "size": [2, 7, 2], "uv": [10, 1]}
					]
				},
				{
					"name": "Right",
					"parent": "Front",
					"pivot": [-2, 14.75, -1.65],
					"rotation": [-20, 0, 0],
					"cubes": [
						{"origin": [-3, 7.75, -2.65], "size": [2, 7, 2], "pivot": [-2, 14.75, -1.65], "rotation": [0, -45, 0], "uv": [10, 1]}
					]
				},
				{
					"name": "Right2",
					"parent": "Front",
					"pivot": [-4, 14.75, -1.65],
					"rotation": [-15, 0, 8],
					"cubes": [
						{"origin": [-4.25, 7.75, -2.15], "size": [2, 7, 2], "uv": [10, 1]}
					]
				},
				{
					"name": "Middle",
					"parent": "Front",
					"pivot": [2, 14.75, -1.65],
					"cubes": [
						{"origin": [-1, 7.775, -2], "size": [2, 7, 2], "pivot": [0, 14.75, -1.65], "rotation": [-20, 0, 0], "uv": [10, 1]}
					]
				},
				{
					"name": "SkirtLeft",
					"parent": "Skirt",
					"pivot": [0, 15, 0]
				},
				{
					"name": "LeftBack",
					"parent": "SkirtLeft",
					"pivot": [-4.3, 14.8, -0.8],
					"rotation": [0, 0, 20],
					"cubes": [
						{"origin": [-4.3, 7.8, -1.8], "size": [2, 7, 2], "pivot": [-3.3, 11.3, -0.8], "rotation": [0, -45, 0], "uv": [10, 1]}
					]
				},
				{
					"name": "LeftFront",
					"parent": "SkirtLeft",
					"pivot": [-4.3, 14.8, 0.8],
					"rotation": [0, 0, 20],
					"cubes": [
						{"origin": [-4.3, 7.775, -0.2], "size": [2, 7, 2], "pivot": [-3.3, 11.3, 0.8], "rotation": [0, -45, 0], "uv": [10, 1]}
					]
				},
				{
					"name": "SkirtRight",
					"parent": "Skirt",
					"pivot": [0, 15, 0],
					"rotation": [0, 180, 0]
				},
				{
					"name": "RightBack2",
					"parent": "SkirtRight",
					"pivot": [-4.3, 14.8, -0.8],
					"rotation": [0, 0, 20],
					"cubes": [
						{"origin": [-4.3, 7.775, -1.8], "size": [2, 7, 2], "pivot": [-3.3, 11.3, -0.8], "rotation": [0, -45, 0], "uv": [10, 1]}
					]
				},
				{
					"name": "RightFront2",
					"parent": "SkirtRight",
					"pivot": [-4.3, 14.8, 0.8],
					"rotation": [0, 0, 20],
					"cubes": [
						{"origin": [-4.3, 7.8, -0.2], "size": [2, 7, 2], "pivot": [-3.3, 11.3, 0.8], "rotation": [0, -45, 0], "uv": [10, 1]}
					]
				},
				{
					"name": "Back",
					"parent": "Skirt",
					"pivot": [0, 15, 0],
					"rotation": [0, 180, 0]
				},
				{
					"name": "Left3",
					"parent": "Back",
					"pivot": [2, 14.75, -1.65],
					"rotation": [-20, 0, 0],
					"cubes": [
						{"origin": [1.58579, 7.75, -1.23579], "size": [2, 7, 2], "pivot": [4, 14.75, -1.65], "rotation": [0, -45, 0], "uv": [10, 1]}
					]
				},
				{
					"name": "Left4",
					"parent": "Back",
					"pivot": [4, 14.75, -1.65],
					"rotation": [-15, 0, -8],
					"cubes": [
						{"origin": [2.25, 7.75, -2.15], "size": [2, 7, 2], "uv": [10, 1]}
					]
				},
				{
					"name": "Right3",
					"parent": "Back",
					"pivot": [-2, 14.75, -1.65],
					"rotation": [-20, 0, 0],
					"cubes": [
						{"origin": [-3, 7.75, -2.65], "size": [2, 7, 2], "pivot": [-2, 14.75, -1.65], "rotation": [0, -45, 0], "uv": [10, 1]}
					]
				},
				{
					"name": "Right4",
					"parent": "Back",
					"pivot": [-4, 14.75, -1.65],
					"rotation": [-15, 0, 8],
					"cubes": [
						{"origin": [-4.25, 7.75, -2.15], "size": [2, 7, 2], "uv": [10, 1]}
					]
				},
				{
					"name": "Middle2",
					"parent": "Back",
					"pivot": [2, 14.75, -1.65],
					"cubes": [
						{"origin": [-1, 7.775, -2], "size": [2, 7, 2], "pivot": [0, 14.75, -1.65], "rotation": [-20, 0, 0], "uv": [10, 1]}
					]
				},
				{
					"name": "Tail",
					"parent": "Skirt",
					"pivot": [-0.5, 14.5, 5],
					"cubes": [
						{"origin": [-1.5, 14, 2], "size": [3, 3, 4], "pivot": [-0.5, 14.5, 5], "rotation": [22.5, 0, 0], "uv": [58, 0]}
					]
				},
				{
					"name": "Head",
					"parent": "root",
					"pivot": [0, 24, 0],
					"cubes": [
						{
							"origin": [-4, 24, -4],
							"size": [8, 9, 8],
							"uv": {
								"north": {"uv": [96, 17], "uv_size": [8, 9]},
								"east": {"uv": [88, 17], "uv_size": [8, 9]},
								"south": {"uv": [112, 17], "uv_size": [8, 9]},
								"west": {"uv": [104, 17], "uv_size": [8, 9]},
								"up": {"uv": [96, 9], "uv_size": [8, 8]},
								"down": {"uv": [104, 17], "uv_size": [8, -8]}
							}
						},
						{
							"origin": [-4, 24.35, -4],
							"size": [8, 9, 8],
							"inflate": 0.25,
							"uv": {
								"north": {"uv": [64, 17], "uv_size": [8, 9]},
								"east": {"uv": [56, 17], "uv_size": [8, 9]},
								"south": {"uv": [80, 17], "uv_size": [8, 9]},
								"west": {"uv": [72, 17], "uv_size": [8, 9]},
								"up": {"uv": [64, 9], "uv_size": [8, 8]},
								"down": {"uv": [72, 17], "uv_size": [8, -8]}
							}
						},
						{"origin": [-2.5, 23.5, -5], "size": [5, 4, 6], "uv": [50, 26]},
						{"origin": [-5, 28, -4], "size": [10, 1, 0], "uv": [0, 0]},
						{"origin": [-4, 20.85, -4], "size": [8, 3, 8], "inflate": 0.25, "uv": [54, 36]}
					]
				},
				{
					"name": "Ears",
					"parent": "Head",
					"pivot": [0, 24, 0],
					"cubes": [
						{"origin": [1.5, 28, -1], "size": [5, 3, 0], "pivot": [0, 24, 0], "rotation": [0, 0, 12.5], "uv": [0, 8]},
						{"origin": [-6.5, 28, -1], "size": [5, 3, 0], "pivot": [0, 24, 0], "rotation": [0, 0, -12.5], "uv": [0, 8], "mirror": true}
					]
				},
				{
					"name": "Antlers",
					"parent": "Head",
					"pivot": [0, 24, 0],
					"cubes": [
						{"origin": [-1.5, 33, -2], "size": [5, 7, 0], "pivot": [0, 24, 0], "rotation": [0, 0, 12.5], "uv": [0, 1]},
						{"origin": [-3.5, 33, -2], "size": [5, 7, 0], "pivot": [0, 24, 0], "rotation": [0, 0, -12.5], "uv": [0, 1], "mirror": true}
					]
				},
				{
					"name": "Hair",
					"parent": "Head",
					"pivot": [0, 31, 3.5],
					"cubes": [
						{"origin": [-4, 18, 2.5], "size": [8, 14, 2], "inflate": 0.01, "uv": [18, 0]}
					]
				},
				{
					"name": "LeftArm",
					"parent": "root",
					"pivot": [5, 22, 0],
					"cubes": [
						{
							"origin": [4, 12, -2],
							"size": [3, 12, 4],
							"uv": {
								"north": {"uv": [36, 52], "uv_size": [3, 12]},
								"east": {"uv": [32, 52], "uv_size": [4, 12]},
								"south": {"uv": [43, 52], "uv_size": [3, 12]},
								"west": {"uv": [39, 52], "uv_size": [4, 12]},
								"up": {"uv": [36, 48], "uv_size": [3, 4]},
								"down": {"uv": [39, 52], "uv_size": [3, -4]}
							}
						},
						{
							"origin": [4, 12, -2],
							"size": [3, 12, 4],
							"inflate": 0.25,
							"uv": {
								"north": {"uv": [52, 52], "uv_size": [3, 12]},
								"east": {"uv": [48, 52], "uv_size": [4, 12]},
								"south": {"uv": [59, 52], "uv_size": [3, 12]},
								"west": {"uv": [55, 52], "uv_size": [4, 12]},
								"up": {"uv": [52, 48], "uv_size": [3, 4]},
								"down": {"uv": [55, 52], "uv_size": [3, -4]}
							}
						}
					]
				},
				{
					"name": "LeftHandLocator",
					"parent": "LeftArm",
					"pivot": [5.5, 13, 0]
				},
				{
					"name": "RightArm",
					"parent": "root",
					"pivot": [-5, 22, 0],
					"cubes": [
						{
							"origin": [-7, 12, -2],
							"size": [3, 12, 4],
							"uv": {
								"north": {"uv": [44, 20], "uv_size": [3, 12]},
								"east": {"uv": [40, 20], "uv_size": [4, 12]},
								"south": {"uv": [51, 20], "uv_size": [3, 12]},
								"west": {"uv": [47, 20], "uv_size": [4, 12]},
								"up": {"uv": [44, 16], "uv_size": [3, 4]},
								"down": {"uv": [47, 20], "uv_size": [3, -4]}
							}
						},
						{
							"origin": [-7, 12, -2],
							"size": [3, 12, 4],
							"inflate": 0.25,
							"uv": {
								"north": {"uv": [44, 36], "uv_size": [3, 12]},
								"east": {"uv": [40, 36], "uv_size": [4, 12]},
								"south": {"uv": [51, 36], "uv_size": [3, 12]},
								"west": {"uv": [47, 36], "uv_size": [4, 12]},
								"up": {"uv": [44, 32], "uv_size": [3, 4]},
								"down": {"uv": [47, 36], "uv_size": [3, -4]}
							}
						}
					]
				},
				{
					"name": "RightHandLocator",
					"parent": "RightArm",
					"pivot": [-5.5, 13, 0]
				},
				{
					"name": "LeftLeg",
					"parent": "root",
					"pivot": [1.9, 12, 1],
					"cubes": [
						{
							"origin": [-0.1, 0, -2],
							"size": [4, 12, 4],
							"uv": {
								"north": {"uv": [20, 52], "uv_size": [4, 12]},
								"east": {"uv": [16, 52], "uv_size": [4, 12]},
								"south": {"uv": [28, 52], "uv_size": [4, 12]},
								"west": {"uv": [24, 52], "uv_size": [4, 12]},
								"up": {"uv": [20, 48], "uv_size": [4, 4]},
								"down": {"uv": [24, 52], "uv_size": [4, -4]}
							}
						},
						{
							"origin": [-0.1, 0, -2],
							"size": [4, 12, 4],
							"inflate": 0.25,
							"uv": {
								"north": {"uv": [4, 52], "uv_size": [4, 12]},
								"east": {"uv": [0, 52], "uv_size": [4, 12]},
								"south": {"uv": [12, 52], "uv_size": [4, 12]},
								"west": {"uv": [8, 52], "uv_size": [4, 12]},
								"up": {"uv": [4, 48], "uv_size": [4, 4]},
								"down": {"uv": [8, 52], "uv_size": [4, -4]}
							}
						}
					]
				},
				{
					"name": "RightLeg",
					"parent": "root",
					"pivot": [-1.9, 12, 1],
					"cubes": [
						{
							"origin": [-3.9, 0, -2],
							"size": [4, 12, 4],
							"uv": {
								"north": {"uv": [4, 20], "uv_size": [4, 12]},
								"east": {"uv": [0, 20], "uv_size": [4, 12]},
								"south": {"uv": [12, 20], "uv_size": [4, 12]},
								"west": {"uv": [8, 20], "uv_size": [4, 12]},
								"up": {"uv": [4, 16], "uv_size": [4, 4]},
								"down": {"uv": [8, 20], "uv_size": [4, -4]}
							}
						},
						{
							"origin": [-3.9, 0, -2],
							"size": [4, 12, 4],
							"inflate": 0.25,
							"uv": {
								"north": {"uv": [4, 36], "uv_size": [4, 12]},
								"east": {"uv": [0, 36], "uv_size": [4, 12]},
								"south": {"uv": [12, 36], "uv_size": [4, 12]},
								"west": {"uv": [8, 36], "uv_size": [4, 12]},
								"up": {"uv": [4, 32], "uv_size": [4, 4]},
								"down": {"uv": [8, 36], "uv_size": [4, -4]}
							}
						}
					]
				}
			]
		}
	]
}