{
	"format_version": "1.12.0",
	"minecraft:geometry": [
		{
			"description": {
				"identifier": "geometry.unknown",
				"texture_width": 128,
				"texture_height": 128,
				"visible_bounds_width": 3,
				"visible_bounds_height": 4.5,
				"visible_bounds_offset": [0, 1.75, 0]
			},
			"bones": [
				{
					"name": "LeftArm",
					"pivot": [0.99975, 29.3062, 0.06129],
					"cubes": [
						{
							"origin": [-27.16694, 69.02844, -1.875],
							"size": [4.935, 3.1395, 3.9445],
							"pivot": [-33.07644, 35.677, 0.2295],
							"rotation": [0, 0, 90],
							"uv": {
								"north": {"uv": [12, 7], "uv_size": [5, 3]},
								"east": {"uv": [45, 68], "uv_size": [4, 3]},
								"south": {"uv": [41, 63], "uv_size": [5, 3]},
								"west": {"uv": [68, 45], "uv_size": [4, 3]},
								"up": {"uv": [25, 50], "uv_size": [5, 4]},
								"down": {"uv": [50, 29], "uv_size": [5, -4]}
							}
						},
						{
							"origin": [-1.75417, 27.64464, -1.875],
							"size": [1.80074, 2.57173, 3.9445],
							"inflate": 0.005,
							"pivot": [0.71333, 28.64661, 0.09725],
							"rotation": [0, 0, 125],
							"uv": {
								"north": {"uv": [16, 87], "uv_size": [2, 3]},
								"east": {"uv": [70, 51], "uv_size": [4, 3]},
								"south": {"uv": [87, 24], "uv_size": [2, 3]},
								"west": {"uv": [69, 70], "uv_size": [4, 3]},
								"up": {"uv": [81, 30], "uv_size": [2, 4]},
								"down": {"uv": [81, 43], "uv_size": [2, -4]}
							}
						}
					]
				},
				{
					"name": "LeftForeArm",
					"parent": "LeftArm",
					"pivot": [1.94719, 24.7927, 0.06129],
					"cubes": [
						{
							"origin": [-3.47443, 18.50359, -1.87597],
							"size": [6.61443, 3.14144, 3.94644],
							"inflate": 0.003,
							"pivot": [1.56474, 19.7943, 0.09725],
							"rotation": [0, 0, 90],
							"uv": {
								"north": {"uv": [47, 33], "uv_size": [7, 3]},
								"east": {"uv": [68, 54], "uv_size": [4, 3]},
								"south": {"uv": [48, 7], "uv_size": [7, 3]},
								"west": {"uv": [68, 57], "uv_size": [4, 3]},
								"up": {"uv": [40, 30], "uv_size": [7, 4]},
								"down": {"uv": [40, 38], "uv_size": [7, -4]}
							}
						},
						{
							"origin": [1.75753, 19.61054, -2.10597],
							"size": [3.16444, 0.84144, 4.40644],
							"inflate": 0.003,
							"pivot": [1.84475, 21.52626, 0.09725],
							"rotation": [0, 0, 45],
							"uv": {
								"north": {"uv": [98, 6], "uv_size": [3, 1]},
								"east": {"uv": [93, 57], "uv_size": [4, 1]},
								"south": {"uv": [98, 8], "uv_size": [3, 1]},
								"west": {"uv": [93, 58], "uv_size": [4, 1]},
								"up": {"uv": [7, 20], "uv_size": [3, 4]},
								"down": {"uv": [36, 74], "uv_size": [3, -4]}
							}
						},
						{
							"origin": [0.15601, 19.98811, -2.22097],
							"size": [0.86443, 0.84143, 4.63644],
							"inflate": 0.003,
							"pivot": [1.84475, 19.41201, 0.09725],
							"rotation": [-180, 0, 180],
							"uv": {
								"north": {"uv": [75, 104], "uv_size": [1, 1]},
								"east": {"uv": [88, 82], "uv_size": [5, 1]},
								"south": {"uv": [104, 75], "uv_size": [1, 1]},
								"west": {"uv": [89, 12], "uv_size": [5, 1]},
								"up": {"uv": [28, 90], "uv_size": [1, 5]},
								"down": {"uv": [90, 41], "uv_size": [1, -5]}
							}
						},
						{
							"origin": [2.66905, 17.99448, -2.22097],
							"size": [0.86443, 0.84144, 4.63644],
							"inflate": 0.003,
							"pivot": [1.84475, 19.41201, 0.09725],
							"rotation": [-180, 0, 180],
							"uv": {
								"north": {"uv": [74, 104], "uv_size": [1, 1]},
								"east": {"uv": [88, 57], "uv_size": [5, 1]},
								"south": {"uv": [104, 74], "uv_size": [1, 1]},
								"west": {"uv": [88, 58], "uv_size": [5, 1]},
								"up": {"uv": [90, 22], "uv_size": [1, 5]},
								"down": {"uv": [90, 32], "uv_size": [1, -5]}
							}
						},
						{
							"origin": [0.26253, 18.9913, -2.22097],
							"size": [3.16443, 0.84143, 4.63644],
							"inflate": 0.003,
							"pivot": [1.84475, 19.41201, 0.09725],
							"rotation": [180, 0, 135],
							"uv": {
								"north": {"uv": [98, 9], "uv_size": [3, 1]},
								"east": {"uv": [84, 79], "uv_size": [5, 1]},
								"south": {"uv": [12, 98], "uv_size": [3, 1]},
								"west": {"uv": [86, 66], "uv_size": [5, 1]},
								"up": {"uv": [65, 42], "uv_size": [3, 5]},
								"down": {"uv": [49, 70], "uv_size": [3, -5]}
							}
						},
						{
							"origin": [1.41253, 18.9913, -2.45097],
							"size": [0.86443, 0.84144, 4.86643],
							"inflate": 0.003,
							"pivot": [1.84475, 19.41201, 0.03975],
							"rotation": [-180, 0, 90],
							"uv": {
								"north": {"uv": [76, 104], "uv_size": [1, 1]},
								"east": {"uv": [89, 41], "uv_size": [5, 1]},
								"south": {"uv": [104, 76], "uv_size": [1, 1]},
								"west": {"uv": [89, 56], "uv_size": [5, 1]},
								"up": {"uv": [42, 90], "uv_size": [1, 5]},
								"down": {"uv": [90, 47], "uv_size": [1, -5]}
							}
						},
						{
							"origin": [2.66905, 17.99448, -2.10597],
							"size": [0.86443, 0.84144, 4.40644],
							"inflate": 0.003,
							"uv": {
								"north": {"uv": [72, 104], "uv_size": [1, 1]},
								"east": {"uv": [93, 82], "uv_size": [4, 1]},
								"south": {"uv": [104, 72], "uv_size": [1, 1]},
								"west": {"uv": [93, 84], "uv_size": [4, 1]},
								"up": {"uv": [55, 93], "uv_size": [1, 4]},
								"down": {"uv": [69, 97], "uv_size": [1, -4]}
							}
						},
						{
							"origin": [0.15601, 19.98811, -2.10597],
							"size": [0.86443, 0.84143, 4.40644],
							"inflate": 0.003,
							"uv": {
								"north": {"uv": [73, 104], "uv_size": [1, 1]},
								"east": {"uv": [93, 85], "uv_size": [4, 1]},
								"south": {"uv": [104, 73], "uv_size": [1, 1]},
								"west": {"uv": [93, 86], "uv_size": [4, 1]},
								"up": {"uv": [75, 93], "uv_size": [1, 4]},
								"down": {"uv": [76, 97], "uv_size": [1, -4]}
							}
						},
						{
							"origin": [1.67086, 20.67367, -1.83946],
							"size": [1.265, 1.4375, 3.91],
							"pivot": [-0.38847, 21.61742, 0.11554],
							"rotation": [0, 0, -75],
							"uv": {
								"north": {"uv": [70, 104], "uv_size": [1, 1]},
								"east": {"uv": [93, 34], "uv_size": [4, 1]},
								"south": {"uv": [104, 70], "uv_size": [1, 1]},
								"west": {"uv": [93, 35], "uv_size": [4, 1]},
								"up": {"uv": [93, 42], "uv_size": [1, 4]},
								"down": {"uv": [54, 97], "uv_size": [1, -4]}
							}
						},
						{
							"origin": [-0.63064, 20.67217, -1.84096],
							"size": [2.303, 1.4405, 3.913],
							"inflate": 0.01,
							"pivot": [-0.38847, 21.61742, 0.11554],
							"rotation": [0, 0, -75],
							"uv": {
								"north": {"uv": [71, 101], "uv_size": [2, 1]},
								"east": {"uv": [93, 10], "uv_size": [4, 1]},
								"south": {"uv": [101, 72], "uv_size": [2, 1]},
								"west": {"uv": [93, 11], "uv_size": [4, 1]},
								"up": {"uv": [6, 81], "uv_size": [2, 4]},
								"down": {"uv": [81, 21], "uv_size": [2, -4]}
							}
						},
						{
							"origin": [1.00214, 24.19723, -1.83946],
							"size": [1.15, 2.3, 3.91],
							"pivot": [4.82478, 22.1514, -0.20071],
							"rotation": [0, 0, -55],
							"uv": {
								"north": {"uv": [70, 101], "uv_size": [1, 2]},
								"east": {"uv": [14, 81], "uv_size": [4, 2]},
								"south": {"uv": [101, 70], "uv_size": [1, 2]},
								"west": {"uv": [81, 15], "uv_size": [4, 2]},
								"up": {"uv": [27, 93], "uv_size": [1, 4]},
								"down": {"uv": [93, 31], "uv_size": [1, -4]}
							}
						},
						{
							"origin": [0.3011, 20.74979, -3.09477],
							"size": [3.07625, 1.15, 2.3],
							"pivot": [1.84538, 21.02223, -1.83821],
							"rotation": [-35, 0, 0],
							"uv": {
								"north": {"uv": [97, 92], "uv_size": [3, 1]},
								"east": {"uv": [101, 68], "uv_size": [2, 1]},
								"south": {"uv": [97, 93], "uv_size": [3, 1]},
								"west": {"uv": [101, 69], "uv_size": [2, 1]},
								"up": {"uv": [87, 17], "uv_size": [3, 2]},
								"down": {"uv": [87, 21], "uv_size": [3, -2]}
							}
						},
						{
							"origin": [0.27235, 23.69294, 1.77496],
							"size": [3.105, 1.265, 1.4375],
							"pivot": [2.39163, 21.61742, 2.75189],
							"rotation": [15, 0, 0],
							"uv": {
								"north": {"uv": [97, 87], "uv_size": [3, 1]},
								"east": {"uv": [69, 104], "uv_size": [1, 1]},
								"south": {"uv": [97, 89], "uv_size": [3, 1]},
								"west": {"uv": [104, 69], "uv_size": [1, 1]},
								"up": {"uv": [97, 90], "uv_size": [3, 1]},
								"down": {"uv": [97, 92], "uv_size": [3, -1]}
							}
						},
						{
							"origin": [1.62674, 21.63839, -1.83946],
							"size": [1.15, 2.3, 3.91],
							"pivot": [1.34795, 21.01521, 0.08679],
							"rotation": [0, 0, 55],
							"uv": {
								"north": {"uv": [67, 101], "uv_size": [1, 2]},
								"east": {"uv": [10, 81], "uv_size": [4, 2]},
								"south": {"uv": [68, 101], "uv_size": [1, 2]},
								"west": {"uv": [81, 10], "uv_size": [4, 2]},
								"up": {"uv": [93, 19], "uv_size": [1, 4]},
								"down": {"uv": [93, 27], "uv_size": [1, -4]}
							}
						},
						{
							"origin": [0.27235, 21.14849, 0.92789],
							"size": [3.105, 1.15, 2.3],
							"pivot": [2.42038, 21.37693, 2.65257],
							"rotation": [35, 0, 0],
							"uv": {
								"north": {"uv": [97, 85], "uv_size": [3, 1]},
								"east": {"uv": [63, 101], "uv_size": [2, 1]},
								"south": {"uv": [97, 86], "uv_size": [3, 1]},
								"west": {"uv": [65, 101], "uv_size": [2, 1]},
								"up": {"uv": [10, 87], "uv_size": [3, 2]},
								"down": {"uv": [13, 89], "uv_size": [3, -2]}
							}
						},
						{
							"origin": [0.27085, 21.39144, 1.77346],
							"size": [3.108, 2.303, 1.4405],
							"inflate": 0.01,
							"pivot": [2.39163, 21.61742, 2.75189],
							"rotation": [15, 0, 0],
							"uv": {
								"north": {"uv": [5, 87], "uv_size": [3, 2]},
								"east": {"uv": [62, 101], "uv_size": [1, 2]},
								"south": {"uv": [87, 6], "uv_size": [3, 2]},
								"west": {"uv": [101, 62], "uv_size": [1, 2]},
								"up": {"uv": [97, 83], "uv_size": [3, 1]},
								"down": {"uv": [97, 85], "uv_size": [3, -1]}
							}
						},
						{
							"origin": [5.34498, 21.64474, -1.83946],
							"size": [1.265, 1.4375, 3.91],
							"pivot": [3.85078, 22.16514, 0.11554],
							"rotation": [0, 0, -105],
							"uv": {
								"north": {"uv": [68, 104], "uv_size": [1, 1]},
								"east": {"uv": [93, 6], "uv_size": [4, 1]},
								"south": {"uv": [104, 68], "uv_size": [1, 1]},
								"west": {"uv": [93, 7], "uv_size": [4, 1]},
								"up": {"uv": [8, 93], "uv_size": [1, 4]},
								"down": {"uv": [93, 19], "uv_size": [1, -4]}
							}
						},
						{
							"origin": [3.04348, 21.64324, -1.84096],
							"size": [2.303, 1.4405, 3.913],
							"inflate": 0.01,
							"pivot": [3.85078, 22.16514, 0.11554],
							"rotation": [0, 0, -105],
							"uv": {
								"north": {"uv": [101, 54], "uv_size": [2, 1]},
								"east": {"uv": [93, 4], "uv_size": [4, 1]},
								"south": {"uv": [101, 61], "uv_size": [2, 1]},
								"west": {"uv": [93, 5], "uv_size": [4, 1]},
								"up": {"uv": [2, 81], "uv_size": [2, 4]},
								"down": {"uv": [4, 85], "uv_size": [2, -4]}
							}
						},
						{
							"origin": [0.27235, 23.69294, -2.98138],
							"size": [3.105, 1.265, 1.4375],
							"pivot": [1.81663, 21.61742, -2.52081],
							"rotation": [-15, 0, 0],
							"uv": {
								"north": {"uv": [95, 97], "uv_size": [3, 1]},
								"east": {"uv": [71, 104], "uv_size": [1, 1]},
								"south": {"uv": [98, 4], "uv_size": [3, 1]},
								"west": {"uv": [104, 71], "uv_size": [1, 1]},
								"up": {"uv": [5, 98], "uv_size": [3, 1]},
								"down": {"uv": [98, 6], "uv_size": [3, -1]}
							}
						},
						{
							"origin": [0.27085, 21.39144, -2.98288],
							"size": [3.108, 2.303, 1.4405],
							"inflate": 0.01,
							"pivot": [1.81663, 21.61742, -2.52081],
							"rotation": [-15, 0, 0],
							"uv": {
								"north": {"uv": [86, 75], "uv_size": [3, 2]},
								"east": {"uv": [60, 101], "uv_size": [1, 2]},
								"south": {"uv": [86, 77], "uv_size": [3, 2]},
								"west": {"uv": [61, 101], "uv_size": [1, 2]},
								"up": {"uv": [97, 81], "uv_size": [3, 1]},
								"down": {"uv": [97, 83], "uv_size": [3, -1]}
							}
						}
					]
				},
				{
					"name": "bone19",
					"parent": "LeftForeArm",
					"pivot": [1.62364, 21.39773, 0.06129],
					"rotation": [0, 0, 90]
				},
				{
					"name": "LeftHand",
					"parent": "LeftForeArm",
					"pivot": [1.69531, 18.21016, 0.06129],
					"cubes": [
						{
							"origin": [-15.61944, 69.12844, -1.475],
							"size": [2.645, 2.9395, 3.1445],
							"pivot": [-33.07644, 35.677, 0.2295],
							"rotation": [0, 0, 90],
							"uv": {
								"north": {"uv": [14, 24], "uv_size": [3, 3]},
								"east": {"uv": [6, 75], "uv_size": [3, 3]},
								"south": {"uv": [75, 10], "uv_size": [3, 3]},
								"west": {"uv": [75, 18], "uv_size": [3, 3]},
								"up": {"uv": [75, 33], "uv_size": [3, 3]},
								"down": {"uv": [75, 39], "uv_size": [3, -3]}
							}
						}
					]
				},
				{
					"name": "LeftHandLocator",
					"parent": "LeftHand",
					"pivot": [1.45125, 17.25445, 0.02822]
				},
				{
					"name": "bone18",
					"parent": "LeftHand",
					"pivot": [1.69531, 17.73076, 0.06129],
					"rotation": [0, 0, 90]
				},
				{
					"name": "RightArm",
					"pivot": [-3.44975, 31.5312, 0.16129],
					"cubes": [
						{
							"origin": [22.23194, 69.02844, -1.875],
							"size": [4.935, 3.1395, 3.9445],
							"pivot": [33.07644, 35.677, 0.2295],
							"rotation": [0, 0, -90],
							"uv": {
								"north": {"uv": [65, 31], "uv_size": [5, 3]},
								"east": {"uv": [2, 71], "uv_size": [4, 3]},
								"south": {"uv": [65, 51], "uv_size": [5, 3]},
								"west": {"uv": [21, 71], "uv_size": [4, 3]},
								"up": {"uv": [50, 51], "uv_size": [5, 4]},
								"down": {"uv": [5, 56], "uv_size": [5, -4]}
							}
						},
						{
							"origin": [-5.93725, 26.10525, -1.325],
							"size": [4.485, 1.6395, 2.8445],
							"pivot": [-3.59475, 26.925, 0.09725],
							"rotation": [0, 0, -85],
							"uv": {
								"north": {"uv": [82, 36], "uv_size": [4, 2]},
								"east": {"uv": [87, 84], "uv_size": [3, 2]},
								"south": {"uv": [66, 82], "uv_size": [4, 2]},
								"west": {"uv": [87, 86], "uv_size": [3, 2]},
								"up": {"uv": [72, 2], "uv_size": [4, 3]},
								"down": {"uv": [72, 8], "uv_size": [4, -3]}
							}
						},
						{
							"origin": [-4.75063, 25.36876, -1.45278],
							"size": [0.7065, 0.6718, 3.10005],
							"pivot": [-3.75863, 26.18154, 0.09725],
							"rotation": [0, 0, -40],
							"uv": {
								"north": {"uv": [105, 83], "uv_size": [1, 1]},
								"east": {"uv": [83, 98], "uv_size": [3, 1]},
								"south": {"uv": [84, 105], "uv_size": [1, 1]},
								"west": {"uv": [86, 98], "uv_size": [3, 1]},
								"up": {"uv": [90, 98], "uv_size": [1, 3]},
								"down": {"uv": [91, 101], "uv_size": [1, -3]}
							}
						},
						{
							"origin": [-4.00063, 26.11876, -1.45278],
							"size": [0.7065, 0.6718, 3.10005],
							"pivot": [-3.75863, 26.18154, 0.09725],
							"rotation": [0, 0, -40],
							"uv": {
								"north": {"uv": [105, 84], "uv_size": [1, 1]},
								"east": {"uv": [98, 88], "uv_size": [3, 1]},
								"south": {"uv": [85, 105], "uv_size": [1, 1]},
								"west": {"uv": [93, 98], "uv_size": [3, 1]},
								"up": {"uv": [96, 98], "uv_size": [1, 3]},
								"down": {"uv": [97, 101], "uv_size": [1, -3]}
							}
						},
						{
							"origin": [-3.25063, 26.86876, -1.45278],
							"size": [0.7065, 0.6718, 3.10005],
							"pivot": [-3.75863, 26.18154, 0.09725],
							"rotation": [0, 0, -40],
							"uv": {
								"north": {"uv": [105, 85], "uv_size": [1, 1]},
								"east": {"uv": [98, 97], "uv_size": [3, 1]},
								"south": {"uv": [86, 105], "uv_size": [1, 1]},
								"west": {"uv": [98, 98], "uv_size": [3, 1]},
								"up": {"uv": [1, 99], "uv_size": [1, 3]},
								"down": {"uv": [2, 102], "uv_size": [1, -3]}
							}
						},
						{
							"origin": [-3.38725, 26.60525, -0.825],
							"size": [1.685, 1.152, 1.8445],
							"pivot": [-3.59475, 26.925, 0.09725],
							"rotation": [0, 0, -85],
							"uv": {
								"north": {"uv": [101, 88], "uv_size": [2, 1]},
								"east": {"uv": [101, 89], "uv_size": [2, 1]},
								"south": {"uv": [90, 101], "uv_size": [2, 1]},
								"west": {"uv": [101, 90], "uv_size": [2, 1]},
								"up": {"uv": [94, 28], "uv_size": [2, 2]},
								"down": {"uv": [29, 96], "uv_size": [2, -2]}
							}
						},
						{
							"origin": [-2.78725, 26.58025, -1.225],
							"size": [0.485, 1.202, 2.6445],
							"pivot": [-3.59475, 26.925, 0.09725],
							"rotation": [0, 0, -85],
							"uv": {
								"north": {"uv": [88, 104], "uv_size": [1, 1]},
								"east": {"uv": [98, 32], "uv_size": [3, 1]},
								"south": {"uv": [104, 88], "uv_size": [1, 1]},
								"west": {"uv": [98, 33], "uv_size": [3, 1]},
								"up": {"uv": [76, 97], "uv_size": [1, 3]},
								"down": {"uv": [89, 100], "uv_size": [1, -3]}
							}
						},
						{
							"origin": [-3.66225, 24.55525, -0.825],
							"size": [1.685, 1.152, 1.8445],
							"pivot": [-3.76975, 24.875, 0.09725],
							"rotation": [0, 0, -85],
							"uv": {
								"north": {"uv": [101, 91], "uv_size": [2, 1]},
								"east": {"uv": [101, 92], "uv_size": [2, 1]},
								"south": {"uv": [101, 94], "uv_size": [2, 1]},
								"west": {"uv": [95, 101], "uv_size": [2, 1]},
								"up": {"uv": [31, 94], "uv_size": [2, 2]},
								"down": {"uv": [33, 96], "uv_size": [2, -2]}
							}
						},
						{
							"origin": [-4.54723, 25.08022, -0.475],
							"size": [1.185, 1.152, 1.2445],
							"pivot": [-3.95473, 25.65622, 0.09725],
							"rotation": [0, -45, -87.5],
							"uv": {
								"north": {"uv": [89, 104], "uv_size": [1, 1]},
								"east": {"uv": [104, 89], "uv_size": [1, 1]},
								"south": {"uv": [90, 104], "uv_size": [1, 1]},
								"west": {"uv": [104, 90], "uv_size": [1, 1]},
								"up": {"uv": [91, 104], "uv_size": [1, 1]},
								"down": {"uv": [104, 92], "uv_size": [1, -1]}
							}
						},
						{
							"origin": [-0.04658, 27.64464, -1.875],
							"size": [1.80074, 2.57173, 3.9445],
							"inflate": 0.005,
							"pivot": [-0.71333, 28.64661, 0.09725],
							"rotation": [0, 0, -125],
							"uv": {
								"north": {"uv": [87, 27], "uv_size": [2, 3]},
								"east": {"uv": [71, 34], "uv_size": [4, 3]},
								"south": {"uv": [87, 39], "uv_size": [2, 3]},
								"west": {"uv": [71, 37], "uv_size": [4, 3]},
								"up": {"uv": [81, 45], "uv_size": [2, 4]},
								"down": {"uv": [81, 53], "uv_size": [2, -4]}
							}
						}
					]
				},
				{
					"name": "RightForeArm",
					"parent": "RightArm",
					"pivot": [-4.39719, 27.0177, 0.16129],
					"cubes": [
						{
							"origin": [-3.14, 18.50359, -1.87597],
							"size": [6.61443, 3.14144, 3.94644],
							"inflate": 0.003,
							"pivot": [-1.56474, 19.7943, 0.09725],
							"rotation": [0, 0, -90],
							"uv": {
								"north": {"uv": [48, 17], "uv_size": [7, 3]},
								"east": {"uv": [39, 71], "uv_size": [4, 3]},
								"south": {"uv": [32, 49], "uv_size": [7, 3]},
								"west": {"uv": [45, 71], "uv_size": [4, 3]},
								"up": {"uv": [41, 4], "uv_size": [7, 4]},
								"down": {"uv": [41, 12], "uv_size": [7, -4]}
							}
						},
						{
							"origin": [-4.92197, 19.61054, -2.10597],
							"size": [3.16443, 0.84144, 4.40644],
							"inflate": 0.003,
							"pivot": [-1.84475, 21.52626, 0.09725],
							"rotation": [0, 0, -45],
							"uv": {
								"north": {"uv": [98, 12], "uv_size": [3, 1]},
								"east": {"uv": [93, 87], "uv_size": [4, 1]},
								"south": {"uv": [98, 13], "uv_size": [3, 1]},
								"west": {"uv": [93, 89], "uv_size": [4, 1]},
								"up": {"uv": [49, 70], "uv_size": [3, 4]},
								"down": {"uv": [71, 68], "uv_size": [3, -4]}
							}
						},
						{
							"origin": [-1.02044, 19.98811, -2.22097],
							"size": [0.86443, 0.84144, 4.63644],
							"inflate": 0.003,
							"pivot": [-1.84475, 19.41201, 0.09725],
							"rotation": [-180, 0, -180],
							"uv": {
								"north": {"uv": [77, 104], "uv_size": [1, 1]},
								"east": {"uv": [89, 59], "uv_size": [5, 1]},
								"south": {"uv": [104, 77], "uv_size": [1, 1]},
								"west": {"uv": [89, 64], "uv_size": [5, 1]},
								"up": {"uv": [56, 90], "uv_size": [1, 5]},
								"down": {"uv": [57, 95], "uv_size": [1, -5]}
							}
						},
						{
							"origin": [-3.53349, 17.99448, -2.22097],
							"size": [0.86443, 0.84144, 4.63644],
							"inflate": 0.003,
							"pivot": [-1.84475, 19.41201, 0.09725],
							"rotation": [-180, 0, -180],
							"uv": {
								"north": {"uv": [78, 104], "uv_size": [1, 1]},
								"east": {"uv": [89, 65], "uv_size": [5, 1]},
								"south": {"uv": [104, 78], "uv_size": [1, 1]},
								"west": {"uv": [89, 67], "uv_size": [5, 1]},
								"up": {"uv": [62, 90], "uv_size": [1, 5]},
								"down": {"uv": [63, 95], "uv_size": [1, -5]}
							}
						},
						{
							"origin": [-3.42697, 18.9913, -2.22097],
							"size": [3.16443, 0.84144, 4.63644],
							"inflate": 0.003,
							"pivot": [-1.84475, 19.41201, 0.09725],
							"rotation": [180, 0, -135],
							"uv": {
								"north": {"uv": [98, 14], "uv_size": [3, 1]},
								"east": {"uv": [89, 83], "uv_size": [5, 1]},
								"south": {"uv": [15, 98], "uv_size": [3, 1]},
								"west": {"uv": [90, 9], "uv_size": [5, 1]},
								"up": {"uv": [3, 66], "uv_size": [3, 5]},
								"down": {"uv": [40, 71], "uv_size": [3, -5]}
							}
						},
						{
							"origin": [-2.27697, 18.9913, -2.45097],
							"size": [0.86443, 0.84144, 4.86643],
							"inflate": 0.003,
							"pivot": [-1.84475, 19.41201, 0.03975],
							"rotation": [-180, 0, -90],
							"uv": {
								"north": {"uv": [79, 104], "uv_size": [1, 1]},
								"east": {"uv": [90, 13], "uv_size": [5, 1]},
								"south": {"uv": [104, 79], "uv_size": [1, 1]},
								"west": {"uv": [90, 14], "uv_size": [5, 1]},
								"up": {"uv": [64, 90], "uv_size": [1, 5]},
								"down": {"uv": [65, 95], "uv_size": [1, -5]}
							}
						},
						{
							"origin": [-3.53349, 17.99448, -2.10597],
							"size": [0.86443, 0.84144, 4.40644],
							"inflate": 0.003,
							"uv": {
								"north": {"uv": [80, 104], "uv_size": [1, 1]},
								"east": {"uv": [93, 90], "uv_size": [4, 1]},
								"south": {"uv": [104, 80], "uv_size": [1, 1]},
								"west": {"uv": [93, 91], "uv_size": [4, 1]},
								"up": {"uv": [89, 93], "uv_size": [1, 4]},
								"down": {"uv": [92, 97], "uv_size": [1, -4]}
							}
						},
						{
							"origin": [-1.02044, 19.98811, -2.10597],
							"size": [0.86443, 0.84144, 4.40644],
							"inflate": 0.003,
							"uv": {
								"north": {"uv": [81, 104], "uv_size": [1, 1]},
								"east": {"uv": [93, 92], "uv_size": [4, 1]},
								"south": {"uv": [104, 81], "uv_size": [1, 1]},
								"west": {"uv": [93, 93], "uv_size": [4, 1]},
								"up": {"uv": [5, 94], "uv_size": [1, 4]},
								"down": {"uv": [6, 98], "uv_size": [1, -4]}
							}
						},
						{
							"origin": [-2.93586, 20.67367, -1.83946],
							"size": [1.265, 1.4375, 3.91],
							"pivot": [0.38847, 21.61742, 0.11554],
							"rotation": [0, 0, 75],
							"uv": {
								"north": {"uv": [82, 104], "uv_size": [1, 1]},
								"east": {"uv": [10, 94], "uv_size": [4, 1]},
								"south": {"uv": [104, 82], "uv_size": [1, 1]},
								"west": {"uv": [94, 12], "uv_size": [4, 1]},
								"up": {"uv": [7, 94], "uv_size": [1, 4]},
								"down": {"uv": [14, 98], "uv_size": [1, -4]}
							}
						},
						{
							"origin": [-1.67236, 20.67217, -1.84096],
							"size": [2.303, 1.4405, 3.913],
							"inflate": 0.01,
							"pivot": [0.38847, 21.61742, 0.11554],
							"rotation": [0, 0, 75],
							"uv": {
								"north": {"uv": [73, 101], "uv_size": [2, 1]},
								"east": {"uv": [94, 15], "uv_size": [4, 1]},
								"south": {"uv": [101, 73], "uv_size": [2, 1]},
								"west": {"uv": [94, 16], "uv_size": [4, 1]},
								"up": {"uv": [81, 53], "uv_size": [2, 4]},
								"down": {"uv": [75, 85], "uv_size": [2, -4]}
							}
						},
						{
							"origin": [-2.15214, 24.19723, -1.83946],
							"size": [1.15, 2.3, 3.91],
							"pivot": [-4.82478, 22.1514, -0.20071],
							"rotation": [0, 0, 55],
							"uv": {
								"north": {"uv": [101, 74], "uv_size": [1, 2]},
								"east": {"uv": [81, 34], "uv_size": [4, 2]},
								"south": {"uv": [101, 76], "uv_size": [1, 2]},
								"west": {"uv": [81, 57], "uv_size": [4, 2]},
								"up": {"uv": [15, 94], "uv_size": [1, 4]},
								"down": {"uv": [94, 21], "uv_size": [1, -4]}
							}
						},
						{
							"origin": [-3.37735, 20.74979, -3.09477],
							"size": [3.07625, 1.15, 2.3],
							"pivot": [-1.84538, 21.02223, -1.83821],
							"rotation": [-35, 0, 0],
							"uv": {
								"north": {"uv": [98, 15], "uv_size": [3, 1]},
								"east": {"uv": [77, 101], "uv_size": [2, 1]},
								"south": {"uv": [98, 16], "uv_size": [3, 1]},
								"west": {"uv": [101, 78], "uv_size": [2, 1]},
								"up": {"uv": [87, 30], "uv_size": [3, 2]},
								"down": {"uv": [87, 44], "uv_size": [3, -2]}
							}
						},
						{
							"origin": [-3.37735, 23.69294, 1.77496],
							"size": [3.105, 1.265, 1.4375],
							"pivot": [-2.39163, 21.61742, 2.75189],
							"rotation": [15, 0, 0],
							"uv": {
								"north": {"uv": [98, 17], "uv_size": [3, 1]},
								"east": {"uv": [83, 104], "uv_size": [1, 1]},
								"south": {"uv": [98, 18], "uv_size": [3, 1]},
								"west": {"uv": [104, 83], "uv_size": [1, 1]},
								"up": {"uv": [98, 19], "uv_size": [3, 1]},
								"down": {"uv": [98, 21], "uv_size": [3, -1]}
							}
						},
						{
							"origin": [-2.77674, 21.63839, -1.83946],
							"size": [1.15, 2.3, 3.91],
							"pivot": [-1.34795, 21.01521, 0.08679],
							"rotation": [0, 0, -55],
							"uv": {
								"north": {"uv": [79, 101], "uv_size": [1, 2]},
								"east": {"uv": [77, 81], "uv_size": [4, 2]},
								"south": {"uv": [101, 79], "uv_size": [1, 2]},
								"west": {"uv": [81, 81], "uv_size": [4, 2]},
								"up": {"uv": [18, 94], "uv_size": [1, 4]},
								"down": {"uv": [19, 98], "uv_size": [1, -4]}
							}
						},
						{
							"origin": [-3.37735, 21.14849, 0.92789],
							"size": [3.105, 1.15, 2.3],
							"pivot": [-2.42038, 21.37693, 2.65257],
							"rotation": [35, 0, 0],
							"uv": {
								"north": {"uv": [98, 21], "uv_size": [3, 1]},
								"east": {"uv": [80, 101], "uv_size": [2, 1]},
								"south": {"uv": [98, 22], "uv_size": [3, 1]},
								"west": {"uv": [101, 81], "uv_size": [2, 1]},
								"up": {"uv": [87, 44], "uv_size": [3, 2]},
								"down": {"uv": [87, 48], "uv_size": [3, -2]}
							}
						},
						{
							"origin": [-3.37885, 21.39144, 1.77346],
							"size": [3.108, 2.303, 1.4405],
							"inflate": 0.01,
							"pivot": [-2.39163, 21.61742, 2.75189],
							"rotation": [15, 0, 0],
							"uv": {
								"north": {"uv": [87, 48], "uv_size": [3, 2]},
								"east": {"uv": [82, 101], "uv_size": [1, 2]},
								"south": {"uv": [66, 87], "uv_size": [3, 2]},
								"west": {"uv": [83, 101], "uv_size": [1, 2]},
								"up": {"uv": [23, 98], "uv_size": [3, 1]},
								"down": {"uv": [98, 24], "uv_size": [3, -1]}
							}
						},
						{
							"origin": [-6.60998, 21.64474, -1.83946],
							"size": [1.265, 1.4375, 3.91],
							"pivot": [-3.85078, 22.16514, 0.11554],
							"rotation": [0, 0, 105],
							"uv": {
								"north": {"uv": [84, 104], "uv_size": [1, 1]},
								"east": {"uv": [20, 94], "uv_size": [4, 1]},
								"south": {"uv": [104, 84], "uv_size": [1, 1]},
								"west": {"uv": [94, 21], "uv_size": [4, 1]},
								"up": {"uv": [94, 22], "uv_size": [1, 4]},
								"down": {"uv": [24, 98], "uv_size": [1, -4]}
							}
						},
						{
							"origin": [-5.34648, 21.64324, -1.84096],
							"size": [2.303, 1.4405, 3.913],
							"inflate": 0.01,
							"pivot": [-3.85078, 22.16514, 0.11554],
							"rotation": [0, 0, 105],
							"uv": {
								"north": {"uv": [101, 84], "uv_size": [2, 1]},
								"east": {"uv": [94, 26], "uv_size": [4, 1]},
								"south": {"uv": [101, 85], "uv_size": [2, 1]},
								"west": {"uv": [94, 27], "uv_size": [4, 1]},
								"up": {"uv": [19, 82], "uv_size": [2, 4]},
								"down": {"uv": [82, 28], "uv_size": [2, -4]}
							}
						},
						{
							"origin": [-3.37735, 23.69294, -2.98138],
							"size": [3.105, 1.265, 1.4375],
							"pivot": [-1.81663, 21.61742, -2.52081],
							"rotation": [-15, 0, 0],
							"uv": {
								"north": {"uv": [98, 24], "uv_size": [3, 1]},
								"east": {"uv": [85, 104], "uv_size": [1, 1]},
								"south": {"uv": [98, 25], "uv_size": [3, 1]},
								"west": {"uv": [104, 85], "uv_size": [1, 1]},
								"up": {"uv": [98, 26], "uv_size": [3, 1]},
								"down": {"uv": [98, 28], "uv_size": [3, -1]}
							}
						},
						{
							"origin": [-3.37885, 21.39144, -2.98288],
							"size": [3.108, 2.303, 1.4405],
							"inflate": 0.01,
							"pivot": [-1.81663, 21.61742, -2.52081],
							"rotation": [-15, 0, 0],
							"uv": {
								"north": {"uv": [87, 68], "uv_size": [3, 2]},
								"east": {"uv": [84, 101], "uv_size": [1, 2]},
								"south": {"uv": [87, 70], "uv_size": [3, 2]},
								"west": {"uv": [86, 101], "uv_size": [1, 2]},
								"up": {"uv": [98, 30], "uv_size": [3, 1]},
								"down": {"uv": [98, 32], "uv_size": [3, -1]}
							}
						}
					]
				},
				{
					"name": "bone10",
					"parent": "RightForeArm",
					"pivot": [-4.07364, 23.62273, 0.16129],
					"rotation": [0, 0, -90]
				},
				{
					"name": "RightHand",
					"parent": "RightForeArm",
					"pivot": [-4.14531, 20.43516, 0.16129],
					"cubes": [
						{
							"origin": [12.97444, 69.12844, -1.475],
							"size": [2.645, 2.9395, 3.1445],
							"pivot": [33.07644, 35.677, 0.2295],
							"rotation": [0, 0, -90],
							"uv": {
								"north": {"uv": [77, 25], "uv_size": [3, 3]},
								"east": {"uv": [6, 78], "uv_size": [3, 3]},
								"south": {"uv": [78, 10], "uv_size": [3, 3]},
								"west": {"uv": [78, 16], "uv_size": [3, 3]},
								"up": {"uv": [78, 19], "uv_size": [3, 3]},
								"down": {"uv": [78, 34], "uv_size": [3, -3]}
							}
						}
					]
				},
				{
					"name": "RightHandLocator",
					"parent": "RightHand",
					"pivot": [-3.90125, 19.47945, 0.12822]
				},
				{
					"name": "bone11",
					"parent": "RightHand",
					"pivot": [-4.14531, 19.95576, 0.16129],
					"rotation": [0, 0, -90]
				}
			]
		}
	]
}